INSERT INTO kltn.roles (is_deleted, dt_created, dt_deleted, dt_modified, create_by, deleted_by, description, id, modified_by, name) VALUES (false, '2025-05-08 04:52:50.000000', null, null, null, null, 'Quản trị hệ thống', 'f7b59d23-0874-11f0-91a0-0242ac120002', null, 'admin');
INSERT INTO kltn.roles (is_deleted, dt_created, dt_deleted, dt_modified, create_by, deleted_by, description, id, modified_by, name) VALUES (false, '2025-05-08 04:52:50.000000', null, null, null, null, 'Giáo viên hướng dẫn', 'f7b5f76b-0874-11f0-91a0-0242ac120002', null, 'teacher');
INSERT INTO kltn.roles (is_deleted, dt_created, dt_deleted, dt_modified, create_by, deleted_by, description, id, modified_by, name) VALUES (false, '2025-05-08 04:52:50.000000', null, null, null, null, 'Trưởng nhóm', 'f7b5f8f8-0874-11f0-91a0-0242ac120002', null, 'leader');
INSERT INTO kltn.roles (is_deleted, dt_created, dt_deleted, dt_modified, create_by, deleted_by, description, id, modified_by, name) VALUES (false, '2025-05-08 04:52:50.000000', null, null, null, null, 'Sinh viên', 'f7b5f96a-0874-11f0-91a0-0242ac120002', null, 'student');

INSERT INTO kltn.permissions (id, name) VALUES ('e79e184d-0874-11f0-91a0-0242ac120002', 'manage_roles');
INSERT INTO kltn.permissions (id, name) VALUES ('e79e70d0-0874-11f0-91a0-0242ac120002', 'create_account');
INSERT INTO kltn.permissions (id, name) VALUES ('e79e7242-0874-11f0-91a0-0242ac120002', 'update_account');
INSERT INTO kltn.permissions (id, name) VALUES ('e79e72a7-0874-11f0-91a0-0242ac120002', 'deactivate_account');
INSERT INTO kltn.permissions (id, name) VALUES ('e79e72d7-0874-11f0-91a0-0242ac120002', 'delete_account');
INSERT INTO kltn.permissions (id, name) VALUES ('e79e72ff-0874-11f0-91a0-0242ac120002', 'assign_role');
INSERT INTO kltn.permissions (id, name) VALUES ('e79e7327-0874-11f0-91a0-0242ac120002', 'remove_role');
INSERT INTO kltn.permissions (id, name) VALUES ('e79e734c-0874-11f0-91a0-0242ac120002', 'create_workspace');
INSERT INTO kltn.permissions (id, name) VALUES ('e79e7378-0874-11f0-91a0-0242ac120002', 'update_workspace');
INSERT INTO kltn.permissions (id, name) VALUES ('e79e739e-0874-11f0-91a0-0242ac120002', 'deactivate_workspace');
INSERT INTO kltn.permissions (id, name) VALUES ('e79e73c1-0874-11f0-91a0-0242ac120002', 'delete_workspace');
INSERT INTO kltn.permissions (id, name) VALUES ('e79e73e3-0874-11f0-91a0-0242ac120002', 'manage_workspace_members');
INSERT INTO kltn.permissions (id, name) VALUES ('e79e7408-0874-11f0-91a0-0242ac120002', 'create_project');
INSERT INTO kltn.permissions (id, name) VALUES ('e79e742d-0874-11f0-91a0-0242ac120002', 'update_project');
INSERT INTO kltn.permissions (id, name) VALUES ('e79e7bea-0874-11f0-91a0-0242ac120002', 'delete_project');
INSERT INTO kltn.permissions (id, name) VALUES ('e79e7c2a-0874-11f0-91a0-0242ac120002', 'archive_project');
INSERT INTO kltn.permissions (id, name) VALUES ('e79e7c52-0874-11f0-91a0-0242ac120002', 'assign_project_members');
INSERT INTO kltn.permissions (id, name) VALUES ('e79e7c75-0874-11f0-91a0-0242ac120002', 'remove_project_members');
INSERT INTO kltn.permissions (id, name) VALUES ('e79e7c9b-0874-11f0-91a0-0242ac120002', 'create_sprint');
INSERT INTO kltn.permissions (id, name) VALUES ('e79e7cc2-0874-11f0-91a0-0242ac120002', 'update_sprint');
INSERT INTO kltn.permissions (id, name) VALUES ('e79e7ce5-0874-11f0-91a0-0242ac120002', 'delete_sprint');
INSERT INTO kltn.permissions (id, name) VALUES ('e79e7d08-0874-11f0-91a0-0242ac120002', 'start_sprint');
INSERT INTO kltn.permissions (id, name) VALUES ('e79e7d29-0874-11f0-91a0-0242ac120002', 'complete_sprint');
INSERT INTO kltn.permissions (id, name) VALUES ('e79e7d4a-0874-11f0-91a0-0242ac120002', 'sprint_backlog');
INSERT INTO kltn.permissions (id, name) VALUES ('e79e7d6e-0874-11f0-91a0-0242ac120002', 'sprint_retrospect');
INSERT INTO kltn.permissions (id, name) VALUES ('e79e7d93-0874-11f0-91a0-0242ac120002', 'create_task');
INSERT INTO kltn.permissions (id, name) VALUES ('e79e7db5-0874-11f0-91a0-0242ac120002', 'update_task');
INSERT INTO kltn.permissions (id, name) VALUES ('e79e7dd9-0874-11f0-91a0-0242ac120002', 'delete_task');
INSERT INTO kltn.permissions (id, name) VALUES ('e79e7df9-0874-11f0-91a0-0242ac120002', 'assign_task');
INSERT INTO kltn.permissions (id, name) VALUES ('e79e7e18-0874-11f0-91a0-0242ac120002', 'change_task_status');
INSERT INTO kltn.permissions (id, name) VALUES ('e79e7e3a-0874-11f0-91a0-0242ac120002', 'estimate_task_effort');
INSERT INTO kltn.permissions (id, name) VALUES ('e79e7e5d-0874-11f0-91a0-0242ac120002', 'view_student_progress');
INSERT INTO kltn.permissions (id, name) VALUES ('e79e7e81-0874-11f0-91a0-0242ac120002', 'evaluate_project');
INSERT INTO kltn.permissions (id, name) VALUES ('e79e7ea4-0874-11f0-91a0-0242ac120002', 'import_sprint_backlog');
INSERT INTO kltn.permissions (id, name) VALUES ('e79e7ec6-0874-11f0-91a0-0242ac120002', 'download_sprint_backlog');
INSERT INTO kltn.permissions (id, name) VALUES ('e79e7ee9-0874-11f0-91a0-0242ac120002', 'audit_logs');
INSERT INTO kltn.permissions (id, name) VALUES ('e79e7f0b-0874-11f0-91a0-0242ac120002', 'view_sprint_report');

INSERT INTO kltn.roles_permissions (permission_id, role_id) VALUES ('e79e184d-0874-11f0-91a0-0242ac120002', 'f7b59d23-0874-11f0-91a0-0242ac120002');
INSERT INTO kltn.roles_permissions (permission_id, role_id) VALUES ('e79e70d0-0874-11f0-91a0-0242ac120002', 'f7b59d23-0874-11f0-91a0-0242ac120002');
INSERT INTO kltn.roles_permissions (permission_id, role_id) VALUES ('e79e7242-0874-11f0-91a0-0242ac120002', 'f7b59d23-0874-11f0-91a0-0242ac120002');
INSERT INTO kltn.roles_permissions (permission_id, role_id) VALUES ('e79e72a7-0874-11f0-91a0-0242ac120002', 'f7b59d23-0874-11f0-91a0-0242ac120002');
INSERT INTO kltn.roles_permissions (permission_id, role_id) VALUES ('e79e72d7-0874-11f0-91a0-0242ac120002', 'f7b59d23-0874-11f0-91a0-0242ac120002');
INSERT INTO kltn.roles_permissions (permission_id, role_id) VALUES ('e79e72ff-0874-11f0-91a0-0242ac120002', 'f7b59d23-0874-11f0-91a0-0242ac120002');
INSERT INTO kltn.roles_permissions (permission_id, role_id) VALUES ('e79e7327-0874-11f0-91a0-0242ac120002', 'f7b59d23-0874-11f0-91a0-0242ac120002');
INSERT INTO kltn.roles_permissions (permission_id, role_id) VALUES ('e79e7378-0874-11f0-91a0-0242ac120002', 'f7b59d23-0874-11f0-91a0-0242ac120002');
INSERT INTO kltn.roles_permissions (permission_id, role_id) VALUES ('e79e7ce5-0874-11f0-91a0-0242ac120002', 'f7b59d23-0874-11f0-91a0-0242ac120002');
INSERT INTO kltn.roles_permissions (permission_id, role_id) VALUES ('e79e7e5d-0874-11f0-91a0-0242ac120002', 'f7b59d23-0874-11f0-91a0-0242ac120002');
INSERT INTO kltn.roles_permissions (permission_id, role_id) VALUES ('e79e7e81-0874-11f0-91a0-0242ac120002', 'f7b59d23-0874-11f0-91a0-0242ac120002');
INSERT INTO kltn.roles_permissions (permission_id, role_id) VALUES ('e79e7ec6-0874-11f0-91a0-0242ac120002', 'f7b59d23-0874-11f0-91a0-0242ac120002');
INSERT INTO kltn.roles_permissions (permission_id, role_id) VALUES ('e79e7ee9-0874-11f0-91a0-0242ac120002', 'f7b59d23-0874-11f0-91a0-0242ac120002');
INSERT INTO kltn.roles_permissions (permission_id, role_id) VALUES ('e79e7f0b-0874-11f0-91a0-0242ac120002', 'f7b59d23-0874-11f0-91a0-0242ac120002');
INSERT INTO kltn.roles_permissions (permission_id, role_id) VALUES ('e79e734c-0874-11f0-91a0-0242ac120002', 'f7b5f76b-0874-11f0-91a0-0242ac120002');
INSERT INTO kltn.roles_permissions (permission_id, role_id) VALUES ('e79e7378-0874-11f0-91a0-0242ac120002', 'f7b5f76b-0874-11f0-91a0-0242ac120002');
INSERT INTO kltn.roles_permissions (permission_id, role_id) VALUES ('e79e739e-0874-11f0-91a0-0242ac120002', 'f7b5f76b-0874-11f0-91a0-0242ac120002');
INSERT INTO kltn.roles_permissions (permission_id, role_id) VALUES ('e79e73e3-0874-11f0-91a0-0242ac120002', 'f7b5f76b-0874-11f0-91a0-0242ac120002');
INSERT INTO kltn.roles_permissions (permission_id, role_id) VALUES ('e79e7c9b-0874-11f0-91a0-0242ac120002', 'f7b5f76b-0874-11f0-91a0-0242ac120002');
INSERT INTO kltn.roles_permissions (permission_id, role_id) VALUES ('e79e7cc2-0874-11f0-91a0-0242ac120002', 'f7b5f76b-0874-11f0-91a0-0242ac120002');
INSERT INTO kltn.roles_permissions (permission_id, role_id) VALUES ('e79e7ce5-0874-11f0-91a0-0242ac120002', 'f7b5f76b-0874-11f0-91a0-0242ac120002');
INSERT INTO kltn.roles_permissions (permission_id, role_id) VALUES ('e79e7d08-0874-11f0-91a0-0242ac120002', 'f7b5f76b-0874-11f0-91a0-0242ac120002');
INSERT INTO kltn.roles_permissions (permission_id, role_id) VALUES ('e79e7e3a-0874-11f0-91a0-0242ac120002', 'f7b5f76b-0874-11f0-91a0-0242ac120002');
INSERT INTO kltn.roles_permissions (permission_id, role_id) VALUES ('e79e7e5d-0874-11f0-91a0-0242ac120002', 'f7b5f76b-0874-11f0-91a0-0242ac120002');
INSERT INTO kltn.roles_permissions (permission_id, role_id) VALUES ('e79e7e81-0874-11f0-91a0-0242ac120002', 'f7b5f76b-0874-11f0-91a0-0242ac120002');
INSERT INTO kltn.roles_permissions (permission_id, role_id) VALUES ('e79e7ec6-0874-11f0-91a0-0242ac120002', 'f7b5f76b-0874-11f0-91a0-0242ac120002');
INSERT INTO kltn.roles_permissions (permission_id, role_id) VALUES ('e79e7f0b-0874-11f0-91a0-0242ac120002', 'f7b5f76b-0874-11f0-91a0-0242ac120002');
INSERT INTO kltn.roles_permissions (permission_id, role_id) VALUES ('e79e742d-0874-11f0-91a0-0242ac120002', 'f7b5f8f8-0874-11f0-91a0-0242ac120002');
INSERT INTO kltn.roles_permissions (permission_id, role_id) VALUES ('e79e7bea-0874-11f0-91a0-0242ac120002', 'f7b5f8f8-0874-11f0-91a0-0242ac120002');
INSERT INTO kltn.roles_permissions (permission_id, role_id) VALUES ('e79e7c52-0874-11f0-91a0-0242ac120002', 'f7b5f8f8-0874-11f0-91a0-0242ac120002');
INSERT INTO kltn.roles_permissions (permission_id, role_id) VALUES ('e79e7c75-0874-11f0-91a0-0242ac120002', 'f7b5f8f8-0874-11f0-91a0-0242ac120002');
INSERT INTO kltn.roles_permissions (permission_id, role_id) VALUES ('e79e7cc2-0874-11f0-91a0-0242ac120002', 'f7b5f8f8-0874-11f0-91a0-0242ac120002');
INSERT INTO kltn.roles_permissions (permission_id, role_id) VALUES ('e79e7d08-0874-11f0-91a0-0242ac120002', 'f7b5f8f8-0874-11f0-91a0-0242ac120002');
INSERT INTO kltn.roles_permissions (permission_id, role_id) VALUES ('e79e7d29-0874-11f0-91a0-0242ac120002', 'f7b5f8f8-0874-11f0-91a0-0242ac120002');
INSERT INTO kltn.roles_permissions (permission_id, role_id) VALUES ('e79e7d4a-0874-11f0-91a0-0242ac120002', 'f7b5f8f8-0874-11f0-91a0-0242ac120002');
INSERT INTO kltn.roles_permissions (permission_id, role_id) VALUES ('e79e7d6e-0874-11f0-91a0-0242ac120002', 'f7b5f8f8-0874-11f0-91a0-0242ac120002');
INSERT INTO kltn.roles_permissions (permission_id, role_id) VALUES ('e79e7d93-0874-11f0-91a0-0242ac120002', 'f7b5f8f8-0874-11f0-91a0-0242ac120002');
INSERT INTO kltn.roles_permissions (permission_id, role_id) VALUES ('e79e7db5-0874-11f0-91a0-0242ac120002', 'f7b5f8f8-0874-11f0-91a0-0242ac120002');
INSERT INTO kltn.roles_permissions (permission_id, role_id) VALUES ('e79e7dd9-0874-11f0-91a0-0242ac120002', 'f7b5f8f8-0874-11f0-91a0-0242ac120002');
INSERT INTO kltn.roles_permissions (permission_id, role_id) VALUES ('e79e7df9-0874-11f0-91a0-0242ac120002', 'f7b5f8f8-0874-11f0-91a0-0242ac120002');
INSERT INTO kltn.roles_permissions (permission_id, role_id) VALUES ('e79e7e18-0874-11f0-91a0-0242ac120002', 'f7b5f8f8-0874-11f0-91a0-0242ac120002');
INSERT INTO kltn.roles_permissions (permission_id, role_id) VALUES ('e79e7ea4-0874-11f0-91a0-0242ac120002', 'f7b5f8f8-0874-11f0-91a0-0242ac120002');
INSERT INTO kltn.roles_permissions (permission_id, role_id) VALUES ('e79e7408-0874-11f0-91a0-0242ac120002', 'f7b5f96a-0874-11f0-91a0-0242ac120002');
INSERT INTO kltn.roles_permissions (permission_id, role_id) VALUES ('e79e7d93-0874-11f0-91a0-0242ac120002', 'f7b5f96a-0874-11f0-91a0-0242ac120002');
INSERT INTO kltn.roles_permissions (permission_id, role_id) VALUES ('e79e7db5-0874-11f0-91a0-0242ac120002', 'f7b5f96a-0874-11f0-91a0-0242ac120002');
INSERT INTO kltn.roles_permissions (permission_id, role_id) VALUES ('e79e7df9-0874-11f0-91a0-0242ac120002', 'f7b5f96a-0874-11f0-91a0-0242ac120002');
INSERT INTO kltn.roles_permissions (permission_id, role_id) VALUES ('e79e7e18-0874-11f0-91a0-0242ac120002', 'f7b5f96a-0874-11f0-91a0-0242ac120002');

INSERT INTO kltn.users (is_deleted, dt_created, dt_deleted, dt_modified, class_name, create_by, deleted_by, email, id, modified_by, name, password, role_id, uni_id, uni_password) VALUES (false, '2025-05-16 17:24:12.065055', null, '2025-05-16 17:24:12.065055', null, 'anonymousUser', null, '21130179@st.hcmuaf.edu.vn', '0efffdb4-b730-4f32-b930-79dddc45554a', 'anonymousUser', 'Đặng Minh Tấn - 1', '$2a$10$DNl5D7ZxuJt9LK.BOUpOM.ncezCBHlAuvnYjA7QM7iD6QZON05/fG', 'f7b5f96a-0874-11f0-91a0-0242ac120002', '21130179', null);
INSERT INTO kltn.users (is_deleted, dt_created, dt_deleted, dt_modified, class_name, create_by, deleted_by, email, id, modified_by, name, password, role_id, uni_id, uni_password) VALUES (false, '2025-05-16 17:24:05.626550', null, '2025-05-16 17:24:05.626550', null, 'anonymousUser', null, '21130177@st.hcmuaf.edu.vn', '17194877-c523-475f-9bf6-e627293e916f', 'anonymousUser', 'Đặng Minh Tấn - 1', '$2a$10$t0/3uSnsZPimOVrlCyaNv.v5AHMkhgeIwrqczDHsl6OZnqjrjy3R2', 'f7b5f96a-0874-11f0-91a0-0242ac120002', '21130177', null);
INSERT INTO kltn.users (is_deleted, dt_created, dt_deleted, dt_modified, class_name, create_by, deleted_by, email, id, modified_by, name, password, role_id, uni_id, uni_password) VALUES (false, '2025-05-16 17:23:55.186752', null, '2025-05-16 17:23:55.186752', null, 'anonymousUser', null, '21130174@st.hcmuaf.edu.vn', '29494edf-a498-48f4-85e1-e33775976468', 'anonymousUser', 'Đặng Minh Tấn - 1', '$2a$10$dBq/sWqIhksiw13wrndq2.ynHXaKMPTvgUqYQxwIZcNqB4TqhrAdO', 'f7b5f96a-0874-11f0-91a0-0242ac120002', '21130174', null);
INSERT INTO kltn.users (is_deleted, dt_created, dt_deleted, dt_modified, class_name, create_by, deleted_by, email, id, modified_by, name, password, role_id, uni_id, uni_password) VALUES (false, '2025-05-16 17:24:08.710758', null, '2025-05-16 17:24:08.710758', null, 'anonymousUser', null, '21130178@st.hcmuaf.edu.vn', '4527de36-9be4-4ba3-994d-f6276f6c67c0', 'anonymousUser', 'Đặng Minh Tấn - 1', '$2a$10$VgI0tSaQkpfENMt8/sHZpuZwqf2eQrICMgR1gs2LR1iS9ujbEm60O', 'f7b5f96a-0874-11f0-91a0-0242ac120002', '21130178', null);
INSERT INTO kltn.users (is_deleted, dt_created, dt_deleted, dt_modified, class_name, create_by, deleted_by, email, id, modified_by, name, password, role_id, uni_id, uni_password) VALUES (false, '2025-05-16 17:24:02.373895', null, '2025-05-16 17:24:02.373895', null, 'anonymousUser', null, '21130176@st.hcmuaf.edu.vn', '56ecb8b8-6a8a-471a-826f-3a827025e524', 'anonymousUser', 'Đặng Minh Tấn - 1', '$2a$10$EM9iJr/mN3l5.6cE2HLd3ep/0bG0qygrF6ohrQt4yDJDLngKmqu7e', 'f7b5f96a-0874-11f0-91a0-0242ac120002', '21130176', null);
INSERT INTO kltn.users (is_deleted, dt_created, dt_deleted, dt_modified, class_name, create_by, deleted_by, email, id, modified_by, name, password, role_id, uni_id, uni_password) VALUES (false, '2025-05-16 17:25:20.208985', null, '2025-05-16 17:25:20.208985', null, 'anonymousUser', null, '21130180@st.hcmuaf.edu.vn', '7cc9eb1e-b051-4fc4-9b5d-0dd423b9b723', 'anonymousUser', 'Đặng Minh Tấn - 10', '$2a$10$b7ZcqZmkOPMzW5MUD3nNXOJLb5rszwtQk7PJWW4hD.xadYzu0EpfK', 'f7b5f96a-0874-11f0-91a0-0242ac120002', '21130180', null);
INSERT INTO kltn.users (is_deleted, dt_created, dt_deleted, dt_modified, class_name, create_by, deleted_by, email, id, modified_by, name, password, role_id, uni_id, uni_password) VALUES (false, '2025-05-16 17:23:52.043537', null, '2025-05-16 17:23:52.043537', null, 'anonymousUser', null, '21130173@st.hcmuaf.edu.vn', '877fd8ab-c4ee-4109-812c-965f17c590f1', 'anonymousUser', 'Đặng Minh Tấn - 1', '$2a$10$o8SfLM1hVYXh6IIUNX3oLuCjNGxun/7.lfB2C2v9TGfPvEjlqggHy', 'f7b5f96a-0874-11f0-91a0-0242ac120002', '21130173', null);
INSERT INTO kltn.users (is_deleted, dt_created, dt_deleted, dt_modified, class_name, create_by, deleted_by, email, id, modified_by, name, password, role_id, uni_id, uni_password) VALUES (false, '2025-05-16 17:25:39.101283', null, '2025-05-16 17:25:39.101283', null, 'anonymousUser', null, '21130183@st.hcmuaf.edu.vn', 'aece6254-3942-4a02-be99-782106eb4a52', 'anonymousUser', 'Đặng Minh Tấn - 13', '$2a$10$I29SwBW0cTVrkbq2jPTuuOLSw2TOiAQJwcOrqnpLqfh1q5.tMR3cO', 'f7b5f96a-0874-11f0-91a0-0242ac120002', '21130183', null);
INSERT INTO kltn.users (is_deleted, dt_created, dt_deleted, dt_modified, class_name, create_by, deleted_by, email, id, modified_by, name, password, role_id, uni_id, uni_password) VALUES (false, '2025-05-16 17:25:33.799171', null, '2025-05-16 17:25:33.799171', null, 'anonymousUser', null, '21130182@st.hcmuaf.edu.vn', 'cf1781cc-fd98-477f-8fb9-da0b45544521', 'anonymousUser', 'Đặng Minh Tấn - 12', '$2a$10$QFxGImjEJ1qh0M7gdzQw1.JerVu2QIaZvJPYkbtmODp.g.1LkK/Wi', 'f7b5f96a-0874-11f0-91a0-0242ac120002', '21130182', null);
INSERT INTO kltn.users (is_deleted, dt_created, dt_deleted, dt_modified, class_name, create_by, deleted_by, email, id, modified_by, name, password, role_id, uni_id, uni_password) VALUES (false, '2025-05-16 17:25:26.366459', null, '2025-05-16 17:25:26.366459', null, 'anonymousUser', null, '21130181@st.hcmuaf.edu.vn', 'd1aca7d1-1754-4931-a600-e6d30953b632', 'anonymousUser', 'Đặng Minh Tấn - 11', '$2a$10$q7DFXqtw8tWh9.OnT6K48.sWUE.z0IJSLDkzeSN26nC2OGJbqhkG6', 'f7b5f96a-0874-11f0-91a0-0242ac120002', '21130181', null);
INSERT INTO kltn.users (is_deleted, dt_created, dt_deleted, dt_modified, class_name, create_by, deleted_by, email, id, modified_by, name, password, role_id, uni_id, uni_password) VALUES (false, '2025-05-16 17:23:58.183961', null, '2025-05-16 17:23:58.183961', null, 'anonymousUser', null, '21130175@st.hcmuaf.edu.vn', 'd22a81b9-1297-4971-a5b1-2ea027e0fa8d', 'anonymousUser', 'Đặng Minh Tấn - 1', '$2a$10$HRjLg5LeyevUyYk0VSCsc.SU5a8Ys9aixhbh55/IEDYY3rNtU2c3a', 'f7b5f96a-0874-11f0-91a0-0242ac120002', '21130175', null);
INSERT INTO kltn.users (is_deleted, dt_created, dt_deleted, dt_modified, class_name, create_by, deleted_by, email, id, modified_by, name, password, role_id, uni_id, uni_password) VALUES (false, '2025-05-16 17:23:46.969456', null, '2025-05-16 17:23:46.969456', null, 'anonymousUser', null, '21130172@st.hcmuaf.edu.vn', 'db2cc895-645a-49ca-a77a-6f53d5d85151', 'anonymousUser', 'Đặng Minh Tấn - 1', '$2a$10$DcozSsadnKwTnklgGnvm0O7ASbtDOSXoQY4bbpj919FlZ/tUVzHmW', 'f7b5f96a-0874-11f0-91a0-0242ac120002', '21130172', null);
INSERT INTO kltn.users (is_deleted, dt_created, dt_deleted, dt_modified, class_name, create_by, deleted_by, email, id, modified_by, name, password, role_id, uni_id, uni_password) VALUES (false, '2025-05-16 17:23:42.614644', null, '2025-05-16 17:23:42.614644', null, 'anonymousUser', null, '21130171@st.hcmuaf.edu.vn', 'f3ee7d4d-d82b-45d8-8c46-6756b1b6ea88', 'anonymousUser', 'Đặng Minh Tấn - 1', '$2a$10$eM9DFOftkDiJ8WK/1iIlwOfwF188DliSt07dimOkE4SFpf1Vc4Yxe', 'f7b5f76b-0874-11f0-91a0-0242ac120002', '21130171', null);

INSERT INTO kltn.workspaces (is_deleted, sprint_num, time_per_sprint, dt_created, dt_deleted, dt_modified, end, start, create_by, deleted_by, description, id, modified_by, name, owner_id) VALUES (false, 10, 7, '2025-05-16 17:30:10.774674', null, '2025-05-16 17:30:10.774674', '2025-05-30 08:15:41.747000', '2025-04-24 08:15:41.747000', '21130171', null, 'student description of workspace-creation-student test-7', '1a0e76ae-eb36-4935-bc04-920172935894', '21130171', 'student workspace-creation-student test-7', 'f3ee7d4d-d82b-45d8-8c46-6756b1b6ea88');
INSERT INTO kltn.workspaces (is_deleted, sprint_num, time_per_sprint, dt_created, dt_deleted, dt_modified, end, start, create_by, deleted_by, description, id, modified_by, name, owner_id) VALUES (false, 10, 7, '2025-05-16 17:29:36.697873', null, '2025-05-16 17:29:36.697873', '2025-05-30 08:15:41.747000', '2025-04-24 08:15:41.747000', '21130171', null, 'student description of workspace-creation-student test-1', '2ce6f32f-2514-4485-9b69-b8aa6b640e6a', '21130171', 'student workspace-creation-student test-1', 'f3ee7d4d-d82b-45d8-8c46-6756b1b6ea88');
INSERT INTO kltn.workspaces (is_deleted, sprint_num, time_per_sprint, dt_created, dt_deleted, dt_modified, end, start, create_by, deleted_by, description, id, modified_by, name, owner_id) VALUES (false, 10, 7, '2025-05-16 17:29:55.962078', null, '2025-05-16 17:29:55.962078', '2025-05-30 08:15:41.747000', '2025-04-24 08:15:41.747000', '21130171', null, 'student description of workspace-creation-student test-4', '39882d2a-c4d8-4e89-8b40-d9d173e7d8a2', '21130171', 'student workspace-creation-student test-4', 'f3ee7d4d-d82b-45d8-8c46-6756b1b6ea88');
INSERT INTO kltn.workspaces (is_deleted, sprint_num, time_per_sprint, dt_created, dt_deleted, dt_modified, end, start, create_by, deleted_by, description, id, modified_by, name, owner_id) VALUES (false, 10, 7, '2025-05-16 17:30:01.219051', null, '2025-05-16 17:30:01.219051', '2025-05-30 08:15:41.747000', '2025-04-24 08:15:41.747000', '21130171', null, 'student description of workspace-creation-student test-5', '4ecb4c75-432e-42db-aa6f-7752072ea0bd', '21130171', 'student workspace-creation-student test-5', 'f3ee7d4d-d82b-45d8-8c46-6756b1b6ea88');
INSERT INTO kltn.workspaces (is_deleted, sprint_num, time_per_sprint, dt_created, dt_deleted, dt_modified, end, start, create_by, deleted_by, description, id, modified_by, name, owner_id) VALUES (false, 10, 7, '2025-05-16 17:30:39.636868', null, '2025-05-16 17:30:39.636868', '2025-05-30 08:15:41.747000', '2025-04-24 08:15:41.747000', '21130171', null, 'student description of workspace-creation-student test-12', '703cabee-deab-43ed-b707-b06986424186', '21130171', 'student workspace-creation-student test-12', 'f3ee7d4d-d82b-45d8-8c46-6756b1b6ea88');
INSERT INTO kltn.workspaces (is_deleted, sprint_num, time_per_sprint, dt_created, dt_deleted, dt_modified, end, start, create_by, deleted_by, description, id, modified_by, name, owner_id) VALUES (false, 10, 7, '2025-05-16 17:29:44.367693', null, '2025-05-16 17:29:44.367693', '2025-05-30 08:15:41.747000', '2025-04-24 08:15:41.747000', '21130171', null, 'student description of workspace-creation-student test-2', '937c9b8a-5338-446f-9dc0-285837cd9eec', '21130171', 'student workspace-creation-student test-2', 'f3ee7d4d-d82b-45d8-8c46-6756b1b6ea88');
INSERT INTO kltn.workspaces (is_deleted, sprint_num, time_per_sprint, dt_created, dt_deleted, dt_modified, end, start, create_by, deleted_by, description, id, modified_by, name, owner_id) VALUES (false, 10, 7, '2025-05-16 17:30:05.871272', null, '2025-05-16 17:30:05.871272', '2025-05-30 08:15:41.747000', '2025-04-24 08:15:41.747000', '21130171', null, 'student description of workspace-creation-student test-6', 'ab88b98c-f0b3-4fc1-b595-545fd6d5b61e', '21130171', 'student workspace-creation-student test-6', 'f3ee7d4d-d82b-45d8-8c46-6756b1b6ea88');
INSERT INTO kltn.workspaces (is_deleted, sprint_num, time_per_sprint, dt_created, dt_deleted, dt_modified, end, start, create_by, deleted_by, description, id, modified_by, name, owner_id) VALUES (false, 10, 7, '2025-05-16 17:30:32.729268', null, '2025-05-16 17:30:32.729268', '2025-05-30 08:15:41.747000', '2025-04-24 08:15:41.747000', '21130171', null, 'student description of workspace-creation-student test-11', 'b1dcaefd-b042-4678-a710-5539f2206c9b', '21130171', 'student workspace-creation-student test-11', 'f3ee7d4d-d82b-45d8-8c46-6756b1b6ea88');
INSERT INTO kltn.workspaces (is_deleted, sprint_num, time_per_sprint, dt_created, dt_deleted, dt_modified, end, start, create_by, deleted_by, description, id, modified_by, name, owner_id) VALUES (false, 10, 7, '2025-05-16 17:29:50.686845', null, '2025-05-16 17:29:50.686845', '2025-05-30 08:15:41.747000', '2025-04-24 08:15:41.747000', '21130171', null, 'student description of workspace-creation-student test-3', 'c49e3d73-2d59-4083-bb29-b5d25f44451b', '21130171', 'student workspace-creation-student test-3', 'f3ee7d4d-d82b-45d8-8c46-6756b1b6ea88');
INSERT INTO kltn.workspaces (is_deleted, sprint_num, time_per_sprint, dt_created, dt_deleted, dt_modified, end, start, create_by, deleted_by, description, id, modified_by, name, owner_id) VALUES (false, 10, 7, '2025-05-16 17:30:27.540825', null, '2025-05-16 17:30:27.540825', '2025-05-30 08:15:41.747000', '2025-04-24 08:15:41.747000', '21130171', null, 'student description of workspace-creation-student test-10', 'd38010c0-4988-42b5-bbf4-b03614764e66', '21130171', 'student workspace-creation-student test-10', 'f3ee7d4d-d82b-45d8-8c46-6756b1b6ea88');
INSERT INTO kltn.workspaces (is_deleted, sprint_num, time_per_sprint, dt_created, dt_deleted, dt_modified, end, start, create_by, deleted_by, description, id, modified_by, name, owner_id) VALUES (false, 10, 7, '2025-05-16 17:30:15.569515', null, '2025-05-16 17:30:15.569515', '2025-05-30 08:15:41.747000', '2025-04-24 08:15:41.747000', '21130171', null, 'student description of workspace-creation-student test-8', 'e4c51c12-d72e-455f-a3c6-5faa7fc71087', '21130171', 'student workspace-creation-student test-8', 'f3ee7d4d-d82b-45d8-8c46-6756b1b6ea88');
INSERT INTO kltn.workspaces (is_deleted, sprint_num, time_per_sprint, dt_created, dt_deleted, dt_modified, end, start, create_by, deleted_by, description, id, modified_by, name, owner_id) VALUES (false, 10, 7, '2025-05-16 17:30:20.676328', null, '2025-05-16 17:30:20.676328', '2025-05-30 08:15:41.747000', '2025-04-24 08:15:41.747000', '21130171', null, 'student description of workspace-creation-student test-9', 'e9ba6ac0-ea98-45ad-a38e-ed99fd6ea47d', '21130171', 'student workspace-creation-student test-9', 'f3ee7d4d-d82b-45d8-8c46-6756b1b6ea88');

INSERT INTO kltn.projects (is_deleted, dt_created, dt_deleted, dt_modified, create_by, deleted_by, description, id, modified_by, name) VALUES (false, '2025-05-19 06:42:24.762096', null, '2025-05-19 06:42:24.762096', '21130173', null, 'Project of student in lab LTW NLU 21130173', '0ddce180-7358-418d-9b9e-e621649236ef', '21130173', 'project-LTW 21130173');
INSERT INTO kltn.projects (is_deleted, dt_created, dt_deleted, dt_modified, create_by, deleted_by, description, id, modified_by, name) VALUES (false, '2025-05-18 19:29:50.840287', null, '2025-05-18 19:29:50.840287', '21130172', null, 'Project of student in lab LTW NLU', '63f2c302-c17f-44d8-a4d6-6faa3a3715f2', '21130172', 'project-LTW');
INSERT INTO kltn.projects (is_deleted, dt_created, dt_deleted, dt_modified, create_by, deleted_by, description, id, modified_by, name) VALUES (false, '2025-05-18 19:34:57.668172', null, '2025-05-18 19:34:57.668172', '21130172', null, 'Project of student in lab LTW NLU', '955af4f8-7c20-4d6d-8e97-4084fc26417c', '21130172', 'project-LTW');

INSERT INTO kltn.workspaces_users_projects (in_project, in_workspace, project_id, role_id, user_id, workspace_id) VALUES (false, true, null, null, '29494edf-a498-48f4-85e1-e33775976468', '2ce6f32f-2514-4485-9b69-b8aa6b640e6a');
INSERT INTO kltn.workspaces_users_projects (in_project, in_workspace, project_id, role_id, user_id, workspace_id) VALUES (false, true, null, null, '29494edf-a498-48f4-85e1-e33775976468', '937c9b8a-5338-446f-9dc0-285837cd9eec');
INSERT INTO kltn.workspaces_users_projects (in_project, in_workspace, project_id, role_id, user_id, workspace_id) VALUES (false, true, null, null, '29494edf-a498-48f4-85e1-e33775976468', 'c49e3d73-2d59-4083-bb29-b5d25f44451b');
INSERT INTO kltn.workspaces_users_projects (in_project, in_workspace, project_id, role_id, user_id, workspace_id) VALUES (false, true, null, null, '56ecb8b8-6a8a-471a-826f-3a827025e524', '937c9b8a-5338-446f-9dc0-285837cd9eec');
INSERT INTO kltn.workspaces_users_projects (in_project, in_workspace, project_id, role_id, user_id, workspace_id) VALUES (false, true, null, null, '56ecb8b8-6a8a-471a-826f-3a827025e524', 'c49e3d73-2d59-4083-bb29-b5d25f44451b');
INSERT INTO kltn.workspaces_users_projects (in_project, in_workspace, project_id, role_id, user_id, workspace_id) VALUES (true, true, '0ddce180-7358-418d-9b9e-e621649236ef', 'f7b5f8f8-0874-11f0-91a0-0242ac120002', '877fd8ab-c4ee-4109-812c-965f17c590f1', '2ce6f32f-2514-4485-9b69-b8aa6b640e6a');
INSERT INTO kltn.workspaces_users_projects (in_project, in_workspace, project_id, role_id, user_id, workspace_id) VALUES (false, true, null, null, '877fd8ab-c4ee-4109-812c-965f17c590f1', '937c9b8a-5338-446f-9dc0-285837cd9eec');
INSERT INTO kltn.workspaces_users_projects (in_project, in_workspace, project_id, role_id, user_id, workspace_id) VALUES (false, true, null, null, '877fd8ab-c4ee-4109-812c-965f17c590f1', 'c49e3d73-2d59-4083-bb29-b5d25f44451b');
INSERT INTO kltn.workspaces_users_projects (in_project, in_workspace, project_id, role_id, user_id, workspace_id) VALUES (false, true, null, null, 'd22a81b9-1297-4971-a5b1-2ea027e0fa8d', '2ce6f32f-2514-4485-9b69-b8aa6b640e6a');
INSERT INTO kltn.workspaces_users_projects (in_project, in_workspace, project_id, role_id, user_id, workspace_id) VALUES (true, true, '955af4f8-7c20-4d6d-8e97-4084fc26417c', 'f7b5f8f8-0874-11f0-91a0-0242ac120002', 'db2cc895-645a-49ca-a77a-6f53d5d85151', '2ce6f32f-2514-4485-9b69-b8aa6b640e6a');
INSERT INTO kltn.workspaces_users_projects (in_project, in_workspace, project_id, role_id, user_id, workspace_id) VALUES (false, true, null, null, 'db2cc895-645a-49ca-a77a-6f53d5d85151', '937c9b8a-5338-446f-9dc0-285837cd9eec');
INSERT INTO kltn.workspaces_users_projects (in_project, in_workspace, project_id, role_id, user_id, workspace_id) VALUES (false, true, null, null, 'db2cc895-645a-49ca-a77a-6f53d5d85151', 'c49e3d73-2d59-4083-bb29-b5d25f44451b');


INSERT INTO kltn.sprints (is_deleted, minium_story_point, position, dt_created, dt_deleted, dt_end, dt_modified, dt_predict, dt_start, create_by, deleted_by, id, modified_by, title, workspace_id) VALUES (false, 0, 0, '2025-05-19 06:34:57.951610', null, '2025-05-30 08:15:41.747000', '2025-05-19 06:34:57.951610', '2025-05-27 08:15:41.747000', '2025-05-24 08:15:41.747000', '21130171', null, '02731672-b887-4d1c-9e1a-e78333348aae', '21130171', 'The furst sprint for project', '2ce6f32f-2514-4485-9b69-b8aa6b640e6a');
INSERT INTO kltn.sprints (is_deleted, minium_story_point, position, dt_created, dt_deleted, dt_end, dt_modified, dt_predict, dt_start, create_by, deleted_by, id, modified_by, title, workspace_id) VALUES (false, 0, 0, '2025-05-19 08:02:47.448079', null, '2025-05-30 08:15:41.747000', '2025-05-19 08:02:47.448079', '2025-05-27 08:15:41.747000', '2025-05-24 08:15:41.747000', '21130171', null, '5768c5fd-c556-4d1d-9c9a-5c3e89fa9876', '21130171', 'The furst sprint for project', '2ce6f32f-2514-4485-9b69-b8aa6b640e6a');
INSERT INTO kltn.sprints (is_deleted, minium_story_point, position, dt_created, dt_deleted, dt_end, dt_modified, dt_predict, dt_start, create_by, deleted_by, id, modified_by, title, workspace_id) VALUES (false, 0, 0, '2025-05-19 08:02:57.226730', null, '2025-05-30 08:15:41.747000', '2025-05-19 08:02:57.226730', '2025-05-27 08:15:41.747000', '2025-05-24 08:15:41.747000', '21130171', null, 'a5c4f770-902b-4c37-af31-81a7593984ec', '21130171', 'The furst sprint for project - 1', '2ce6f32f-2514-4485-9b69-b8aa6b640e6a');
INSERT INTO kltn.sprints (is_deleted, minium_story_point, position, dt_created, dt_deleted, dt_end, dt_modified, dt_predict, dt_start, create_by, deleted_by, id, modified_by, title, workspace_id) VALUES (false, 0, 0, '2025-05-19 06:34:27.817695', null, '2025-05-30 08:15:41.747000', '2025-05-19 06:34:27.817695', '2025-05-27 08:15:41.747000', '2025-05-24 08:15:41.747000', '21130171', null, 'd3d0940c-9b5c-4a70-b75c-e8a622070a7c', '21130171', 'The furst sprint for project', '2ce6f32f-2514-4485-9b69-b8aa6b640e6a');

INSERT INTO kltn.project_sprint (dt_planning, dt_preview, project_id, sprint_id) VALUES (null, null, '0ddce180-7358-418d-9b9e-e621649236ef', '02731672-b887-4d1c-9e1a-e78333348aae');
INSERT INTO kltn.project_sprint (dt_planning, dt_preview, project_id, sprint_id) VALUES (null, null, '0ddce180-7358-418d-9b9e-e621649236ef', '5768c5fd-c556-4d1d-9c9a-5c3e89fa9876');
INSERT INTO kltn.project_sprint (dt_planning, dt_preview, project_id, sprint_id) VALUES (null, null, '0ddce180-7358-418d-9b9e-e621649236ef', 'a5c4f770-902b-4c37-af31-81a7593984ec');
INSERT INTO kltn.project_sprint (dt_planning, dt_preview, project_id, sprint_id) VALUES (null, null, '0ddce180-7358-418d-9b9e-e621649236ef', 'd3d0940c-9b5c-4a70-b75c-e8a622070a7c');
INSERT INTO kltn.project_sprint (dt_planning, dt_preview, project_id, sprint_id) VALUES (null, null, '955af4f8-7c20-4d6d-8e97-4084fc26417c', '02731672-b887-4d1c-9e1a-e78333348aae');
INSERT INTO kltn.project_sprint (dt_planning, dt_preview, project_id, sprint_id) VALUES (null, null, '955af4f8-7c20-4d6d-8e97-4084fc26417c', '5768c5fd-c556-4d1d-9c9a-5c3e89fa9876');
INSERT INTO kltn.project_sprint (dt_planning, dt_preview, project_id, sprint_id) VALUES (null, null, '955af4f8-7c20-4d6d-8e97-4084fc26417c', 'a5c4f770-902b-4c37-af31-81a7593984ec');
INSERT INTO kltn.project_sprint (dt_planning, dt_preview, project_id, sprint_id) VALUES (null, null, '955af4f8-7c20-4d6d-8e97-4084fc26417c', 'd3d0940c-9b5c-4a70-b75c-e8a622070a7c');


INSERT INTO kltn.issues (commplex_of_description, is_deleted, num_changing_of_description, num_changing_of_priority, position, story_point, dt_created, dt_deleted, dt_end, dt_modified, dt_planning, dt_start, create_by, deleted_by, description, id, modified_by, project_id,  sprint_id,  priority, status, tag, name, assignee_id, reviewer_id) VALUES (0, false, 0, 0, 1200, 0, '2025-05-19 08:12:06.997177', null, '2025-05-30 08:15:41.747000', '2025-05-19 08:12:06.997177', null, '2025-05-24 08:15:41.747000',  '21130173', null, 'test issue - 1', '8a93306c-3f22-46bc-9830-f1d8dafa7e90', '21130173', '0ddce180-7358-418d-9b9e-e621649236ef',  '02731672-b887-4d1c-9e1a-e78333348aae',  'CRITICAL', 'BACKLOG', 'THEORY', 'issue - 1', null, null);
INSERT INTO kltn.issues (commplex_of_description, is_deleted, num_changing_of_description, num_changing_of_priority, position, story_point, dt_created, dt_deleted, dt_end, dt_modified, dt_planning, dt_start,  create_by, deleted_by, description, id, modified_by, project_id,  sprint_id, priority, status, tag, name, assignee_id, reviewer_id) VALUES (0, false, 0, 0, 1200, 0, '2025-05-19 08:12:50.014435', null, '2025-05-30 08:15:41.747000', '2025-05-19 08:12:50.014435', null, '2025-05-24 08:15:41.747000',  '21130173', null, 'test issue - 1', 'a5429b61-7449-4f1b-acdd-07287d3bd700', '21130173', '0ddce180-7358-418d-9b9e-e621649236ef',  '02731672-b887-4d1c-9e1a-e78333348aae',  'CRITICAL', 'BACKLOG', 'THEORY', 'issue - 1', null, null);
