-- MySQL dump 10.13  Distrib 8.0.42, for Linux (x86_64)
--
-- Host: 127.0.0.1    Database: kltn
-- ------------------------------------------------------
-- Server version	8.0.42

/*!40101 SET @OLD_CHARACTER_SET_CLIENT=@@CHARACTER_SET_CLIENT */;
/*!40101 SET @OLD_CHARACTER_SET_RESULTS=@@CHARACTER_SET_RESULTS */;
/*!40101 SET @OLD_COLLATION_CONNECTION=@@COLLATION_CONNECTION */;
/*!50503 SET NAMES utf8mb4 */;
/*!40103 SET @OLD_TIME_ZONE=@@TIME_ZONE */;
/*!40103 SET TIME_ZONE='+00:00' */;
/*!40014 SET @OLD_UNIQUE_CHECKS=@@UNIQUE_CHECKS, UNIQUE_CHECKS=0 */;
/*!40014 SET @OLD_FOREIGN_KEY_CHECKS=@@FOREIGN_KEY_CHECKS, FOREIGN_KEY_CHECKS=0 */;
/*!40101 SET @OLD_SQL_MODE=@@SQL_MODE, SQL_MODE='NO_AUTO_VALUE_ON_ZERO' */;
/*!40111 SET @OLD_SQL_NOTES=@@SQL_NOTES, SQL_NOTES=0 */;

--
-- Dumping data for table `course`
--

LOCK TABLES `course` WRITE;
/*!40000 ALTER TABLE `course` DISABLE KEYS */;
INSERT INTO `course` VALUES ('a15abf92-54c1-11f0-b992-0242ac150005',NULL,_binary '\0',NULL,'2025-05-16 17:24:12.065055',NULL,NULL,NULL,'200101','Triết học Mác Lênin'),('a15b33a4-54c1-11f0-b992-0242ac150005',NULL,_binary '\0',NULL,'2025-05-16 17:24:12.065055',NULL,NULL,NULL,'202108','Toán cao cấp A1'),('a15b3524-54c1-11f0-b992-0242ac150005',NULL,_binary '\0',NULL,'2025-05-16 17:24:12.065055',NULL,NULL,NULL,'202109','Toán cao cấp A2'),('a15b3561-54c1-11f0-b992-0242ac150005',NULL,_binary '\0',NULL,'2025-05-16 17:24:12.065055',NULL,NULL,NULL,'202206','Vật lý 2'),('a15b3596-54c1-11f0-b992-0242ac150005',NULL,_binary '\0',NULL,'2025-05-16 17:24:12.065055',NULL,NULL,NULL,'202501','Giáo dục thể chất 1*'),('a15b35c7-54c1-11f0-b992-0242ac150005',NULL,_binary '\0',NULL,'2025-05-16 17:24:12.065055',NULL,NULL,NULL,'213603','Anh văn 1*'),('a15b35f2-54c1-11f0-b992-0242ac150005',NULL,_binary '\0',NULL,'2025-05-16 17:24:12.065055',NULL,NULL,NULL,'214201','Nhập môn tin học'),('a15b361c-54c1-11f0-b992-0242ac150005',NULL,_binary '\0',NULL,'2025-05-16 17:24:12.065055',NULL,NULL,NULL,'214321','Lập trình cơ bản'),('a15b3652-54c1-11f0-b992-0242ac150005',NULL,_binary '\0',NULL,'2025-05-16 17:24:12.065055',NULL,NULL,NULL,'200102','Kinh tế chính trị Mác- Lênin'),('a15b3683-54c1-11f0-b992-0242ac150005',NULL,_binary '\0',NULL,'2025-05-16 17:24:12.065055',NULL,NULL,NULL,'200201','Quân sự 1 (lý thuyết)*'),('a15b36ad-54c1-11f0-b992-0242ac150005',NULL,_binary '\0',NULL,'2025-05-16 17:24:12.065055',NULL,NULL,NULL,'200202','Quân sự 2 (thực hành)*'),('a15b3704-54c1-11f0-b992-0242ac150005',NULL,_binary '\0',NULL,'2025-05-16 17:24:12.065055',NULL,NULL,NULL,'202110','Toán cao cấp A3'),('a15b372d-54c1-11f0-b992-0242ac150005',NULL,_binary '\0',NULL,'2025-05-16 17:24:12.065055',NULL,NULL,NULL,'202502','Giáo dục thể chất 2*'),('a15b3763-54c1-11f0-b992-0242ac150005',NULL,_binary '\0',NULL,'2025-05-16 17:24:12.065055',NULL,NULL,NULL,'213604','Anh văn 2*'),('a15b378c-54c1-11f0-b992-0242ac150005',NULL,_binary '\0',NULL,'2025-05-16 17:24:12.065055',NULL,NULL,NULL,'214231','Cấu trúc máy tính'),('a15b37bb-54c1-11f0-b992-0242ac150005',NULL,_binary '\0',NULL,'2025-05-16 17:24:12.065055',NULL,NULL,NULL,'214242','Nhập môn hệ điều hành'),('a15b37e6-54c1-11f0-b992-0242ac150005',NULL,_binary '\0',NULL,'2025-05-16 17:24:12.065055',NULL,NULL,NULL,'214331','Lập trình nâng cao'),('a15b3811-54c1-11f0-b992-0242ac150005',NULL,_binary '\0',NULL,'2025-05-16 17:24:12.065055',NULL,NULL,NULL,'200103','Chủ nghĩa xã hội khoa học'),('a15b3838-54c1-11f0-b992-0242ac150005',NULL,_binary '\0',NULL,'2025-05-16 17:24:12.065055',NULL,NULL,NULL,'202121','Xác suất thống kê'),('a15b385e-54c1-11f0-b992-0242ac150005',NULL,_binary '\0',NULL,'2025-05-16 17:24:12.065055',NULL,NULL,NULL,'202620','Kỹ năng giao tiếp'),('a15b3884-54c1-11f0-b992-0242ac150005',NULL,_binary '\0',NULL,'2025-05-16 17:24:12.065055',NULL,NULL,NULL,'202622','Pháp luật đại cương'),('a15b38f8-54c1-11f0-b992-0242ac150005',NULL,_binary '\0',NULL,'2025-05-16 17:24:12.065055',NULL,NULL,NULL,'208453','Marketing căn bản'),('a15b3924-54c1-11f0-b992-0242ac150005',NULL,_binary '\0',NULL,'2025-05-16 17:24:12.065055',NULL,NULL,NULL,'214241','Mạng máy tính cơ bản'),('a15b394d-54c1-11f0-b992-0242ac150005',NULL,_binary '\0',NULL,'2025-05-16 17:24:12.065055',NULL,NULL,NULL,'214361','Giao tiếp người _máy'),('a15b3978-54c1-11f0-b992-0242ac150005',NULL,_binary '\0',NULL,'2025-05-16 17:24:12.065055',NULL,NULL,NULL,'214389','Toán rời rạc'),('a15b39a3-54c1-11f0-b992-0242ac150005',NULL,_binary '\0',NULL,'2025-05-16 17:24:12.065055',NULL,NULL,NULL,'214441','Cấu trúc dữ liệu'),('a15b39cd-54c1-11f0-b992-0242ac150005',NULL,_binary '\0',NULL,'2025-05-16 17:24:12.065055',NULL,NULL,NULL,'200107','Tư tưởng Hồ Chí Minh'),('a15b39fb-54c1-11f0-b992-0242ac150005',NULL,_binary '\0',NULL,'2025-05-16 17:24:12.065055',NULL,NULL,NULL,'214251','Hệ điều hành nâng cao'),('a15b3a22-54c1-11f0-b992-0242ac150005',NULL,_binary '\0',NULL,'2025-05-16 17:24:12.065055',NULL,NULL,NULL,'214351','Lý thuyết đồ thị'),('a15b3a4e-54c1-11f0-b992-0242ac150005',NULL,_binary '\0',NULL,'2025-05-16 17:24:12.065055',NULL,NULL,NULL,'214352','Thiết kế hướng đối tượng'),('a15b3a79-54c1-11f0-b992-0242ac150005',NULL,_binary '\0',NULL,'2025-05-16 17:24:12.065055',NULL,NULL,NULL,'214353','Đồ họa máy tính'),('a15b3aa2-54c1-11f0-b992-0242ac150005',NULL,_binary '\0',NULL,'2025-05-16 17:24:12.065055',NULL,NULL,NULL,'214442','Nhập môn cơ sở dữ liệu'),('a15b3ace-54c1-11f0-b992-0242ac150005',NULL,_binary '\0',NULL,'2025-05-16 17:24:12.065055',NULL,NULL,NULL,'200105','Lịch sử Đảng Cộng sản Việt Nam'),('a15b3afb-54c1-11f0-b992-0242ac150005',NULL,_binary '\0',NULL,'2025-05-16 17:24:12.065055',NULL,NULL,NULL,'214252','Lập trình mạng'),('a15b3b23-54c1-11f0-b992-0242ac150005',NULL,_binary '\0',NULL,'2025-05-16 17:24:12.065055',NULL,NULL,NULL,'214282','Mạng máy tính nâng cao'),('a15b3b4a-54c1-11f0-b992-0242ac150005',NULL,_binary '\0',NULL,'2025-05-16 17:24:12.065055',NULL,NULL,NULL,'214372','Lập trình .NET'),('a15b3b74-54c1-11f0-b992-0242ac150005',NULL,_binary '\0',NULL,'2025-05-16 17:24:12.065055',NULL,NULL,NULL,'214386','Lập trình PHP'),('a15b3b98-54c1-11f0-b992-0242ac150005',NULL,_binary '\0',NULL,'2025-05-16 17:24:12.065055',NULL,NULL,NULL,'214451','Hệ quản trị cơ sở dữ liệu'),('a15b3bbe-54c1-11f0-b992-0242ac150005',NULL,_binary '\0',NULL,'2025-05-16 17:24:12.065055',NULL,NULL,NULL,'214462','Lập trình Web'),('a15b3be2-54c1-11f0-b992-0242ac150005',NULL,_binary '\0',NULL,'2025-05-16 17:24:12.065055',NULL,NULL,NULL,'214463','Nhập môn trí tuệ nhân tạo'),('a15b3c05-54c1-11f0-b992-0242ac150005',NULL,_binary '\0',NULL,'2025-05-16 17:24:12.065055',NULL,NULL,NULL,'214273','Lập trình mạng nâng cao'),('a15b3c2e-54c1-11f0-b992-0242ac150005',NULL,_binary '\0',NULL,'2025-05-16 17:24:12.065055',NULL,NULL,NULL,'214274','Lập trình trên thiết bị di động'),('a15b3e4f-54c1-11f0-b992-0242ac150005',NULL,_binary '\0',NULL,'2025-05-16 17:24:12.065055',NULL,NULL,NULL,'214370','Nhập môn công nghệ phần mềm'),('a15b3e7b-54c1-11f0-b992-0242ac150005',NULL,_binary '\0',NULL,'2025-05-16 17:24:12.065055',NULL,NULL,NULL,'214388','Lập trình Front End'),('a15b3e9f-54c1-11f0-b992-0242ac150005',NULL,_binary '\0',NULL,'2025-05-16 17:24:12.065055',NULL,NULL,NULL,'214461','Phân tích và thiết kế hệ thống thông tin'),('a15b3ec8-54c1-11f0-b992-0242ac150005',NULL,_binary '\0',NULL,'2025-05-16 17:24:12.065055',NULL,NULL,NULL,'214471','Hệ thống thông tin quản lý'),('a15b3eee-54c1-11f0-b992-0242ac150005',NULL,_binary '\0',NULL,'2025-05-16 17:24:12.065055',NULL,NULL,NULL,'214492','Máy học'),('a15b3f17-54c1-11f0-b992-0242ac150005',NULL,_binary '\0',NULL,'2025-05-16 17:24:12.065055',NULL,NULL,NULL,'214493','Thực tập lập trình Web'),('a15b3f40-54c1-11f0-b992-0242ac150005',NULL,_binary '\0',NULL,'2025-05-16 17:24:12.065055',NULL,NULL,NULL,'208407','Khởi nghiệp'),('a15b3f6f-54c1-11f0-b992-0242ac150005',NULL,_binary '\0',NULL,'2025-05-16 17:24:12.065055',NULL,NULL,NULL,'214290','IoT'),('a15b4ebe-54c1-11f0-b992-0242ac150005',NULL,_binary '\0',NULL,'2025-05-16 17:24:12.065055',NULL,NULL,NULL,'214292','An ninh mạng'),('a15b4f75-54c1-11f0-b992-0242ac150005',NULL,_binary '\0',NULL,'2025-05-16 17:24:12.065055',NULL,NULL,NULL,'214293','Thực tập lập trình trên thiết bị di động'),('a15b4fcf-54c1-11f0-b992-0242ac150005',NULL,_binary '\0',NULL,'2025-05-16 17:24:12.065055',NULL,NULL,NULL,'214379','Đảm bảo chất lượng và kiểm thử phần mềm'),('a15b501f-54c1-11f0-b992-0242ac150005',NULL,_binary '\0',NULL,'2025-05-16 17:24:12.065055',NULL,NULL,NULL,'214383','Quản lý dự án phần mềm'),('a15b506c-54c1-11f0-b992-0242ac150005',NULL,_binary '\0',NULL,'2025-05-16 17:24:12.065055',NULL,NULL,NULL,'214464','An toàn và bảo mật hệ thống thông tin'),('a15b50b2-54c1-11f0-b992-0242ac150005',NULL,_binary '\0',NULL,'2025-05-16 17:24:12.065055',NULL,NULL,NULL,'214465','Hệ thống thông tin địa lý ứng dụng'),('a15b50f5-54c1-11f0-b992-0242ac150005',NULL,_binary '\0',NULL,'2025-05-16 17:24:12.065055',NULL,NULL,NULL,'214485','Data Mining'),('a15b513b-54c1-11f0-b992-0242ac150005',NULL,_binary '\0',NULL,'2025-05-16 17:24:12.065055',NULL,NULL,NULL,'214491','Data Warehouse'),('a15b518a-54c1-11f0-b992-0242ac150005',NULL,_binary '\0',NULL,'2025-05-16 17:24:12.065055',NULL,NULL,NULL,'214271','Quản trị mạng'),('a15b51be-54c1-11f0-b992-0242ac150005',NULL,_binary '\0',NULL,'2025-05-16 17:24:12.065055',NULL,NULL,NULL,'214285','Giải pháp mạng cho doanh nghiệp'),('a15b51f2-54c1-11f0-b992-0242ac150005',NULL,_binary '\0',NULL,'2025-05-16 17:24:12.065055',NULL,NULL,NULL,'214286','Chuyên đề Java'),('a15b5221-54c1-11f0-b992-0242ac150005',NULL,_binary '\0',NULL,'2025-05-16 17:24:12.065055',NULL,NULL,NULL,'214291','Xử lý ảnh và thị giác máy tính'),('a15b541d-54c1-11f0-b992-0242ac150005',NULL,_binary '\0',NULL,'2025-05-16 17:24:12.065055',NULL,NULL,NULL,'214374','Chuyên đề WEB'),('a15b544a-54c1-11f0-b992-0242ac150005',NULL,_binary '\0',NULL,'2025-05-16 17:24:12.065055',NULL,NULL,NULL,'214387','Chuyên đề mã nguồn mở'),('a15b5475-54c1-11f0-b992-0242ac150005',NULL,_binary '\0',NULL,'2025-05-16 17:24:12.065055',NULL,NULL,NULL,'214483','Thương mại điện tử'),('a15b54a2-54c1-11f0-b992-0242ac150005',NULL,_binary '\0',NULL,'2025-05-16 17:24:12.065055',NULL,NULL,NULL,'214490','Phân tích dữ liệu lớn'),('a15b54c7-54c1-11f0-b992-0242ac150005',NULL,_binary '\0',NULL,'2025-05-16 17:24:12.065055',NULL,NULL,NULL,'214986','Đồ án Công nghệ phần mềm'),('a15b54f4-54c1-11f0-b992-0242ac150005',NULL,_binary '\0',NULL,'2025-05-16 17:24:12.065055',NULL,NULL,NULL,'214987','Khóa luận tốt nghiệp'),('a15b551c-54c1-11f0-b992-0242ac150005',NULL,_binary '\0',NULL,'2025-05-16 17:24:12.065055',NULL,NULL,NULL,'214988','Tiểu luận tốt nghiệp');
/*!40000 ALTER TABLE `course` ENABLE KEYS */;
UNLOCK TABLES;

--
-- Dumping data for table `course_relation`
--

LOCK TABLES `course_relation` WRITE;
/*!40000 ALTER TABLE `course_relation` DISABLE KEYS */;
INSERT INTO `course_relation` VALUES ('a15b3652-54c1-11f0-b992-0242ac150005','a15abf92-54c1-11f0-b992-0242ac150005'),('a15b3978-54c1-11f0-b992-0242ac150005','a15b33a4-54c1-11f0-b992-0242ac150005'),('a15b37e6-54c1-11f0-b992-0242ac150005','a15b361c-54c1-11f0-b992-0242ac150005'),('a15b3978-54c1-11f0-b992-0242ac150005','a15b361c-54c1-11f0-b992-0242ac150005'),('a15b3811-54c1-11f0-b992-0242ac150005','a15b3652-54c1-11f0-b992-0242ac150005'),('a15b3838-54c1-11f0-b992-0242ac150005','a15b3704-54c1-11f0-b992-0242ac150005'),('a15b39fb-54c1-11f0-b992-0242ac150005','a15b37bb-54c1-11f0-b992-0242ac150005'),('a15b518a-54c1-11f0-b992-0242ac150005','a15b37bb-54c1-11f0-b992-0242ac150005'),('a15b51be-54c1-11f0-b992-0242ac150005','a15b37bb-54c1-11f0-b992-0242ac150005'),('a15b394d-54c1-11f0-b992-0242ac150005','a15b37e6-54c1-11f0-b992-0242ac150005'),('a15b39a3-54c1-11f0-b992-0242ac150005','a15b37e6-54c1-11f0-b992-0242ac150005'),('a15b39fb-54c1-11f0-b992-0242ac150005','a15b37e6-54c1-11f0-b992-0242ac150005'),('a15b3a22-54c1-11f0-b992-0242ac150005','a15b37e6-54c1-11f0-b992-0242ac150005'),('a15b3a4e-54c1-11f0-b992-0242ac150005','a15b37e6-54c1-11f0-b992-0242ac150005'),('a15b3afb-54c1-11f0-b992-0242ac150005','a15b37e6-54c1-11f0-b992-0242ac150005'),('a15b3b4a-54c1-11f0-b992-0242ac150005','a15b37e6-54c1-11f0-b992-0242ac150005'),('a15b3b74-54c1-11f0-b992-0242ac150005','a15b37e6-54c1-11f0-b992-0242ac150005'),('a15b3bbe-54c1-11f0-b992-0242ac150005','a15b37e6-54c1-11f0-b992-0242ac150005'),('a15b3be2-54c1-11f0-b992-0242ac150005','a15b37e6-54c1-11f0-b992-0242ac150005'),('a15b39cd-54c1-11f0-b992-0242ac150005','a15b3811-54c1-11f0-b992-0242ac150005'),('a15b3afb-54c1-11f0-b992-0242ac150005','a15b3924-54c1-11f0-b992-0242ac150005'),('a15b3b23-54c1-11f0-b992-0242ac150005','a15b3924-54c1-11f0-b992-0242ac150005'),('a15b3b4a-54c1-11f0-b992-0242ac150005','a15b3924-54c1-11f0-b992-0242ac150005'),('a15b3b74-54c1-11f0-b992-0242ac150005','a15b3924-54c1-11f0-b992-0242ac150005'),('a15b3bbe-54c1-11f0-b992-0242ac150005','a15b3924-54c1-11f0-b992-0242ac150005'),('a15b4ebe-54c1-11f0-b992-0242ac150005','a15b3924-54c1-11f0-b992-0242ac150005'),('a15b518a-54c1-11f0-b992-0242ac150005','a15b3924-54c1-11f0-b992-0242ac150005'),('a15b51be-54c1-11f0-b992-0242ac150005','a15b3924-54c1-11f0-b992-0242ac150005'),('a15b3a79-54c1-11f0-b992-0242ac150005','a15b39a3-54c1-11f0-b992-0242ac150005'),('a15b51f2-54c1-11f0-b992-0242ac150005','a15b39a3-54c1-11f0-b992-0242ac150005'),('a15b3ace-54c1-11f0-b992-0242ac150005','a15b39cd-54c1-11f0-b992-0242ac150005'),('a15b3e4f-54c1-11f0-b992-0242ac150005','a15b3a4e-54c1-11f0-b992-0242ac150005'),('a15b3e9f-54c1-11f0-b992-0242ac150005','a15b3a4e-54c1-11f0-b992-0242ac150005'),('a15b3afb-54c1-11f0-b992-0242ac150005','a15b3aa2-54c1-11f0-b992-0242ac150005'),('a15b3b4a-54c1-11f0-b992-0242ac150005','a15b3aa2-54c1-11f0-b992-0242ac150005'),('a15b3b98-54c1-11f0-b992-0242ac150005','a15b3aa2-54c1-11f0-b992-0242ac150005'),('a15b3e9f-54c1-11f0-b992-0242ac150005','a15b3aa2-54c1-11f0-b992-0242ac150005'),('a15b3ec8-54c1-11f0-b992-0242ac150005','a15b3aa2-54c1-11f0-b992-0242ac150005'),('a15b50b2-54c1-11f0-b992-0242ac150005','a15b3aa2-54c1-11f0-b992-0242ac150005'),('a15b50f5-54c1-11f0-b992-0242ac150005','a15b3aa2-54c1-11f0-b992-0242ac150005'),('a15b513b-54c1-11f0-b992-0242ac150005','a15b3aa2-54c1-11f0-b992-0242ac150005'),('a15b5475-54c1-11f0-b992-0242ac150005','a15b3aa2-54c1-11f0-b992-0242ac150005'),('a15b3c05-54c1-11f0-b992-0242ac150005','a15b3afb-54c1-11f0-b992-0242ac150005'),('a15b3c2e-54c1-11f0-b992-0242ac150005','a15b3afb-54c1-11f0-b992-0242ac150005'),('a15b3f6f-54c1-11f0-b992-0242ac150005','a15b3afb-54c1-11f0-b992-0242ac150005'),('a15b3e7b-54c1-11f0-b992-0242ac150005','a15b3bbe-54c1-11f0-b992-0242ac150005'),('a15b3f17-54c1-11f0-b992-0242ac150005','a15b3bbe-54c1-11f0-b992-0242ac150005'),('a15b506c-54c1-11f0-b992-0242ac150005','a15b3bbe-54c1-11f0-b992-0242ac150005'),('a15b541d-54c1-11f0-b992-0242ac150005','a15b3bbe-54c1-11f0-b992-0242ac150005'),('a15b5475-54c1-11f0-b992-0242ac150005','a15b3bbe-54c1-11f0-b992-0242ac150005'),('a15b3eee-54c1-11f0-b992-0242ac150005','a15b3be2-54c1-11f0-b992-0242ac150005'),('a15b5221-54c1-11f0-b992-0242ac150005','a15b3be2-54c1-11f0-b992-0242ac150005'),('a15b54a2-54c1-11f0-b992-0242ac150005','a15b3be2-54c1-11f0-b992-0242ac150005'),('a15b4f75-54c1-11f0-b992-0242ac150005','a15b3c2e-54c1-11f0-b992-0242ac150005'),('a15b4fcf-54c1-11f0-b992-0242ac150005','a15b3e4f-54c1-11f0-b992-0242ac150005'),('a15b501f-54c1-11f0-b992-0242ac150005','a15b3e4f-54c1-11f0-b992-0242ac150005'),('a15b544a-54c1-11f0-b992-0242ac150005','a15b3e4f-54c1-11f0-b992-0242ac150005');
/*!40000 ALTER TABLE `course_relation` ENABLE KEYS */;
UNLOCK TABLES;

--
-- Dumping data for table `issue_relation`
--

LOCK TABLES `issue_relation` WRITE;
/*!40000 ALTER TABLE `issue_relation` DISABLE KEYS */;
INSERT INTO `issue_relation` VALUES ('BLOCKS','0593cc89-3f99-428f-a2d5-836c1426ecbf','b21a82f3-483d-431d-8bbc-7a802df804b3'),('IS_BLOCKED_BY','06610a14-e37a-4806-8ab7-d75a2dce8579','37415898-8c5d-48b1-afba-bea1dd1bd216'),('BLOCKS','06e78dd6-84b1-447f-b2b6-4fb013ce7660','5bb097a7-4df5-4c5c-b40c-5ff8af2c55b2'),('IS_BLOCKED_BY','0b7b5777-b931-4ec6-9bde-39fc5b3950b3','933e5098-acc6-4bdf-b1ae-0446a5cb2ed5'),('IS_BLOCKED_BY','0ee366ac-5fc1-4144-8fa7-cd478a1b68fd','0593cc89-3f99-428f-a2d5-836c1426ecbf'),('IS_BLOCKED_BY','0ee366ac-5fc1-4144-8fa7-cd478a1b68fd','b21a82f3-483d-431d-8bbc-7a802df804b3'),('BLOCKS','14561f34-9d74-4e47-ba44-8132ca09c9a6','d1d45698-9c98-4887-ab83-5dc6fb0fe3b8'),('IS_BLOCKED_BY','15854645-c2d5-4b2b-8858-b895597e4aba','465701b3-29fa-4791-8bb0-8dd6f244a2b4'),('BLOCKS','1f43f426-7dc6-4e4a-829d-e541663a0623','09bc2067-ef86-4bfe-ae56-0edd47962ed5'),('BLOCKS','2171028c-5e8d-4920-a044-3ed769f620fd','2d4dfb6d-58d5-476e-8a4c-df8c6c03ae0b'),('IS_BLOCKED_BY','2171028c-5e8d-4920-a044-3ed769f620fd','466cbd4e-5f3e-469b-a7f7-dd0cf7cf579c'),('RELATES_TO','2171028c-5e8d-4920-a044-3ed769f620fd','8b11f5a1-7fd9-42c9-87f0-ca02f5d69518'),('IS_BLOCKED_BY','23e31c21-f5d8-4de8-8788-31f76257a428','b3bbd3e6-d1da-4b32-ad7e-8340c1138b45'),('IS_BLOCKED_BY','33e09ba3-79d6-4b35-8bd4-fd12cd86fab3','4c50b5c3-cbf9-4e1b-bcf8-c1b93e04524d'),('IS_BLOCKED_BY','3b6bb22d-9933-4411-a38a-74557aa8af6a','94a7ef44-96a0-46f4-8f7d-e90200f81e1d'),('BLOCKS','3f1a9020-6c23-408e-9986-da0d72c8c21f','845ccc41-1ac5-4566-a6bf-c4b7afd6878a'),('IS_BLOCKED_BY','42dcaa4b-9c21-4922-872e-f89e1339f857','9a6db468-60b9-401e-b348-8ea68ebbe3ab'),('IS_BLOCKED_BY','465701b3-29fa-4791-8bb0-8dd6f244a2b4','15854645-c2d5-4b2b-8858-b895597e4aba'),('IS_BLOCKED_BY','53a5b737-e6b8-493c-8ac3-3abb5ba997cb','9b445125-43fd-42c6-b945-af3a1f040c1f'),('IS_BLOCKED_BY','58e8c82d-b813-4809-b65d-675827426cde','46f69c03-27a1-4bb4-a6a9-7fe14cee096a'),('IS_BLOCKED_BY','5ac6c293-5858-482a-bc78-0992bcd2531e','0593cc89-3f99-428f-a2d5-836c1426ecbf'),('BLOCKS','5fe0f172-5cd7-4e30-887e-2924745b30cf','8ff830ee-99ec-4486-aa52-a6679e460372'),('IS_BLOCKED_BY','6045f693-459e-4b85-97ee-e158e9934e95','4278214a-b080-44a8-a3bf-57094f6d42ea'),('BLOCKS','6104e8a9-a27f-4477-84b1-da5243769113','09bc2067-ef86-4bfe-ae56-0edd47962ed5'),('BLOCKS','72eb8ed8-beda-45db-9ae0-9efc5e90f1c3','53866c78-4448-4c75-8bc2-4d800f1e82e0'),('IS_BLOCKED_BY','74951b4e-91ce-49ec-bc3f-6f27fbbf5a0a','a24392ac-3ec5-4ee9-9db1-ac99680a5477'),('BLOCKS','79cd1ec9-8f38-42a4-ae09-bfe2d0e2c3ad','9875eb8f-d632-4933-b2a4-00a8b3f08b08'),('IS_BLOCKED_BY','7f5f7757-7916-4f74-8055-b43b254323e0','d31abc89-5016-449f-8708-304d6e0c46e7'),('BLOCKS','845ccc41-1ac5-4566-a6bf-c4b7afd6878a','3f1a9020-6c23-408e-9986-da0d72c8c21f'),('BLOCKS','8ab385ab-b281-4f10-9a71-a2cde106a6c0','1a3eb80c-c769-446b-8774-0a390cf0945d'),('IS_BLOCKED_BY','8ff830ee-99ec-4486-aa52-a6679e460372','a50089bb-409f-43bb-bb48-b0c04ee54f5e'),('IS_BLOCKED_BY','90705e8d-4011-47dd-8c15-6284fb924232','e406c6a4-7fc3-4bce-ad10-def41f6484da'),('IS_BLOCKED_BY','94d52d39-74f0-4910-baab-8dc002ad2157','4278214a-b080-44a8-a3bf-57094f6d42ea'),('BLOCKS','962fcc14-a3f0-49eb-8544-04222bd3d536','a08b838a-ff67-4ba5-a269-74526b8792d9'),('IS_BLOCKED_BY','97908154-d456-4745-bd1a-69cf5f125549','f1d20c0c-06de-4588-a04c-45df148af040'),('IS_BLOCKED_BY','9a602de5-4957-47d9-8646-2e29a2ac7f6c','fa3d631b-17de-40a0-873f-1878575392e1'),('BLOCKS','9ac5b911-563b-42c9-a63e-8fe0aa8ebe27','845ccc41-1ac5-4566-a6bf-c4b7afd6878a'),('BLOCKS','9b445125-43fd-42c6-b945-af3a1f040c1f','53a5b737-e6b8-493c-8ac3-3abb5ba997cb'),('BLOCKS','9beecb51-b8d9-4fde-9c9f-41cd83d06a90','a63259f6-2812-4b66-90d5-2653e873728f'),('IS_BLOCKED_BY','a08b838a-ff67-4ba5-a269-74526b8792d9','0d5dce75-24db-4b92-9d66-6c377d5bc225'),('IS_BLOCKED_BY','a50089bb-409f-43bb-bb48-b0c04ee54f5e','7fbbd25e-f3f6-40ac-9644-db4e4267870a'),('IS_BLOCKED_BY','a50089bb-409f-43bb-bb48-b0c04ee54f5e','ee7691ff-c9b6-4fab-8fde-2ccaddcad414'),('IS_BLOCKED_BY','ab2515ac-f4d3-4c3e-9523-e889ed35b948','37415898-8c5d-48b1-afba-bea1dd1bd216'),('IS_BLOCKED_BY','b60356c2-85be-4244-8bb9-4bb4cc7fac57','605df3ab-cbbc-443a-ac2c-6ac8a50c4c8f'),('BLOCKS','bd010567-c695-4151-9e37-8f271b05d1c1','5a8fb415-4761-4f0a-b18b-151f37180111'),('IS_BLOCKED_BY','c4acdbda-5877-4380-a8b9-dc4a4140e29b','d0d52fb5-4156-4b64-bb97-960e34bf596b'),('IS_BLOCKED_BY','cff3d5f2-2533-4a38-a175-16745e57d44d','aefe43ce-aad5-4ca6-b7f5-56268ee9b26a'),('IS_BLOCKED_BY','d3b28ca3-d461-4f33-bba2-3aa075b32db3','37415898-8c5d-48b1-afba-bea1dd1bd216'),('IS_BLOCKED_BY','d41e5bb0-c021-40ce-aa1d-0e2aeba48f6f','a0460d0c-52a7-41bc-8892-056a4dfdb09f'),('IS_BLOCKED_BY','da641e0f-1179-4f6f-85bb-f456f67aecb4','850f6f6e-9ab8-44b9-a729-95325bfc0db2'),('BLOCKS','e93a48ce-ced0-4737-923e-2260266dbf47','a63259f6-2812-4b66-90d5-2653e873728f'),('BLOCKS','f091190c-734c-42c3-80ce-84e76da24b94','79cd1ec9-8f38-42a4-ae09-bfe2d0e2c3ad'),('IS_BLOCKED_BY','f171509a-de6c-4c1d-805b-c0f8e112c077','8dd42970-f9be-4f43-aae0-a63541db3006'),('BLOCKS','f87c64f1-9986-4c95-8227-3f7d7263b03d','7419e5b4-a268-4ce9-b3b6-cffb505823d5'),('IS_BLOCKED_BY','fa5dc7d3-bbdf-406a-8489-737c51e57c9c','009c6f3f-cdac-4d51-9f89-a09623d204c2'),('BLOCKS','fd4b18af-dce9-4e5b-84c4-22e358c407c3','d41e5bb0-c021-40ce-aa1d-0e2aeba48f6f'),('IS_BLOCKED_BY','ff114e94-a88e-4481-8649-c80042646679','6b3e7777-27e5-4b67-aa72-f57077588bf0');
/*!40000 ALTER TABLE `issue_relation` ENABLE KEYS */;
UNLOCK TABLES;

--
-- Dumping data for table `issue_resources`
--

LOCK TABLES `issue_resources` WRITE;
/*!40000 ALTER TABLE `issue_resources` DISABLE KEYS */;
/*!40000 ALTER TABLE `issue_resources` ENABLE KEYS */;
UNLOCK TABLES;

--
-- Dumping data for table `issues`
--

LOCK TABLES `issues` WRITE;
/*!40000 ALTER TABLE `issues` DISABLE KEYS */;
INSERT INTO `issues` VALUES ('009c6f3f-cdac-4d51-9f89-a09623d204c2','21130320',_binary '\0',NULL,'2025-07-14 09:24:45.371589',NULL,'2025-07-14 09:31:59.460250','21130320',2,'<p><br></p>','2025-03-31 06:20:27.000000',NULL,'2025-03-29 17:00:00.000000','Tớm tắt kiến thức Visitor',0,0,_binary '\0','','CRITICAL','DONE','THEORY','17194877-c523-475f-9bf6-e627293e916f','7d783967-3144-4c76-ae91-0bcb3ebab45b','29494edf-a498-48f4-85e1-e33775976468','99157455-4dac-4bd4-a540-f43c0fd93145','2025-03-31 06:13:13.000000'),('02a8f292-f398-4ba6-a2e4-3eaa648cc951','21130601',_binary '\0',NULL,'2025-07-08 03:56:16.300712',NULL,'2025-07-08 03:56:16.300712','21130601',0,'<p><br></p>','2025-03-28 17:00:00.000000',NULL,'2025-03-22 17:00:00.000000','Tích hợp giỏ hàng',0,0,_binary '','0','CRITICAL','TODO','THEORY',NULL,'f5dbc1df-3827-4a90-b9fb-8e1e5736c8c9',NULL,'0e1c0884-cd4f-4efe-85cf-ed3d6c1fce8d','2025-03-21 17:00:00.000000'),('0593cc89-3f99-428f-a2d5-836c1426ecbf','21130320',_binary '\0',NULL,'2025-07-08 01:02:52.163843',NULL,'2025-07-11 16:57:40.751805','21130320',0,'<p><br></p>','2025-03-30 01:40:23.000000',NULL,'2025-03-29 17:00:00.000000','Tạo Ui đơn hàng',0,0,_binary '\0','','CRITICAL','DONE','THEORY','0efffdb4-b730-4f32-b930-79dddc45554a','caf9e00b-e1c5-4b0f-9c49-2eac892a327e','29494edf-a498-48f4-85e1-e33775976468','28e4b229-c075-444e-bb7e-b2f27a9fd103',NULL),('05ccb676-5905-4a3c-96c8-3eccd73a4590','21130601',_binary '\0',NULL,'2025-07-08 03:56:16.134468',NULL,'2025-07-08 03:56:16.134468','21130601',0,'<p><br></p>','2025-02-28 17:00:00.000000',NULL,'2025-02-22 17:00:00.000000','Xây dựng Bankend Đăng nhập/Đăng ký',0,0,_binary '','0','CRITICAL','TODO','THEORY',NULL,'f5dbc1df-3827-4a90-b9fb-8e1e5736c8c9',NULL,'5d57fb7a-7aab-4264-a6cf-12fc55f5093d','2025-02-21 17:00:00.000000'),('06045bbf-c9de-4b18-bcce-944d19b3a4b7','21130451',_binary '\0',NULL,'2025-07-09 06:38:36.674718',NULL,'2025-07-09 16:10:32.013994','21130451',1,'<p><br></p>','2025-04-08 03:57:20.000000',NULL,'2025-04-04 17:00:00.000000','Lập bản hướng dẫn sử dụng',0,0,_binary '\0','','CRITICAL','DONE','THEORY','7cc9eb1e-b051-4fc4-9b5d-0dd423b9b723','5090ec43-8787-4d26-8bc2-7c760a4d93ff','56ecb8b8-6a8a-471a-826f-3a827025e524','2fec7291-d7dd-4835-853f-f3d8453487eb','2025-01-31 17:40:49.000000'),('06610a14-e37a-4806-8ab7-d75a2dce8579','21130451',_binary '\0',NULL,'2025-07-08 03:42:23.529303',NULL,'2025-07-11 15:22:55.586788','21130451',0,'<p><br></p>','2025-02-16 23:39:49.000000',NULL,'2025-02-15 17:00:00.000000','Vẽ ERD',0,0,_binary '\0','','CRITICAL','DONE','THEORY','56ecb8b8-6a8a-471a-826f-3a827025e524','8f109a77-484b-4f39-a076-6b2a44b8137a','4527de36-9be4-4ba3-994d-f6276f6c67c0','de1a9928-7d90-4b22-9f2c-1c1977a9b1d3',NULL),('06e78dd6-84b1-447f-b2b6-4fb013ce7660','21130451',_binary '\0',NULL,'2025-07-09 06:35:41.504830',NULL,'2025-07-09 15:55:12.726127','21130451',1,'<p><br></p>','2025-03-28 04:22:16.000000',NULL,'2025-03-20 17:00:00.000000','Xây dựng giao diện sử dụng mô hình',0,0,_binary '\0','','CRITICAL','DONE','THEORY','56ecb8b8-6a8a-471a-826f-3a827025e524','5090ec43-8787-4d26-8bc2-7c760a4d93ff','4527de36-9be4-4ba3-994d-f6276f6c67c0','be992de1-8f5a-4c5b-8158-2d7ae3c7ab38','2025-01-31 17:37:53.000000'),('072a1675-9544-4ffc-a246-0e195dded46b','21130363',_binary '\0',NULL,'2025-07-08 04:03:25.639207',NULL,'2025-07-08 04:03:25.639207','21130363',0,'<p><br></p>','2025-03-28 17:00:00.000000',NULL,'2025-03-22 17:00:00.000000','Viết SQL mã giảm giá',0,0,_binary '','0','CRITICAL','TODO','THEORY',NULL,'3bff699d-9121-413b-8896-49b00f0952a3',NULL,'0e1c0884-cd4f-4efe-85cf-ed3d6c1fce8d','2025-03-21 17:00:00.000000'),('09bc2067-ef86-4bfe-ae56-0edd47962ed5','21130320',_binary '\0',NULL,'2025-07-08 00:45:26.669010',NULL,'2025-07-11 16:26:13.359339','21130320',0,'<p><br></p>','2025-03-23 09:09:04.000000',NULL,'2025-03-22 17:00:00.000000','Tích hợp mã giảm giá',0,0,_binary '\0','','CRITICAL','DONE','THEORY','0efffdb4-b730-4f32-b930-79dddc45554a','caf9e00b-e1c5-4b0f-9c49-2eac892a327e','17194877-c523-475f-9bf6-e627293e916f','0e1c0884-cd4f-4efe-85cf-ed3d6c1fce8d',NULL),('0adb3018-dfcb-47b5-a79a-7fc8576b76ea','21130363',_binary '\0',NULL,'2025-07-08 04:03:25.564438',NULL,'2025-07-08 04:03:25.564438','21130363',0,'<p><br></p>','2025-03-28 17:00:00.000000',NULL,'2025-03-22 17:00:00.000000','Tạo UI mã giảm giá',0,0,_binary '','0','CRITICAL','TODO','THEORY',NULL,'3bff699d-9121-413b-8896-49b00f0952a3',NULL,'0e1c0884-cd4f-4efe-85cf-ed3d6c1fce8d','2025-03-21 17:00:00.000000'),('0adc507a-c1f6-44fa-90a7-d25092c3f157','21130320',_binary '\0',NULL,'2025-07-09 06:02:16.280079',NULL,'2025-07-09 15:04:00.506919','21130320',1,'<p>iọdfo;jsd;iódịiọdf</p><p><br></p>','2025-02-12 17:56:07.000000',NULL,'2025-02-09 17:00:00.000000','Phân tích yêu cầu và mục tiêu đề tài',1,0,_binary '\0','','CRITICAL','DONE','THEORY','29494edf-a498-48f4-85e1-e33775976468','66fb3db5-3f1f-41b6-9ee9-c7c01a801de8','0efffdb4-b730-4f32-b930-79dddc45554a','ed56cfbc-3019-48c5-9109-e97c30d0e4f5','2025-01-31 17:04:28.000000'),('0b7b5777-b931-4ec6-9bde-39fc5b3950b3','21130320',_binary '\0',NULL,'2025-07-14 05:57:40.301899',NULL,'2025-07-14 06:24:52.316780','21130320',2,'<p><br></p>','2025-02-10 17:16:38.000000',NULL,'2025-02-08 17:00:00.000000','Chọn ngôn ngữ',0,0,_binary '\0','','CRITICAL','DONE','THEORY','0efffdb4-b730-4f32-b930-79dddc45554a','7d783967-3144-4c76-ae91-0bcb3ebab45b','17194877-c523-475f-9bf6-e627293e916f','4bccc8ff-e9e3-43ec-b037-a2df9987185e','2025-01-31 17:08:30.000000'),('0d5dce75-24db-4b92-9d66-6c377d5bc225','21130451',_binary '\0',NULL,'2025-07-09 06:35:27.972530',NULL,'2025-07-09 15:38:54.034227','21130451',1,'<p><br></p>','2025-03-09 21:13:00.000000',NULL,'2025-03-05 17:00:00.000000','Lựa chọn và triển khai mô hình SVM',0,0,_binary '\0','','CRITICAL','DONE','THEORY','56ecb8b8-6a8a-471a-826f-3a827025e524','5090ec43-8787-4d26-8bc2-7c760a4d93ff','4527de36-9be4-4ba3-994d-f6276f6c67c0','50b47ab0-c2b8-4bfd-95bf-c35023aaf198','2025-01-31 17:37:40.000000'),('0e11302c-e410-468d-bb00-d21a8f05c5b2','21130451',_binary '\0',NULL,'2025-07-14 06:28:46.863345',NULL,'2025-07-14 06:41:27.561836','21130451',2,'<p><br></p>','2025-02-23 05:32:57.000000',NULL,'2025-02-15 17:00:00.000000','Tóm tắt 4 tính chất OOP',0,0,_binary '\0','','CRITICAL','DONE','THEORY','4527de36-9be4-4ba3-994d-f6276f6c67c0','eb2cff67-6672-4ad6-8b2f-829a547c2595',NULL,'4af885f3-a68c-4204-8840-2a1c179222a4','2025-02-15 17:20:26.000000'),('0ee366ac-5fc1-4144-8fa7-cd478a1b68fd','21130320',_binary '\0',NULL,'2025-07-08 01:03:32.335964',NULL,'2025-07-11 16:57:43.893492','21130320',0,'<p><br></p>','2025-03-30 01:40:26.000000',NULL,'2025-03-29 17:00:00.000000','Tích hợp đơn hàng',0,0,_binary '\0','','CRITICAL','DONE','THEORY',NULL,'caf9e00b-e1c5-4b0f-9c49-2eac892a327e',NULL,'28e4b229-c075-444e-bb7e-b2f27a9fd103',NULL),('14561f34-9d74-4e47-ba44-8132ca09c9a6','21130320',_binary '\0',NULL,'2025-07-08 01:09:12.531836',NULL,'2025-07-11 17:10:43.207586','21130320',0,'<p><br></p>','2025-05-04 06:19:25.000000',NULL,'2025-05-03 17:00:00.000000','Quản lý đơn hàng cho admin',0,0,_binary '\0','','CRITICAL','DONE','THEORY',NULL,'caf9e00b-e1c5-4b0f-9c49-2eac892a327e',NULL,'20550769-da23-4d54-983e-bdcc62d80a37',NULL),('15854645-c2d5-4b2b-8858-b895597e4aba','21130451',_binary '\0',NULL,'2025-07-14 08:44:56.853483',NULL,'2025-07-14 08:55:45.577586','21130451',2,'<p>Ứng dụng</p>','2025-03-16 05:44:32.000000',NULL,'2025-03-15 17:00:00.000000','Ứng dụng Factory Method',0,0,_binary '\0','','CRITICAL','DONE','PRACTICE','56ecb8b8-6a8a-471a-826f-3a827025e524','eb2cff67-6672-4ad6-8b2f-829a547c2595','4527de36-9be4-4ba3-994d-f6276f6c67c0','dd34ecaf-9783-4b03-b211-edc72a3e5f31','2025-03-16 05:33:43.000000'),('15b89013-0032-4442-a2d3-5de547c2a933','21130363',_binary '\0',NULL,'2025-07-08 04:03:25.509046',NULL,'2025-07-08 04:03:25.509046','21130363',0,'<p><br></p>','2025-02-28 17:00:00.000000',NULL,'2025-02-22 17:00:00.000000','Xây dựng Bankend Đăng nhập/Đăng ký',0,0,_binary '','0','CRITICAL','TODO','THEORY',NULL,'3bff699d-9121-413b-8896-49b00f0952a3',NULL,'5d57fb7a-7aab-4264-a6cf-12fc55f5093d','2025-02-21 17:00:00.000000'),('15ebaa89-2fbb-49c4-bc56-b03a43aafa73','21130451',_binary '\0',NULL,'2025-07-14 10:24:50.664063',NULL,'2025-07-14 10:26:53.058232','21130451',2,'<p><br></p>','2025-05-04 11:13:58.000000',NULL,'2025-05-03 17:00:00.000000','Viết Document',0,0,_binary '\0','','CRITICAL','DONE','THEORY','4527de36-9be4-4ba3-994d-f6276f6c67c0','eb2cff67-6672-4ad6-8b2f-829a547c2595',NULL,'9ebb1a1a-bbf5-4724-9692-fd08a591164b','2025-05-04 11:12:35.000000'),('19959810-c46f-410e-b6c1-8b25300175b1','21130320',_binary '\0',NULL,'2025-07-07 02:35:22.708426',NULL,'2025-07-11 15:33:26.801057','21130320',0,'<ol><li data-list=\"bullet\"><span class=\"ql-ui\" contenteditable=\"false\"></span>Tạo kết nối database bằng jdbi</li><li data-list=\"bullet\"><span class=\"ql-ui\" contenteditable=\"false\"></span>Viết class util để xử lý chung </li><li data-list=\"bullet\"><span class=\"ql-ui\" contenteditable=\"false\"></span>Tạo data mẫu cho user và test CRUD</li></ol>','2025-02-24 11:50:10.000000',NULL,'2025-02-22 17:00:00.000000','Thiết lập kết nối database',0,0,_binary '\0','','CRITICAL','DONE','THEORY','0efffdb4-b730-4f32-b930-79dddc45554a','caf9e00b-e1c5-4b0f-9c49-2eac892a327e','29494edf-a498-48f4-85e1-e33775976468','5d57fb7a-7aab-4264-a6cf-12fc55f5093d',NULL),('1a3eb80c-c769-446b-8774-0a390cf0945d','21130451',_binary '\0',NULL,'2025-07-09 06:34:46.231403',NULL,'2025-07-09 15:04:14.298042','21130451',1,'<p><br></p>','2025-02-12 17:56:21.000000',NULL,'2025-02-09 17:00:00.000000','Lựa chọn đề tài',0,0,_binary '\0','','CRITICAL','DONE','THEORY',NULL,'5090ec43-8787-4d26-8bc2-7c760a4d93ff',NULL,'ed56cfbc-3019-48c5-9109-e97c30d0e4f5','2025-01-31 17:36:58.000000'),('1cb13785-84ea-4526-a6a2-b22cb7b109c2','21130320',_binary '\0',NULL,'2025-07-14 07:47:25.407935',NULL,'2025-07-18 05:40:36.945764','21130320',2,'<p><br></p>',NULL,NULL,'2025-03-01 17:00:00.000000','Tóm tắt Stategy pattern',0,0,_binary '','','CRITICAL','TODO','THEORY','0efffdb4-b730-4f32-b930-79dddc45554a','7d783967-3144-4c76-ae91-0bcb3ebab45b','17194877-c523-475f-9bf6-e627293e916f','f19b6b33-be76-4d2b-b85d-dbd4caf3da1d','2025-03-01 22:38:47.000000'),('1d19333a-ecaa-478e-b0a7-099bb14225d4','21130320',_binary '\0',NULL,'2025-07-09 06:06:42.432349',NULL,'2025-07-09 15:27:33.103761','21130320',0,'<p><br></p>','2025-02-22 21:03:17.000000',NULL,'2025-02-18 17:00:00.000000','Làm sạch dữ liệu',0,0,_binary '\0','','CRITICAL','DONE','THEORY','29494edf-a498-48f4-85e1-e33775976468','66fb3db5-3f1f-41b6-9ee9-c7c01a801de8','17194877-c523-475f-9bf6-e627293e916f','94b4cde8-df2d-4241-a80a-d79fffaafd45','2025-01-31 17:08:54.000000'),('1f43f426-7dc6-4e4a-829d-e541663a0623','21130320',_binary '\0',NULL,'2025-07-08 00:45:04.686543',NULL,'2025-07-11 16:25:54.613697','21130320',0,'<p><br></p>','2025-03-23 09:08:46.000000',NULL,'2025-03-22 17:00:00.000000','Viết SQL mã giảm giá',0,0,_binary '\0','','CRITICAL','DONE','THEORY','29494edf-a498-48f4-85e1-e33775976468','caf9e00b-e1c5-4b0f-9c49-2eac892a327e','0efffdb4-b730-4f32-b930-79dddc45554a','0e1c0884-cd4f-4efe-85cf-ed3d6c1fce8d',NULL),('2056f0e2-6080-40cd-8328-26166bd83844','21130451',_binary '\0',NULL,'2025-07-14 10:25:20.128951',NULL,'2025-07-14 10:26:15.412075','21130451',2,'<p><br></p>','2025-05-04 11:13:59.000000',NULL,'2025-05-03 17:00:00.000000','Tổng hợp mã nguồn',0,0,_binary '\0','','CRITICAL','DONE','PRACTICE','56ecb8b8-6a8a-471a-826f-3a827025e524','eb2cff67-6672-4ad6-8b2f-829a547c2595','7cc9eb1e-b051-4fc4-9b5d-0dd423b9b723','9ebb1a1a-bbf5-4724-9692-fd08a591164b','2025-05-04 11:13:04.000000'),('2171028c-5e8d-4920-a044-3ed769f620fd','21130320',_binary '\0',NULL,'2025-07-07 13:57:36.139485',NULL,'2025-07-21 04:41:21.821239','21130320',0,'<p><br></p>','2025-03-01 18:42:46.000000',NULL,'2025-03-01 17:00:00.000000','Tạo Api phân trang và tích hợp',0,0,_binary '\0','','CRITICAL','DONE','THEORY','29494edf-a498-48f4-85e1-e33775976468','caf9e00b-e1c5-4b0f-9c49-2eac892a327e','17194877-c523-475f-9bf6-e627293e916f','018a1ba5-dda1-4179-b73e-176e6693a371',NULL),('23e31c21-f5d8-4de8-8788-31f76257a428','21130451',_binary '\0',NULL,'2025-07-14 08:20:46.521590',NULL,'2025-07-14 09:15:22.897382','21130451',2,'<p>Ok nnha</p><p><br></p>','2025-03-26 06:03:57.000000',NULL,'2025-03-22 17:00:00.000000','Ứng dụng Singleton trong MySQL connection',0,0,_binary '\0','','CRITICAL','DONE','PRACTICE','56ecb8b8-6a8a-471a-826f-3a827025e524','eb2cff67-6672-4ad6-8b2f-829a547c2595','4527de36-9be4-4ba3-994d-f6276f6c67c0','6a01e474-92f2-440e-9cc1-c1041de2e1be','2025-03-16 05:30:03.000000'),('29adf02f-40a2-4898-8bb9-a3846441f189','21130451',_binary '\0',NULL,'2025-07-08 03:42:23.710629',NULL,'2025-07-11 15:46:20.901224','21130451',0,'<p><br></p>','2025-03-01 18:42:58.000000',NULL,'2025-03-01 17:00:00.000000','Viết SQL lấy danh sách sản phẩm (có phân trang)',0,0,_binary '\0','','CRITICAL','DONE','THEORY','4527de36-9be4-4ba3-994d-f6276f6c67c0','8f109a77-484b-4f39-a076-6b2a44b8137a','56ecb8b8-6a8a-471a-826f-3a827025e524','018a1ba5-dda1-4179-b73e-176e6693a371',NULL),('2d4dfb6d-58d5-476e-8a4c-df8c6c03ae0b','21130320',_binary '\0',NULL,'2025-07-07 13:53:25.963388',NULL,'2025-07-11 15:46:07.794322','21130320',0,'<p><br></p>','2025-03-01 18:42:45.000000',NULL,'2025-03-01 17:00:00.000000','Thực hiện UI trang sản phẩm mới',0,0,_binary '\0','','CRITICAL','DONE','THEORY','29494edf-a498-48f4-85e1-e33775976468','caf9e00b-e1c5-4b0f-9c49-2eac892a327e','0efffdb4-b730-4f32-b930-79dddc45554a','018a1ba5-dda1-4179-b73e-176e6693a371',NULL),('2d54cd19-12f2-416a-83cf-9fc606c0b2d6','21130320',_binary '\0',NULL,'2025-07-14 10:24:37.852839',NULL,'2025-07-14 10:26:45.005145','21130320',2,'<p><br></p>','2025-05-04 11:14:29.000000',NULL,'2025-05-03 17:00:00.000000','Viết Document',0,0,_binary '\0','','CRITICAL','DONE','THEORY','17194877-c523-475f-9bf6-e627293e916f','7d783967-3144-4c76-ae91-0bcb3ebab45b','0efffdb4-b730-4f32-b930-79dddc45554a','9ebb1a1a-bbf5-4724-9692-fd08a591164b','2025-05-04 11:12:22.000000'),('2daa1969-c339-41c2-b90f-7366af081476','21130363',_binary '\0',NULL,'2025-07-08 04:03:25.535624',NULL,'2025-07-08 04:14:20.736504','21130363',0,'<p><br></p>','2025-02-11 17:00:00.000000',NULL,'2025-02-08 17:00:00.000000','Bảo quản sản phẩm',0,0,_binary '','0','CRITICAL','TODO','THEORY','d1aca7d1-1754-4931-a600-e6d30953b632','3bff699d-9121-413b-8896-49b00f0952a3','d22a81b9-1297-4971-a5b1-2ea027e0fa8d','565e13cb-7a4c-4f75-88f2-903a54ddc690','2025-02-07 17:00:00.000000'),('313a807c-6233-48a7-a62d-a2cb1b03310c','21130320',_binary '\0',NULL,'2025-07-11 15:43:21.096340',NULL,'2025-07-11 15:46:10.120202','21130320',2,'<p>áđâsdsađá</p><p><br></p>','2025-03-01 18:42:47.000000',NULL,'2025-03-01 17:00:00.000000','issue thêm vào sprint 4',1,0,_binary '\0','','CRITICAL','DONE','THEORY','17194877-c523-475f-9bf6-e627293e916f','caf9e00b-e1c5-4b0f-9c49-2eac892a327e','0efffdb4-b730-4f32-b930-79dddc45554a','018a1ba5-dda1-4179-b73e-176e6693a371','2025-03-01 18:39:58.000000'),('31eb55d9-611b-463d-ba8e-4abdea8300e7','21130363',_binary '\0',NULL,'2025-07-08 04:03:25.651738',NULL,'2025-07-08 04:03:25.651738','21130363',0,'<p><br></p>','2025-05-17 17:00:00.000000',NULL,'2025-05-03 17:00:00.000000','Quản lý đơn hàng cho admin',0,0,_binary '','0','CRITICAL','TODO','THEORY',NULL,'3bff699d-9121-413b-8896-49b00f0952a3',NULL,'20550769-da23-4d54-983e-bdcc62d80a37','2025-05-02 17:00:00.000000'),('32657d29-51eb-4262-9748-b0d149be63d2','21130320',_binary '\0',NULL,'2025-07-11 16:04:59.620105',NULL,'2025-07-11 17:10:42.029145','21130320',2,'<p>dsdádá</p><p><br></p>','2025-05-04 06:19:23.000000',NULL,'2025-05-03 17:00:00.000000','thêm sprint vào sprint 5',1,0,_binary '\0','','CRITICAL','DONE','THEORY','0efffdb4-b730-4f32-b930-79dddc45554a','caf9e00b-e1c5-4b0f-9c49-2eac892a327e','17194877-c523-475f-9bf6-e627293e916f','20550769-da23-4d54-983e-bdcc62d80a37','2025-03-30 01:33:09.000000'),('33e09ba3-79d6-4b35-8bd4-fd12cd86fab3','21130320',_binary '\0',NULL,'2025-07-14 09:38:53.787733',NULL,'2025-07-14 09:56:23.622077','21130320',2,'<p><br></p>','2025-04-16 22:44:30.000000',NULL,'2025-04-05 17:00:00.000000','Ứng dụng MVC',0,0,_binary '\0','','CRITICAL','DONE','THEORY','29494edf-a498-48f4-85e1-e33775976468','7d783967-3144-4c76-ae91-0bcb3ebab45b','17194877-c523-475f-9bf6-e627293e916f','bbfc8df2-5eb2-4a78-84d1-1e65beddd6f3','2025-04-05 06:27:14.000000'),('34a974c6-53af-44c3-a28a-f05900f81024','21130451',_binary '\0',NULL,'2025-07-14 09:23:00.650820',NULL,'2025-07-14 09:32:18.136558','21130451',2,'<p><br></p>','2025-03-31 06:20:45.000000',NULL,'2025-03-29 17:00:00.000000','Tóm tắt kiến thức Visitor pattern',0,0,_binary '\0','','CRITICAL','DONE','THEORY','7cc9eb1e-b051-4fc4-9b5d-0dd423b9b723','eb2cff67-6672-4ad6-8b2f-829a547c2595','7cc9eb1e-b051-4fc4-9b5d-0dd423b9b723','99157455-4dac-4bd4-a540-f43c0fd93145','2025-03-31 06:11:28.000000'),('352e2f73-0f8f-4a22-95b8-c36b9552778d','21130601',_binary '\0',NULL,'2025-07-08 03:56:16.276098',NULL,'2025-07-08 03:56:16.276098','21130601',0,'<p><br></p>','2025-05-17 17:00:00.000000',NULL,'2025-05-03 17:00:00.000000','Quản lý đơn hàng cho admin',0,0,_binary '','0','CRITICAL','TODO','THEORY',NULL,'f5dbc1df-3827-4a90-b9fb-8e1e5736c8c9',NULL,'20550769-da23-4d54-983e-bdcc62d80a37','2025-05-02 17:00:00.000000'),('35d92b31-8a2b-44bf-8da3-3026ee264f9f','21130451',_binary '\0',NULL,'2025-07-14 06:23:29.822061',NULL,'2025-07-14 08:41:09.502145','21130451',2,'<p><br></p>','2025-02-14 17:00:00.000000',NULL,'2025-02-08 17:00:00.000000','Lựa chọn chức năng',0,0,_binary '','','CRITICAL','BACKLOG','THEORY','4527de36-9be4-4ba3-994d-f6276f6c67c0','eb2cff67-6672-4ad6-8b2f-829a547c2595','56ecb8b8-6a8a-471a-826f-3a827025e524','4bccc8ff-e9e3-43ec-b037-a2df9987185e','2025-02-10 17:15:16.000000'),('37415898-8c5d-48b1-afba-bea1dd1bd216','21130451',_binary '\0',NULL,'2025-07-08 03:42:23.665486',NULL,'2025-07-11 15:22:52.503481','21130451',0,'<ol><li data-list=\"bullet\"><span class=\"ql-ui\" contenteditable=\"false\"></span>Routes</li><li data-list=\"bullet\"><span class=\"ql-ui\" contenteditable=\"false\"></span>Dispatcher</li><li data-list=\"bullet\"><span class=\"ql-ui\" contenteditable=\"false\"></span>Filter</li><li data-list=\"bullet\"><span class=\"ql-ui\" contenteditable=\"false\"></span>Model Attribute</li></ol>','2025-02-16 23:39:46.000000',NULL,'2025-02-15 17:00:00.000000','Tìm hiểu về Java Servlet',0,0,_binary '\0','','CRITICAL','DONE','THEORY','4527de36-9be4-4ba3-994d-f6276f6c67c0','8f109a77-484b-4f39-a076-6b2a44b8137a','7cc9eb1e-b051-4fc4-9b5d-0dd423b9b723','de1a9928-7d90-4b22-9f2c-1c1977a9b1d3',NULL),('39162b3b-3530-47a9-930b-472519d3ea82','21130451',_binary '\0',NULL,'2025-07-14 06:30:07.426281',NULL,'2025-07-14 06:39:29.871877','21130451',2,'<p><br></p>','2025-02-15 17:31:09.000000',NULL,'2025-02-15 17:00:00.000000','Nguyên tắc vẽ Usecase',0,0,_binary '\0','','CRITICAL','DONE','THEORY','4527de36-9be4-4ba3-994d-f6276f6c67c0','eb2cff67-6672-4ad6-8b2f-829a547c2595',NULL,'4af885f3-a68c-4204-8840-2a1c179222a4','2025-02-15 17:21:46.000000'),('3b6bb22d-9933-4411-a38a-74557aa8af6a','21130320',_binary '\0',NULL,'2025-07-14 08:26:06.936786',NULL,'2025-07-14 09:14:07.367000','21130320',2,'<p><br></p>','2025-03-26 06:02:41.000000',NULL,'2025-03-22 17:00:00.000000','Ứng dụng Observer trong chức năng thông báo',0,0,_binary '\0','','CRITICAL','DONE','PRACTICE','17194877-c523-475f-9bf6-e627293e916f','7d783967-3144-4c76-ae91-0bcb3ebab45b','0efffdb4-b730-4f32-b930-79dddc45554a','6a01e474-92f2-440e-9cc1-c1041de2e1be','2025-03-16 05:30:10.000000'),('3ccd42a7-db79-4bc8-bb37-9e3815e5629f','21130363',_binary '\0',NULL,'2025-07-08 04:03:25.397650',NULL,'2025-07-08 04:03:25.397650','21130363',0,'<p><br></p>','2025-02-21 17:00:00.000000',NULL,'2025-02-15 17:00:00.000000','Vẽ ERD',0,0,_binary '','0','CRITICAL','TODO','THEORY',NULL,'3bff699d-9121-413b-8896-49b00f0952a3',NULL,'de1a9928-7d90-4b22-9f2c-1c1977a9b1d3','2025-02-14 17:00:00.000000'),('3e4f12eb-13b5-4998-b2f9-4789361c6e64','21130601',_binary '\0',NULL,'2025-07-08 03:56:16.020644',NULL,'2025-07-08 03:56:16.020644','21130601',0,'<p><br></p>','2025-02-21 17:00:00.000000',NULL,'2025-02-15 17:00:00.000000','Vẽ ERD',0,0,_binary '','0','CRITICAL','TODO','THEORY',NULL,'f5dbc1df-3827-4a90-b9fb-8e1e5736c8c9',NULL,'de1a9928-7d90-4b22-9f2c-1c1977a9b1d3','2025-02-14 17:00:00.000000'),('3f1a9020-6c23-408e-9986-da0d72c8c21f','21130451',_binary '\0',NULL,'2025-07-09 06:35:17.713368',NULL,'2025-07-09 15:27:36.776191','21130451',1,'<p><br></p>','2025-02-22 21:03:21.000000',NULL,'2025-02-18 17:00:00.000000','Chuẩn hóa dữ liệu',0,0,_binary '\0','','CRITICAL','DONE','THEORY','4527de36-9be4-4ba3-994d-f6276f6c67c0','5090ec43-8787-4d26-8bc2-7c760a4d93ff','56ecb8b8-6a8a-471a-826f-3a827025e524','94b4cde8-df2d-4241-a80a-d79fffaafd45','2025-01-31 17:37:30.000000'),('3fbce159-615a-48d6-bde3-405f33c00397','21130451',_binary '\0',NULL,'2025-07-09 06:38:31.700108',NULL,'2025-07-09 16:10:30.338315','21130451',1,'<p><br></p>','2025-04-08 03:57:19.000000',NULL,'2025-04-04 17:00:00.000000','Chuẩn bị slide thuyết trình và báo cáo',0,0,_binary '\0','','CRITICAL','DONE','THEORY','7cc9eb1e-b051-4fc4-9b5d-0dd423b9b723','5090ec43-8787-4d26-8bc2-7c760a4d93ff','56ecb8b8-6a8a-471a-826f-3a827025e524','2fec7291-d7dd-4835-853f-f3d8453487eb','2025-01-31 17:40:44.000000'),('41588002-2923-47de-b973-73dba7ae0406','21130451',_binary '\0',NULL,'2025-07-09 06:35:50.715257',NULL,'2025-07-09 15:55:11.763079','21130451',1,'<p><br></p>','2025-04-03 17:00:00.000000',NULL,'2025-03-20 17:00:00.000000','Ghi nhận kết quả thực nghiệm',0,0,_binary '','','CRITICAL','REVIEW','THEORY','4527de36-9be4-4ba3-994d-f6276f6c67c0','5090ec43-8787-4d26-8bc2-7c760a4d93ff','7cc9eb1e-b051-4fc4-9b5d-0dd423b9b723','be992de1-8f5a-4c5b-8158-2d7ae3c7ab38','2025-01-31 17:38:03.000000'),('417fd31a-5225-4c20-84fc-e45a34e3be90','21130320',_binary '\0',NULL,'2025-07-09 06:10:40.084646',NULL,'2025-07-09 16:10:23.270581','21130320',0,'<p><br></p>','2025-04-08 03:57:11.000000',NULL,'2025-04-04 17:00:00.000000','Ghi nhận ưu/nhược điểm',0,0,_binary '\0','','CRITICAL','DONE','THEORY','0efffdb4-b730-4f32-b930-79dddc45554a','66fb3db5-3f1f-41b6-9ee9-c7c01a801de8','17194877-c523-475f-9bf6-e627293e916f','2fec7291-d7dd-4835-853f-f3d8453487eb','2025-04-01 08:26:33.000000'),('4278214a-b080-44a8-a3bf-57094f6d42ea','21130320',_binary '\0',NULL,'2025-07-07 13:46:14.653113',NULL,'2025-07-11 15:33:28.279421','21130320',0,'<p><br></p>','2025-02-24 11:50:12.000000',NULL,'2025-02-22 17:00:00.000000','Xây dựng UI đăng nhập/Đăng ký',0,0,_binary '\0','','CRITICAL','DONE','THEORY','29494edf-a498-48f4-85e1-e33775976468','caf9e00b-e1c5-4b0f-9c49-2eac892a327e','0efffdb4-b730-4f32-b930-79dddc45554a','5d57fb7a-7aab-4264-a6cf-12fc55f5093d',NULL),('4283c8ab-a88e-4852-996f-4add842026c6','21130363',_binary '\0',NULL,'2025-07-08 04:03:25.601955',NULL,'2025-07-08 04:03:25.601955','21130363',0,'<p><br></p>','2025-02-28 17:00:00.000000',NULL,'2025-02-22 17:00:00.000000','Xây dựng UI đăng nhập/Đăng ký',0,0,_binary '','0','CRITICAL','TODO','THEORY',NULL,'3bff699d-9121-413b-8896-49b00f0952a3',NULL,'5d57fb7a-7aab-4264-a6cf-12fc55f5093d','2025-02-21 17:00:00.000000'),('42dcaa4b-9c21-4922-872e-f89e1339f857','21130451',_binary '\0',NULL,'2025-07-14 05:55:08.833614',NULL,'2025-07-14 06:24:55.571954','21130451',2,'<p><br></p>','2025-02-10 17:16:41.000000',NULL,'2025-02-08 17:00:00.000000','Chọn ngôn ngữ',0,0,_binary '\0','','CRITICAL','DONE','THEORY','4527de36-9be4-4ba3-994d-f6276f6c67c0','eb2cff67-6672-4ad6-8b2f-829a547c2595','4527de36-9be4-4ba3-994d-f6276f6c67c0','4bccc8ff-e9e3-43ec-b037-a2df9987185e','2025-01-31 17:05:59.000000'),('4394db4e-95ae-42a2-8b7a-3bcf95ed04bf','21130363',_binary '\0',NULL,'2025-07-08 04:03:25.414101',NULL,'2025-07-08 08:53:32.742008','21130363',0,'<p><br></p>','2025-02-14 17:00:00.000000',NULL,'2025-02-08 17:00:00.000000','Đối tượng sử dụng chính',0,0,_binary '','0','CRITICAL','TODO','THEORY',NULL,'3bff699d-9121-413b-8896-49b00f0952a3',NULL,'565e13cb-7a4c-4f75-88f2-903a54ddc690','2025-02-07 17:00:00.000000'),('45f66c89-cfb8-45e3-8068-625d6bc94b9a','21130320',_binary '\0',NULL,'2025-07-23 17:59:50.719005',NULL,'2025-07-23 18:04:53.016315','21130320',2,'<p><br></p>','2025-02-10 19:36:26.000000',NULL,'2025-02-08 17:00:00.000000','Chọn đề tài',0,0,_binary '\0','','CRITICAL','DONE','THEORY','0efffdb4-b730-4f32-b930-79dddc45554a','09a3fd3d-110c-4021-b4f2-13e32f43e261','29494edf-a498-48f4-85e1-e33775976468','ed30f4f9-61ee-499c-b68d-e736c3290b2a','2025-02-08 17:31:29.000000'),('465701b3-29fa-4791-8bb0-8dd6f244a2b4','21130451',_binary '\0',NULL,'2025-07-14 08:42:54.959466',NULL,'2025-07-14 08:55:41.639932','21130451',2,'<p><br></p>','2025-03-16 05:44:28.000000',NULL,'2025-03-15 17:00:00.000000','Tóm tắt kiển thức Factory Method',0,0,_binary '\0','','CRITICAL','DONE','THEORY','4527de36-9be4-4ba3-994d-f6276f6c67c0','eb2cff67-6672-4ad6-8b2f-829a547c2595',NULL,'dd34ecaf-9783-4b03-b211-edc72a3e5f31','2025-03-16 05:31:41.000000'),('466cbd4e-5f3e-469b-a7f7-dd0cf7cf579c','21130320',_binary '\0',NULL,'2025-07-09 05:04:19.736036',NULL,'2025-07-11 16:05:17.478037','21130320',0,'<p><br></p>','2025-03-15 20:48:18.000000',NULL,'2025-03-15 17:00:00.000000','Tạo Data mẫu',0,0,_binary '\0','','CRITICAL','DONE','THEORY',NULL,'caf9e00b-e1c5-4b0f-9c49-2eac892a327e',NULL,'0a98d5b3-7a3f-4cd0-a294-b04adeccbe7c',NULL),('46f69c03-27a1-4bb4-a6a9-7fe14cee096a','21130320',_binary '\0',NULL,'2025-07-14 09:07:03.801266',NULL,'2025-07-14 09:15:30.203974','21130320',2,'<p><br></p>','2025-03-26 06:04:04.000000',NULL,'2025-03-22 17:00:00.000000','Tóm tắt kiến thức decorator',0,0,_binary '\0','','CRITICAL','DONE','THEORY','0efffdb4-b730-4f32-b930-79dddc45554a','7d783967-3144-4c76-ae91-0bcb3ebab45b','29494edf-a498-48f4-85e1-e33775976468','6a01e474-92f2-440e-9cc1-c1041de2e1be','2025-03-22 21:55:41.000000'),('483f12f6-ffdd-4cfc-a615-1016244e0e1f','21130451',_binary '\0',NULL,'2025-07-08 03:42:23.855421',NULL,'2025-07-11 17:10:46.099087','21130451',0,'<p><br></p>','2025-05-04 06:19:27.000000',NULL,'2025-05-03 17:00:00.000000','Quản lý đơn hàng cho admin',0,0,_binary '\0','','CRITICAL','DONE','THEORY','56ecb8b8-6a8a-471a-826f-3a827025e524','8f109a77-484b-4f39-a076-6b2a44b8137a','7cc9eb1e-b051-4fc4-9b5d-0dd423b9b723','20550769-da23-4d54-983e-bdcc62d80a37',NULL),('49b6cad4-89f5-45e3-b235-4c3bad2a611c','21130363',_binary '\0',NULL,'2025-07-08 04:03:25.576294',NULL,'2025-07-08 04:03:25.576294','21130363',0,'<p><br></p>',NULL,NULL,NULL,'Tạo data mẫu cho sản phẩm',0,0,_binary '','0','CRITICAL','BACKLOG','THEORY',NULL,'3bff699d-9121-413b-8896-49b00f0952a3',NULL,NULL,NULL),('4a23bbf7-6df4-4523-b8e2-bca52203c3cc','21130451',_binary '\0',NULL,'2025-07-09 06:35:13.836280',NULL,'2025-07-09 16:08:26.052044','21130451',1,'<p><br></p>','2025-04-08 03:55:14.000000',NULL,'2025-04-04 17:00:00.000000','Viết báo cáo dữ liệu',0,0,_binary '\0','','CRITICAL','DONE','THEORY','4527de36-9be4-4ba3-994d-f6276f6c67c0','5090ec43-8787-4d26-8bc2-7c760a4d93ff','56ecb8b8-6a8a-471a-826f-3a827025e524','2fec7291-d7dd-4835-853f-f3d8453487eb','2025-04-01 08:26:57.000000'),('4b2a4626-0ef4-49b7-bdfc-09318cf788cb','21130451',_binary '\0',NULL,'2025-07-08 03:42:23.599768',NULL,'2025-07-11 16:57:24.943707','21130451',0,'<p><br></p>','2025-03-30 01:40:07.000000',NULL,'2025-03-29 17:00:00.000000','Tạo Api đơn hàng và thành toán',0,0,_binary '\0','','CRITICAL','DONE','THEORY','4527de36-9be4-4ba3-994d-f6276f6c67c0','8f109a77-484b-4f39-a076-6b2a44b8137a','7cc9eb1e-b051-4fc4-9b5d-0dd423b9b723','28e4b229-c075-444e-bb7e-b2f27a9fd103',NULL),('4c41fd02-6f06-4cd3-ad3e-0aeb78b0d14b','21130451',_binary '\0',NULL,'2025-07-08 03:42:23.842099',NULL,'2025-07-11 15:33:35.465242','21130451',0,'<ol><li data-list=\"bullet\"><span class=\"ql-ui\" contenteditable=\"false\"></span>Tạo kết nối database bằng jdbi</li><li data-list=\"bullet\"><span class=\"ql-ui\" contenteditable=\"false\"></span>Viết class util để xử lý chung </li><li data-list=\"bullet\"><span class=\"ql-ui\" contenteditable=\"false\"></span>Tạo data mẫu cho user và test CRUD</li></ol>','2025-02-24 11:50:19.000000',NULL,'2025-02-22 17:00:00.000000','Thiết lập kết nối database',0,0,_binary '\0','','CRITICAL','DONE','THEORY','56ecb8b8-6a8a-471a-826f-3a827025e524','8f109a77-484b-4f39-a076-6b2a44b8137a','7cc9eb1e-b051-4fc4-9b5d-0dd423b9b723','5d57fb7a-7aab-4264-a6cf-12fc55f5093d',NULL),('4c50b5c3-cbf9-4e1b-bcf8-c1b93e04524d','21130320',_binary '\0',NULL,'2025-07-14 09:37:15.823653',NULL,'2025-07-14 09:56:22.115103','21130320',2,'<p><br></p>','2025-04-16 22:44:28.000000',NULL,'2025-04-05 17:00:00.000000','Tóm tắt kiến thức MVC',0,0,_binary '\0','','CRITICAL','DONE','THEORY','0efffdb4-b730-4f32-b930-79dddc45554a','7d783967-3144-4c76-ae91-0bcb3ebab45b','17194877-c523-475f-9bf6-e627293e916f','bbfc8df2-5eb2-4a78-84d1-1e65beddd6f3','2025-04-05 06:25:36.000000'),('4cf5c1e4-3cea-4ead-bcaa-7278d60ba126','21130601',_binary '\0',NULL,'2025-07-08 03:56:16.263855',NULL,'2025-07-08 03:56:16.263855','21130601',0,'<p><br></p>','2025-03-28 17:00:00.000000',NULL,'2025-03-22 17:00:00.000000','Viết SQL mã giảm giá',0,0,_binary '','0','CRITICAL','TODO','THEORY',NULL,'f5dbc1df-3827-4a90-b9fb-8e1e5736c8c9',NULL,'0e1c0884-cd4f-4efe-85cf-ed3d6c1fce8d','2025-03-21 17:00:00.000000'),('4e272291-4b0f-4fd3-8f3a-a129ae98d94a','21130320',_binary '\0',NULL,'2025-07-14 06:29:07.665919',NULL,'2025-07-14 06:41:31.766224','21130320',2,'<p><br></p>','2025-02-23 05:33:01.000000',NULL,'2025-02-15 17:00:00.000000','Tóm tắt kiến thức',0,0,_binary '\0','','CRITICAL','DONE','THEORY','0efffdb4-b730-4f32-b930-79dddc45554a','7d783967-3144-4c76-ae91-0bcb3ebab45b',NULL,'4af885f3-a68c-4204-8840-2a1c179222a4','2025-02-15 17:20:46.000000'),('510010e1-3ed9-4df8-8cb2-96966b0306d9','21130451',_binary '\0',NULL,'2025-07-08 03:42:23.815263',NULL,'2025-07-11 15:46:55.586841','21130451',0,'<p><br></p>','2025-03-01 18:43:32.000000',NULL,'2025-03-01 17:00:00.000000','Tạo Api phân trang và tích hợp',0,0,_binary '\0','','CRITICAL','DONE','THEORY','56ecb8b8-6a8a-471a-826f-3a827025e524','8f109a77-484b-4f39-a076-6b2a44b8137a','4527de36-9be4-4ba3-994d-f6276f6c67c0','018a1ba5-dda1-4179-b73e-176e6693a371',NULL),('5180dbe5-6aca-4b03-a6ec-a48b20c0d5a1','21130320',_binary '\0',NULL,'2025-07-08 07:25:28.210540',NULL,'2025-07-08 07:29:50.572801','21130320',0,'<p><br></p>','2025-05-17 17:00:00.000000',NULL,'2025-05-03 17:00:00.000000','Giới hạn số lượng đặt hàng trong 1 lần',0,0,_binary '','0','CRITICAL','BACKLOG','THEORY','17194877-c523-475f-9bf6-e627293e916f','caf9e00b-e1c5-4b0f-9c49-2eac892a327e','29494edf-a498-48f4-85e1-e33775976468',NULL,NULL),('53866c78-4448-4c75-8bc2-4d800f1e82e0','21130320',_binary '\0',NULL,'2025-07-23 18:00:46.566689',NULL,'2025-07-23 18:04:54.327932','21130320',2,'<p><br></p>','2025-02-10 19:36:27.000000',NULL,'2025-02-08 17:00:00.000000','Tìm kiếm tập dataset',0,0,_binary '\0','','CRITICAL','DONE','THEORY','29494edf-a498-48f4-85e1-e33775976468','09a3fd3d-110c-4021-b4f2-13e32f43e261','0efffdb4-b730-4f32-b930-79dddc45554a','ed30f4f9-61ee-499c-b68d-e736c3290b2a','2025-02-08 17:32:25.000000'),('53a5b737-e6b8-493c-8ac3-3abb5ba997cb','21130451',_binary '\0',NULL,'2025-07-08 03:42:23.688272',NULL,'2025-07-11 15:33:36.742008','21130451',0,'<p><br></p>','2025-02-24 11:50:20.000000',NULL,'2025-02-22 17:00:00.000000','Xây dựng Bankend Đăng nhập/Đăng ký',0,0,_binary '\0','','CRITICAL','DONE','THEORY','56ecb8b8-6a8a-471a-826f-3a827025e524','8f109a77-484b-4f39-a076-6b2a44b8137a','7cc9eb1e-b051-4fc4-9b5d-0dd423b9b723','5d57fb7a-7aab-4264-a6cf-12fc55f5093d',NULL),('57674d25-5957-4b63-a0e8-3cc382ff2cb5','21130451',_binary '\0',NULL,'2025-07-08 03:42:23.828460',NULL,'2025-07-11 16:16:10.778998','21130451',0,'<p><br></p>','2025-03-23 08:59:02.000000',NULL,'2025-03-22 17:00:00.000000','Viết SQL mã giảm giá',0,0,_binary '\0','','CRITICAL','DONE','THEORY','4527de36-9be4-4ba3-994d-f6276f6c67c0','8f109a77-484b-4f39-a076-6b2a44b8137a','7cc9eb1e-b051-4fc4-9b5d-0dd423b9b723','0e1c0884-cd4f-4efe-85cf-ed3d6c1fce8d',NULL),('586fae64-1fa6-4abc-bd70-31aa0c87a0d5','21130451',_binary '\0',NULL,'2025-07-09 06:34:41.752349',NULL,'2025-07-09 15:41:23.449085','21130451',1,'<p><br></p>','2025-03-13 05:15:26.000000',NULL,'2025-03-05 17:00:00.000000','Tìm kiếm và đánh giá các bộ dữ liệu tiềm năng',0,0,_binary '\0','','CRITICAL','DONE','THEORY',NULL,'5090ec43-8787-4d26-8bc2-7c760a4d93ff',NULL,'50b47ab0-c2b8-4bfd-95bf-c35023aaf198','2025-02-26 17:19:22.000000'),('58e8c82d-b813-4809-b65d-675827426cde','21130320',_binary '\0',NULL,'2025-07-14 09:07:34.507580',NULL,'2025-07-14 09:17:35.544351','21130320',2,'<p><br></p>','2025-03-26 06:06:09.000000',NULL,'2025-03-22 17:00:00.000000','Ứng dụng Decorator',0,0,_binary '\0','','CRITICAL','DONE','THEORY','0efffdb4-b730-4f32-b930-79dddc45554a','7d783967-3144-4c76-ae91-0bcb3ebab45b','29494edf-a498-48f4-85e1-e33775976468','6a01e474-92f2-440e-9cc1-c1041de2e1be','2025-03-22 21:56:12.000000'),('5a8fb415-4761-4f0a-b18b-151f37180111','21130320',_binary '\0',NULL,'2025-07-09 06:02:30.228922',NULL,'2025-07-09 15:06:21.385332','21130320',0,'<p>Logistic Regression, CNN, v.v.</p>','2025-02-14 19:58:22.000000',NULL,'2025-02-09 17:00:00.000000','Tìm hiểu các mô hình phù hợp với đề tài',0,0,_binary '\0','','CRITICAL','DONE','THEORY','0efffdb4-b730-4f32-b930-79dddc45554a','66fb3db5-3f1f-41b6-9ee9-c7c01a801de8','17194877-c523-475f-9bf6-e627293e916f','ed56cfbc-3019-48c5-9109-e97c30d0e4f5','2025-01-31 17:04:42.000000'),('5ac6c293-5858-482a-bc78-0992bcd2531e','21130320',_binary '\0',NULL,'2025-07-08 00:44:49.118425',NULL,'2025-07-11 16:05:42.630935','21130320',0,'<p><br></p>','2025-03-15 20:48:43.000000',NULL,'2025-03-15 17:00:00.000000','Tích hợp backend giỏ hàng',0,0,_binary '\0','','CRITICAL','DONE','THEORY','0efffdb4-b730-4f32-b930-79dddc45554a','caf9e00b-e1c5-4b0f-9c49-2eac892a327e','29494edf-a498-48f4-85e1-e33775976468','0a98d5b3-7a3f-4cd0-a294-b04adeccbe7c',NULL),('5b692e5a-40f6-400c-878d-34639e60ed28','21130451',_binary '\0',NULL,'2025-07-08 14:08:29.935336',NULL,'2025-07-08 14:08:30.021867','21130451',0,'<p><br></p>',NULL,NULL,NULL,'Upload ảnh lên server',0,0,_binary '','0','CRITICAL','BACKLOG','THEORY','56ecb8b8-6a8a-471a-826f-3a827025e524','8f109a77-484b-4f39-a076-6b2a44b8137a','4527de36-9be4-4ba3-994d-f6276f6c67c0',NULL,NULL),('5ba87096-58f7-42f9-8f3f-fc476dfa55bc','21130363',_binary '\0',NULL,'2025-07-08 04:03:25.521922',NULL,'2025-07-08 04:03:25.521922','21130363',0,'<p><br></p>','2025-03-14 17:00:00.000000',NULL,'2025-03-01 17:00:00.000000','Viết SQL lấy danh sách sản phẩm (có phân trang)',0,0,_binary '','0','CRITICAL','TODO','THEORY',NULL,'3bff699d-9121-413b-8896-49b00f0952a3',NULL,'018a1ba5-dda1-4179-b73e-176e6693a371','2025-02-28 17:00:00.000000'),('5bb097a7-4df5-4c5c-b40c-5ff8af2c55b2','21130451',_binary '\0',NULL,'2025-07-09 06:35:47.164951',NULL,'2025-07-09 15:55:13.854470','21130451',1,'<p><br></p>','2025-03-28 04:22:17.000000',NULL,'2025-03-20 17:00:00.000000','Tích hợp mô hình',0,0,_binary '\0','','CRITICAL','DONE','THEORY',NULL,'5090ec43-8787-4d26-8bc2-7c760a4d93ff',NULL,'be992de1-8f5a-4c5b-8158-2d7ae3c7ab38','2025-01-31 17:37:59.000000'),('5fe0f172-5cd7-4e30-887e-2924745b30cf','21130320',_binary '\0',NULL,'2025-07-08 07:29:27.420866',NULL,'2025-07-08 07:29:44.613395','21130320',0,'<p><br></p>','2025-05-17 17:00:00.000000',NULL,'2025-05-03 17:00:00.000000','Thống kê cho admin',0,0,_binary '','0','CRITICAL','BACKLOG','THEORY','17194877-c523-475f-9bf6-e627293e916f','caf9e00b-e1c5-4b0f-9c49-2eac892a327e','29494edf-a498-48f4-85e1-e33775976468',NULL,NULL),('6045f693-459e-4b85-97ee-e158e9934e95','21130320',_binary '\0',NULL,'2025-07-07 10:33:01.567308',NULL,'2025-07-11 15:46:36.407390','21130320',0,'<p><br></p>','2025-03-01 18:42:48.000000',NULL,'2025-03-01 17:00:00.000000','Tạo data mẫu cho sản phẩm',0,0,_binary '\0','','CRITICAL','DONE','THEORY','0efffdb4-b730-4f32-b930-79dddc45554a','caf9e00b-e1c5-4b0f-9c49-2eac892a327e','0efffdb4-b730-4f32-b930-79dddc45554a','018a1ba5-dda1-4179-b73e-176e6693a371','2025-02-16 23:35:26.000000'),('605df3ab-cbbc-443a-ac2c-6ac8a50c4c8f','21130320',_binary '\0',NULL,'2025-07-14 08:24:52.928555',NULL,'2025-07-14 08:37:16.573100','21130320',2,'<p><br></p>','2025-03-12 21:26:07.000000',NULL,'2025-03-08 17:00:00.000000','Tóm tắt kiến thức Singleton pattern',0,0,_binary '\0','','CRITICAL','DONE','THEORY','17194877-c523-475f-9bf6-e627293e916f','7d783967-3144-4c76-ae91-0bcb3ebab45b','0efffdb4-b730-4f32-b930-79dddc45554a','8e395f10-31a4-4e06-b450-52d7c50da7e0','2025-03-08 17:13:50.000000'),('6104e8a9-a27f-4477-84b1-da5243769113','21130320',_binary '\0',NULL,'2025-07-08 00:44:54.530691',NULL,'2025-07-11 16:16:03.178081','21130320',0,'<p><br></p>','2025-03-23 08:58:54.000000',NULL,'2025-03-22 17:00:00.000000','Tạo UI mã giảm giá',0,0,_binary '\0','','CRITICAL','DONE','THEORY',NULL,'caf9e00b-e1c5-4b0f-9c49-2eac892a327e',NULL,'0e1c0884-cd4f-4efe-85cf-ed3d6c1fce8d',NULL),('617a7b21-c08b-4475-a1df-0acfb7d7bb95','21130451',_binary '\0',NULL,'2025-07-08 03:42:23.556690',NULL,'2025-07-11 17:10:29.066217','21130451',0,'<p><br></p>','2025-05-04 06:19:10.000000',NULL,'2025-05-03 17:00:00.000000','Ràng buộc trạng thái đơn hàng',0,0,_binary '\0','','CRITICAL','DONE','THEORY','4527de36-9be4-4ba3-994d-f6276f6c67c0','8f109a77-484b-4f39-a076-6b2a44b8137a','56ecb8b8-6a8a-471a-826f-3a827025e524','20550769-da23-4d54-983e-bdcc62d80a37',NULL),('63cd62c5-8a87-46e6-a190-25efa178676e','21130451',_binary '\0',NULL,'2025-07-08 03:42:23.870234',NULL,'2025-07-11 17:03:45.455656','21130451',0,'<p><br></p>','2025-04-11 17:00:00.000000',NULL,'2025-03-29 17:00:00.000000','Tích hợp đơn hàng',0,0,_binary '','','CRITICAL','BACKLOG','THEORY','56ecb8b8-6a8a-471a-826f-3a827025e524','8f109a77-484b-4f39-a076-6b2a44b8137a','4527de36-9be4-4ba3-994d-f6276f6c67c0','28e4b229-c075-444e-bb7e-b2f27a9fd103',NULL),('646186b2-1c04-4f1e-8e5b-c8fb4e5b62f7','21130363',_binary '\0',NULL,'2025-07-08 04:03:25.495638',NULL,'2025-07-08 04:03:25.495638','21130363',0,'<ol><li data-list=\"bullet\"><span class=\"ql-ui\" contenteditable=\"false\"></span>Routes</li><li data-list=\"bullet\"><span class=\"ql-ui\" contenteditable=\"false\"></span>Dispatcher</li><li data-list=\"bullet\"><span class=\"ql-ui\" contenteditable=\"false\"></span>Filter</li><li data-list=\"bullet\"><span class=\"ql-ui\" contenteditable=\"false\"></span>Model Attribute</li></ol>','2025-02-21 17:00:00.000000',NULL,'2025-02-15 17:00:00.000000','Tìm hiểu về Java Servlet',0,0,_binary '','0','CRITICAL','TODO','THEORY',NULL,'3bff699d-9121-413b-8896-49b00f0952a3',NULL,'de1a9928-7d90-4b22-9f2c-1c1977a9b1d3','2025-02-14 17:00:00.000000'),('68121d39-d08f-4cba-9224-613e1e466c21','21130320',_binary '\0',NULL,'2025-07-09 06:03:10.143542',NULL,'2025-07-09 15:28:38.169359','21130320',0,'<p><br></p>','2025-02-26 05:04:18.000000',NULL,'2025-02-18 17:00:00.000000','Tiến hành thống kê dữ liệu gốc',0,0,_binary '\0','','CRITICAL','DONE','THEORY','29494edf-a498-48f4-85e1-e33775976468','66fb3db5-3f1f-41b6-9ee9-c7c01a801de8',NULL,'94b4cde8-df2d-4241-a80a-d79fffaafd45','2025-01-31 17:05:22.000000'),('6aeacb01-cb38-44e1-ac4d-4d90733a594f','21130601',_binary '\0',NULL,'2025-07-08 03:56:16.237443',NULL,'2025-07-08 03:56:16.237443','21130601',0,'<p><br></p>','2025-03-14 17:00:00.000000',NULL,'2025-03-01 17:00:00.000000','Thực hiện UI trang sản phẩm mới',0,0,_binary '','0','CRITICAL','TODO','THEORY',NULL,'f5dbc1df-3827-4a90-b9fb-8e1e5736c8c9',NULL,'018a1ba5-dda1-4179-b73e-176e6693a371','2025-02-28 17:00:00.000000'),('6b3e7777-27e5-4b67-aa72-f57077588bf0','21130451',_binary '\0',NULL,'2025-07-14 09:36:42.427092',NULL,'2025-07-14 09:56:19.933316','21130451',2,'<p><br></p>','2025-04-16 22:44:26.000000',NULL,'2025-04-05 17:00:00.000000','Tóm tắt kiến thức MVC',0,0,_binary '\0','','CRITICAL','DONE','THEORY','4527de36-9be4-4ba3-994d-f6276f6c67c0','eb2cff67-6672-4ad6-8b2f-829a547c2595','56ecb8b8-6a8a-471a-826f-3a827025e524','bbfc8df2-5eb2-4a78-84d1-1e65beddd6f3','2025-04-05 06:25:03.000000'),('6c561e5a-eed9-472e-bf1e-b2fbca3643e5','21130601',_binary '\0',NULL,'2025-07-08 03:56:16.147863',NULL,'2025-07-08 03:56:16.147863','21130601',0,'<p><br></p>','2025-03-14 17:00:00.000000',NULL,'2025-03-01 17:00:00.000000','Viết SQL lấy danh sách sản phẩm (có phân trang)',0,0,_binary '','0','CRITICAL','TODO','THEORY',NULL,'f5dbc1df-3827-4a90-b9fb-8e1e5736c8c9',NULL,'018a1ba5-dda1-4179-b73e-176e6693a371','2025-02-28 17:00:00.000000'),('6dca7bcb-0af9-4f6f-a8cc-d0f29c8740e6','21130601',_binary '\0',NULL,'2025-07-08 03:56:16.050584',NULL,'2025-07-08 03:56:16.050584','21130601',0,'<p><br></p>','2025-05-17 17:00:00.000000',NULL,'2025-05-03 17:00:00.000000','Ràng buộc trạng thai đơn hàng',0,0,_binary '','0','CRITICAL','TODO','THEORY',NULL,'f5dbc1df-3827-4a90-b9fb-8e1e5736c8c9',NULL,'20550769-da23-4d54-983e-bdcc62d80a37','2025-05-02 17:00:00.000000'),('6f43113f-b7ba-4249-ba9f-c3de2466516f','21130363',_binary '\0',NULL,'2025-07-08 04:03:25.614820',NULL,'2025-07-08 04:03:25.614820','21130363',0,'<p><br></p>','2025-03-14 17:00:00.000000',NULL,'2025-03-01 17:00:00.000000','Thực hiện UI trang sản phẩm mới',0,0,_binary '','0','CRITICAL','TODO','THEORY',NULL,'3bff699d-9121-413b-8896-49b00f0952a3',NULL,'018a1ba5-dda1-4179-b73e-176e6693a371','2025-02-28 17:00:00.000000'),('6fcc312c-3edb-4fb5-ac75-710ea971b720','21130601',_binary '\0',NULL,'2025-07-08 03:56:16.225499',NULL,'2025-07-08 03:56:16.225499','21130601',0,'<p><br></p>','2025-02-28 17:00:00.000000',NULL,'2025-02-22 17:00:00.000000','Xây dựng UI đăng nhập/Đăng ký',0,0,_binary '','0','CRITICAL','TODO','THEORY',NULL,'f5dbc1df-3827-4a90-b9fb-8e1e5736c8c9',NULL,'5d57fb7a-7aab-4264-a6cf-12fc55f5093d','2025-02-21 17:00:00.000000'),('72eb8ed8-beda-45db-9ae0-9efc5e90f1c3','21130320',_binary '\0',NULL,'2025-07-23 18:00:21.793806',NULL,'2025-07-23 18:05:09.042803','21130320',1,'<ol><li data-list=\"bullet\"><span class=\"ql-ui\" contenteditable=\"false\"></span>Tính khả thi của đề tài</li><li data-list=\"bullet\"><span class=\"ql-ui\" contenteditable=\"false\"></span>Tập dataset liên quan</li><li data-list=\"bullet\"><span class=\"ql-ui\" contenteditable=\"false\"></span>Có khả năng demo</li></ol>','2025-02-12 21:36:36.000000',NULL,'2025-02-08 17:00:00.000000','Xác định yêu cầu đề tài',1,0,_binary '\0','','CRITICAL','DONE','THEORY','0efffdb4-b730-4f32-b930-79dddc45554a','09a3fd3d-110c-4021-b4f2-13e32f43e261','17194877-c523-475f-9bf6-e627293e916f','ed30f4f9-61ee-499c-b68d-e736c3290b2a','2025-02-08 17:32:00.000000'),('740f67c7-6dd3-4f75-80b4-3c0fd0e31755','21130601',_binary '\0',NULL,'2025-07-08 03:56:16.212073',NULL,'2025-07-08 03:56:16.212073','21130601',0,'<p><br></p>','2025-03-21 17:00:00.000000',NULL,'2025-03-15 17:00:00.000000','Tích hợp backend',0,0,_binary '','0','CRITICAL','TODO','THEORY',NULL,'f5dbc1df-3827-4a90-b9fb-8e1e5736c8c9',NULL,'0a98d5b3-7a3f-4cd0-a294-b04adeccbe7c','2025-03-14 17:00:00.000000'),('7419e5b4-a268-4ce9-b3b6-cffb505823d5','21130320',_binary '\0',NULL,'2025-07-09 06:02:55.275434',NULL,'2025-07-09 15:06:23.878060','21130320',0,'<p><br></p>','2025-02-14 19:58:25.000000',NULL,'2025-02-09 17:00:00.000000','Tạo Google Colab workspace',0,0,_binary '\0','','CRITICAL','DONE','THEORY','17194877-c523-475f-9bf6-e627293e916f','66fb3db5-3f1f-41b6-9ee9-c7c01a801de8',NULL,'ed56cfbc-3019-48c5-9109-e97c30d0e4f5','2025-01-31 17:05:07.000000'),('74951b4e-91ce-49ec-bc3f-6f27fbbf5a0a','21130451',_binary '\0',NULL,'2025-07-14 09:03:18.977776',NULL,'2025-07-14 09:17:39.802364','21130451',2,'<p>ádádádasdádasd</p>','2025-03-26 06:06:13.000000',NULL,'2025-03-22 17:00:00.000000','Ứng dụng Iterator pattern',0,0,_binary '\0','','CRITICAL','DONE','THEORY','56ecb8b8-6a8a-471a-826f-3a827025e524','eb2cff67-6672-4ad6-8b2f-829a547c2595','7cc9eb1e-b051-4fc4-9b5d-0dd423b9b723','6a01e474-92f2-440e-9cc1-c1041de2e1be','2025-03-22 21:51:57.000000'),('77239470-7156-4603-87a1-a1a63d6864c2','21130601',_binary '\0',NULL,'2025-07-08 03:56:16.089040',NULL,'2025-07-08 03:56:16.089040','21130601',0,'<p><br></p>','2025-02-14 17:00:00.000000',NULL,'2025-02-08 17:00:00.000000','Mô hình kinh doanh bán quần áo',0,0,_binary '','0','CRITICAL','TODO','THEORY',NULL,'f5dbc1df-3827-4a90-b9fb-8e1e5736c8c9',NULL,'565e13cb-7a4c-4f75-88f2-903a54ddc690','2025-02-07 17:00:00.000000'),('79cd1ec9-8f38-42a4-ae09-bfe2d0e2c3ad','21130320',_binary '\0',NULL,'2025-07-07 01:32:00.562650',NULL,'2025-07-11 15:22:48.820703','21130320',2,'<p>Tìm hiểu JSP</p><p>Tìm hiểu thư viện hỗ trợ JSTL</p><p>Tự tạo 1 tag jstl custom</p>','2025-02-16 23:39:42.000000',NULL,'2025-02-15 17:00:00.000000','Tìm hiểu về ViewEngine JSP',1,0,_binary '\0','','CRITICAL','DONE','THEORY','0efffdb4-b730-4f32-b930-79dddc45554a','caf9e00b-e1c5-4b0f-9c49-2eac892a327e','17194877-c523-475f-9bf6-e627293e916f','de1a9928-7d90-4b22-9f2c-1c1977a9b1d3',NULL),('7f5f7757-7916-4f74-8055-b43b254323e0','21130320',_binary '\0',NULL,'2025-07-14 09:25:44.007732',NULL,'2025-07-14 09:32:01.235291','21130320',2,'<p><br></p>','2025-03-31 06:20:29.000000',NULL,'2025-03-29 17:00:00.000000','Ứng dụng Template Method',0,0,_binary '\0','','CRITICAL','DONE','THEORY','0efffdb4-b730-4f32-b930-79dddc45554a','7d783967-3144-4c76-ae91-0bcb3ebab45b','17194877-c523-475f-9bf6-e627293e916f','99157455-4dac-4bd4-a540-f43c0fd93145','2025-03-31 06:14:11.000000'),('7fbbd25e-f3f6-40ac-9644-db4e4267870a','21130320',_binary '\0',NULL,'2025-07-07 01:23:01.903307',NULL,'2025-07-11 15:14:28.575132','21130320',2,'<p>asdasdsadad</p>','2025-02-09 21:31:39.000000',NULL,'2025-02-08 17:00:00.000000','Bảo quản sản phẩm',1,0,_binary '\0','','CRITICAL','DONE','THEORY','0efffdb4-b730-4f32-b930-79dddc45554a','caf9e00b-e1c5-4b0f-9c49-2eac892a327e','17194877-c523-475f-9bf6-e627293e916f','565e13cb-7a4c-4f75-88f2-903a54ddc690',NULL),('80b81c0b-8e50-4809-ac4a-46ca8184f72c','21130601',_binary '\0',NULL,'2025-07-08 03:56:16.199127',NULL,'2025-07-08 03:56:16.199127','21130601',0,'<p><br></p>',NULL,NULL,NULL,'Tạo data mẫu cho sản phẩm',0,0,_binary '','0','CRITICAL','BACKLOG','THEORY',NULL,'f5dbc1df-3827-4a90-b9fb-8e1e5736c8c9',NULL,NULL,NULL),('80ed9f43-0ad7-4302-9f7c-d1b8521e6459','21130363',_binary '\0',NULL,'2025-07-08 04:03:25.551257',NULL,'2025-07-08 04:03:25.551257','21130363',0,'<p><br></p>','2025-04-11 17:00:00.000000',NULL,'2025-03-29 17:00:00.000000','Tạo Ui đơn hàng',0,0,_binary '','0','CRITICAL','TODO','THEORY',NULL,'3bff699d-9121-413b-8896-49b00f0952a3',NULL,'28e4b229-c075-444e-bb7e-b2f27a9fd103','2025-03-28 17:00:00.000000'),('83f43bbd-c595-49cc-ab7e-6ee1c3505630','21130320',_binary '\0',NULL,'2025-07-14 08:53:18.114083',NULL,'2025-07-14 08:55:16.969691','21130320',2,'<p><br></p>','2025-03-16 05:44:03.000000',NULL,'2025-03-15 17:00:00.000000','Tóm tắt kiển thức Factory Method',0,0,_binary '\0','','CRITICAL','DONE','THEORY','0efffdb4-b730-4f32-b930-79dddc45554a','7d783967-3144-4c76-ae91-0bcb3ebab45b','29494edf-a498-48f4-85e1-e33775976468','dd34ecaf-9783-4b03-b211-edc72a3e5f31','2025-03-16 05:42:04.000000'),('845ccc41-1ac5-4566-a6bf-c4b7afd6878a','21130451',_binary '\0',NULL,'2025-07-09 06:34:51.394221',NULL,'2025-07-09 15:28:32.499311','21130451',1,'<p><br></p>','2025-02-26 05:04:12.000000',NULL,'2025-02-18 17:00:00.000000','Làm sạch dữ liệu',0,0,_binary '\0','','CRITICAL','DONE','THEORY','4527de36-9be4-4ba3-994d-f6276f6c67c0','5090ec43-8787-4d26-8bc2-7c760a4d93ff','4527de36-9be4-4ba3-994d-f6276f6c67c0','94b4cde8-df2d-4241-a80a-d79fffaafd45','2025-01-31 17:37:03.000000'),('84f08bd1-62ac-4513-a7fe-cfcc37045d16','21130601',_binary '\0',NULL,'2025-07-08 03:56:16.063387',NULL,'2025-07-08 03:56:16.063387','21130601',0,'<p><br></p>','2025-03-21 17:00:00.000000',NULL,'2025-03-15 17:00:00.000000','Tạo UI giỏ hàng',0,0,_binary '','0','CRITICAL','TODO','THEORY',NULL,'f5dbc1df-3827-4a90-b9fb-8e1e5736c8c9',NULL,'0a98d5b3-7a3f-4cd0-a294-b04adeccbe7c','2025-03-14 17:00:00.000000'),('850f6f6e-9ab8-44b9-a729-95325bfc0db2','21130451',_binary '\0',NULL,'2025-07-14 09:03:54.584975',NULL,'2025-07-14 09:17:07.310875','21130451',2,'<p>ádấdsad</p>','2025-03-26 06:05:41.000000',NULL,'2025-03-22 17:00:00.000000','Tóm tắt Decorator pattern',0,0,_binary '\0','','CRITICAL','DONE','THEORY','4527de36-9be4-4ba3-994d-f6276f6c67c0','eb2cff67-6672-4ad6-8b2f-829a547c2595','56ecb8b8-6a8a-471a-826f-3a827025e524','6a01e474-92f2-440e-9cc1-c1041de2e1be','2025-03-22 21:52:32.000000'),('85d9ddc8-f394-45cc-9f12-558284c4ac67','21130451',_binary '\0',NULL,'2025-07-14 06:32:05.981093',NULL,'2025-07-14 10:16:38.273952','21130451',2,'<p><br></p>','2025-04-24 11:04:35.000000',NULL,'2025-04-19 17:00:00.000000','Nguyên tắc vẽ Class Diagram',0,0,_binary '\0','','CRITICAL','DONE','THEORY','7cc9eb1e-b051-4fc4-9b5d-0dd423b9b723','eb2cff67-6672-4ad6-8b2f-829a547c2595','56ecb8b8-6a8a-471a-826f-3a827025e524','06a57b77-0290-450f-8312-db22e8c21c78','2025-04-05 06:28:55.000000'),('882a4697-ad0e-403a-b800-9b37c39026da','21130601',_binary '\0',NULL,'2025-07-08 03:56:16.175529',NULL,'2025-07-08 03:56:16.175529','21130601',0,'<p><br></p>','2025-04-11 17:00:00.000000',NULL,'2025-03-29 17:00:00.000000','Tạo Ui đơn hàng',0,0,_binary '','0','CRITICAL','TODO','THEORY',NULL,'f5dbc1df-3827-4a90-b9fb-8e1e5736c8c9',NULL,'28e4b229-c075-444e-bb7e-b2f27a9fd103','2025-03-28 17:00:00.000000'),('89396196-25ad-4857-bab4-f3fd4ccec21d','21130320',_binary '\0',NULL,'2025-07-14 10:04:05.759146',NULL,'2025-07-14 10:20:26.536240','21130320',2,'<p><br></p>','2025-04-24 11:08:23.000000',NULL,'2025-04-19 17:00:00.000000','Tối ưu mẫu Abstract Factory Method',0,0,_binary '\0','','CRITICAL','DONE','THEORY','29494edf-a498-48f4-85e1-e33775976468','7d783967-3144-4c76-ae91-0bcb3ebab45b','0efffdb4-b730-4f32-b930-79dddc45554a','06a57b77-0290-450f-8312-db22e8c21c78','2025-04-20 06:52:07.000000'),('898456bc-968d-47fa-b8c4-f7f66aef3a56','21130320',_binary '\0',NULL,'2025-07-09 11:06:32.028442',NULL,'2025-07-09 15:41:17.541261','21130320',1,'<p><br></p>','2025-03-13 05:15:20.000000',NULL,'2025-03-05 17:00:00.000000','Lập bảng kết quả so sánh mô hình',0,0,_binary '\0','','CRITICAL','DONE','THEORY','29494edf-a498-48f4-85e1-e33775976468','66fb3db5-3f1f-41b6-9ee9-c7c01a801de8','17194877-c523-475f-9bf6-e627293e916f','50b47ab0-c2b8-4bfd-95bf-c35023aaf198','2025-03-07 06:57:45.000000'),('8ab385ab-b281-4f10-9a71-a2cde106a6c0','21130451',_binary '\0',NULL,'2025-07-09 06:34:36.443394',NULL,'2025-07-09 15:06:26.657431','21130451',1,'<p><br></p>','2025-02-14 19:58:27.000000',NULL,'2025-02-09 17:00:00.000000','Tạo Google Colab workspace',0,0,_binary '\0','','CRITICAL','DONE','THEORY',NULL,'5090ec43-8787-4d26-8bc2-7c760a4d93ff',NULL,'ed56cfbc-3019-48c5-9109-e97c30d0e4f5','2025-01-31 17:36:48.000000'),('8b11f5a1-7fd9-42c9-87f0-ca02f5d69518','21130320',_binary '\0',NULL,'2025-07-07 10:37:36.513832',NULL,'2025-07-11 17:10:39.602305','21130320',0,'<p><br></p>','2025-05-17 17:00:00.000000',NULL,'2025-05-03 17:00:00.000000','Viết SQL lấy danh sách sản phẩm (có phân trang)',0,0,_binary '','','CRITICAL','INPROCESS','THEORY','29494edf-a498-48f4-85e1-e33775976468','caf9e00b-e1c5-4b0f-9c49-2eac892a327e','17194877-c523-475f-9bf6-e627293e916f','20550769-da23-4d54-983e-bdcc62d80a37','2025-04-15 18:52:46.000000'),('8dd42970-f9be-4f43-aae0-a63541db3006','21130320',_binary '\0',NULL,'2025-07-14 09:06:31.989417',NULL,'2025-07-14 09:14:10.926885','21130320',2,'<p><br></p>','2025-03-26 06:02:45.000000',NULL,'2025-03-22 17:00:00.000000','Tóm tắt kiến thức iterator',0,0,_binary '\0','','CRITICAL','DONE','THEORY','17194877-c523-475f-9bf6-e627293e916f','7d783967-3144-4c76-ae91-0bcb3ebab45b','0efffdb4-b730-4f32-b930-79dddc45554a','6a01e474-92f2-440e-9cc1-c1041de2e1be','2025-03-22 21:55:10.000000'),('8fd43c50-98db-430a-8383-d819d6efc377','21130451',_binary '\0',NULL,'2025-07-08 03:42:23.543376',NULL,'2025-07-11 15:14:30.381775','21130451',2,'<p>asdasdasd</p>','2025-02-09 21:31:41.000000',NULL,'2025-02-08 17:00:00.000000','Đối tượng sử dụng chính',1,0,_binary '\0','','CRITICAL','DONE','THEORY','4527de36-9be4-4ba3-994d-f6276f6c67c0','8f109a77-484b-4f39-a076-6b2a44b8137a','56ecb8b8-6a8a-471a-826f-3a827025e524','565e13cb-7a4c-4f75-88f2-903a54ddc690',NULL),('8ff830ee-99ec-4486-aa52-a6679e460372','21130320',_binary '\0',NULL,'2025-07-08 03:34:31.515282',NULL,'2025-07-11 16:41:15.264449','21130320',2,'<p>asdasdsadsad</p>','2025-02-28 17:00:00.000000',NULL,'2025-02-22 17:00:00.000000','Các chức năng cần thiết',1,0,_binary '','','CRITICAL','BACKLOG','THEORY','17194877-c523-475f-9bf6-e627293e916f','caf9e00b-e1c5-4b0f-9c49-2eac892a327e','0efffdb4-b730-4f32-b930-79dddc45554a','5d57fb7a-7aab-4264-a6cf-12fc55f5093d','2025-02-16 23:35:19.000000'),('902558ef-4cae-4988-8d63-016347aee7cc','21130451',_binary '\0',NULL,'2025-07-09 06:35:35.340208',NULL,'2025-07-09 15:41:24.761691','21130451',1,'<p><br></p>','2025-03-13 05:15:27.000000',NULL,'2025-03-05 17:00:00.000000','Lựa chọn và triển khai mô hình Logistic Regression',0,0,_binary '\0','','CRITICAL','DONE','THEORY',NULL,'5090ec43-8787-4d26-8bc2-7c760a4d93ff',NULL,'50b47ab0-c2b8-4bfd-95bf-c35023aaf198','2025-01-31 17:37:47.000000'),('90705e8d-4011-47dd-8c15-6284fb924232','21130451',_binary '\0',NULL,'2025-07-14 08:22:22.482801',NULL,'2025-07-14 08:38:34.885513','21130451',2,'<p>Phân tích</p>','2025-03-12 21:27:26.000000',NULL,'2025-03-08 17:00:00.000000','Ứng dụng làm chức năng thông báo trên JavaSwing với Singleton',2,0,_binary '\0','','CRITICAL','DONE','THEORY','56ecb8b8-6a8a-471a-826f-3a827025e524','eb2cff67-6672-4ad6-8b2f-829a547c2595','7cc9eb1e-b051-4fc4-9b5d-0dd423b9b723','8e395f10-31a4-4e06-b450-52d7c50da7e0','2025-03-08 17:11:20.000000'),('92fd8254-b41a-4015-b450-4666c69c5e23','21130601',_binary '\0',NULL,'2025-07-08 03:56:16.287994',NULL,'2025-07-08 03:56:16.287994','21130601',0,'<p><br></p>','2025-04-11 17:00:00.000000',NULL,'2025-03-29 17:00:00.000000','Tích hợp đơn hàng',0,0,_binary '','0','CRITICAL','TODO','THEORY',NULL,'f5dbc1df-3827-4a90-b9fb-8e1e5736c8c9',NULL,'28e4b229-c075-444e-bb7e-b2f27a9fd103','2025-03-28 17:00:00.000000'),('933e5098-acc6-4bdf-b1ae-0446a5cb2ed5','21130320',_binary '\0',NULL,'2025-07-14 05:54:48.988538',NULL,'2025-07-14 06:24:49.639822','21130320',2,'<p><br></p>','2025-02-10 17:16:35.000000',NULL,'2025-02-08 17:00:00.000000','Chọn đề tài',0,0,_binary '\0','','CRITICAL','DONE','THEORY','0efffdb4-b730-4f32-b930-79dddc45554a','7d783967-3144-4c76-ae91-0bcb3ebab45b','17194877-c523-475f-9bf6-e627293e916f','4bccc8ff-e9e3-43ec-b037-a2df9987185e','2025-01-31 17:05:39.000000'),('9393080c-f6cf-4ed1-913c-d463edebb448','21130320',_binary '\0',NULL,'2025-07-14 06:37:42.640332',NULL,'2025-07-14 06:41:44.560927','21130320',2,'<p><br></p>','2025-02-23 05:33:14.000000',NULL,'2025-02-15 17:00:00.000000','Nguyên tắc vẽ Class Diagram',0,0,_binary '\0','','CRITICAL','DONE','THEORY','17194877-c523-475f-9bf6-e627293e916f','7d783967-3144-4c76-ae91-0bcb3ebab45b','29494edf-a498-48f4-85e1-e33775976468','4af885f3-a68c-4204-8840-2a1c179222a4','2025-02-15 17:29:21.000000'),('94a7ef44-96a0-46f4-8f7d-e90200f81e1d','21130320',_binary '\0',NULL,'2025-07-14 08:24:28.359275',NULL,'2025-07-14 08:37:15.398936','21130320',2,'<p><br></p>','2025-03-12 21:26:06.000000',NULL,'2025-03-08 17:00:00.000000','Tóm tắt kiến thức Observer pattern',0,0,_binary '\0','','CRITICAL','DONE','THEORY','0efffdb4-b730-4f32-b930-79dddc45554a','7d783967-3144-4c76-ae91-0bcb3ebab45b','17194877-c523-475f-9bf6-e627293e916f','8e395f10-31a4-4e06-b450-52d7c50da7e0','2025-03-08 17:13:25.000000'),('94d52d39-74f0-4910-baab-8dc002ad2157','21130320',_binary '\0',NULL,'2025-07-07 13:49:31.327848',NULL,'2025-07-11 15:33:30.021107','21130320',0,'<p><br></p>','2025-02-24 11:50:13.000000',NULL,'2025-02-22 17:00:00.000000','Xây dựng Bankend Đăng nhập/Đăng ký',0,0,_binary '\0','','CRITICAL','DONE','THEORY','29494edf-a498-48f4-85e1-e33775976468','caf9e00b-e1c5-4b0f-9c49-2eac892a327e','0efffdb4-b730-4f32-b930-79dddc45554a','5d57fb7a-7aab-4264-a6cf-12fc55f5093d',NULL),('9509da3d-28fc-4201-9b8f-b10a2c33a918','21130320',_binary '\0',NULL,'2025-07-14 06:37:29.109935',NULL,'2025-07-14 06:41:30.490505','21130320',2,'<p><br></p>','2025-02-23 05:33:00.000000',NULL,'2025-02-15 17:00:00.000000','Nguyễn tắc vẽ Usecase digram',0,0,_binary '\0','','CRITICAL','DONE','THEORY','0efffdb4-b730-4f32-b930-79dddc45554a','7d783967-3144-4c76-ae91-0bcb3ebab45b','0efffdb4-b730-4f32-b930-79dddc45554a','4af885f3-a68c-4204-8840-2a1c179222a4','2025-02-15 17:29:08.000000'),('962fcc14-a3f0-49eb-8544-04222bd3d536','21130451',_binary '\0',NULL,'2025-07-09 06:35:23.682820',NULL,'2025-07-09 16:10:33.014817','21130451',1,'<p><br></p>','2025-04-18 17:00:00.000000',NULL,'2025-04-04 17:00:00.000000','Ghi nhận ưu/nhược điểm',0,0,_binary '','','CRITICAL','REVIEW','THEORY','4527de36-9be4-4ba3-994d-f6276f6c67c0','5090ec43-8787-4d26-8bc2-7c760a4d93ff','56ecb8b8-6a8a-471a-826f-3a827025e524','2fec7291-d7dd-4835-853f-f3d8453487eb','2025-04-01 08:26:54.000000'),('964bbb90-d087-46f2-95b8-b0554c985fef','21130320',_binary '\0',NULL,'2025-07-14 08:52:56.566327',NULL,'2025-07-14 08:55:36.051714','21130320',2,'<p><br></p>','2025-03-16 05:44:22.000000',NULL,'2025-03-15 17:00:00.000000','Ứng dụng Factory Method',0,0,_binary '\0','','CRITICAL','DONE','THEORY','0efffdb4-b730-4f32-b930-79dddc45554a','7d783967-3144-4c76-ae91-0bcb3ebab45b','17194877-c523-475f-9bf6-e627293e916f','dd34ecaf-9783-4b03-b211-edc72a3e5f31','2025-03-16 05:41:43.000000'),('97908154-d456-4745-bd1a-69cf5f125549','21130451',_binary '\0',NULL,'2025-07-14 08:46:10.595384',NULL,'2025-07-14 08:55:44.279351','21130451',2,'<p>Ứng dụng</p>','2025-03-16 05:44:31.000000',NULL,'2025-03-15 17:00:00.000000','Ứng dụng Abstract Factory',0,0,_binary '\0','','CRITICAL','DONE','PRACTICE','56ecb8b8-6a8a-471a-826f-3a827025e524','eb2cff67-6672-4ad6-8b2f-829a547c2595','4527de36-9be4-4ba3-994d-f6276f6c67c0','dd34ecaf-9783-4b03-b211-edc72a3e5f31','2025-03-16 05:34:57.000000'),('9875eb8f-d632-4933-b2a4-00a8b3f08b08','21130320',_binary '\0',NULL,'2025-07-07 01:29:53.350305',NULL,'2025-07-11 15:22:30.714895','21130320',0,'<ol><li data-list=\"bullet\"><span class=\"ql-ui\" contenteditable=\"false\"></span>Routes</li><li data-list=\"bullet\"><span class=\"ql-ui\" contenteditable=\"false\"></span>Dispatcher</li><li data-list=\"bullet\"><span class=\"ql-ui\" contenteditable=\"false\"></span>Filter</li><li data-list=\"bullet\"><span class=\"ql-ui\" contenteditable=\"false\"></span>Model Attribute</li></ol>','2025-02-16 23:39:24.000000',NULL,'2025-02-15 17:00:00.000000','Tìm hiểu về Java Servlet',0,0,_binary '\0','','CRITICAL','DONE','THEORY','0efffdb4-b730-4f32-b930-79dddc45554a','caf9e00b-e1c5-4b0f-9c49-2eac892a327e','17194877-c523-475f-9bf6-e627293e916f','de1a9928-7d90-4b22-9f2c-1c1977a9b1d3',NULL),('988fbe92-cd6e-49d8-bd60-5a5abcb3181a','21130601',_binary '\0',NULL,'2025-07-08 03:56:16.187508',NULL,'2025-07-08 03:56:16.187508','21130601',0,'<p><br></p>','2025-03-28 17:00:00.000000',NULL,'2025-03-22 17:00:00.000000','Tạo UI mã giảm giá',0,0,_binary '','0','CRITICAL','TODO','THEORY',NULL,'f5dbc1df-3827-4a90-b9fb-8e1e5736c8c9',NULL,'0e1c0884-cd4f-4efe-85cf-ed3d6c1fce8d','2025-03-21 17:00:00.000000'),('9a602de5-4957-47d9-8646-2e29a2ac7f6c','21130451',_binary '\0',NULL,'2025-07-08 03:42:23.723481',NULL,'2025-07-11 15:14:31.606428','21130451',2,'<p>asdsadsadadsad</p>','2025-02-09 21:31:42.000000',NULL,'2025-02-08 17:00:00.000000','Bảo quản sản phẩm',1,0,_binary '\0','','CRITICAL','DONE','THEORY','4527de36-9be4-4ba3-994d-f6276f6c67c0','8f109a77-484b-4f39-a076-6b2a44b8137a','56ecb8b8-6a8a-471a-826f-3a827025e524','565e13cb-7a4c-4f75-88f2-903a54ddc690',NULL),('9a6db468-60b9-401e-b348-8ea68ebbe3ab','21130451',_binary '\0',NULL,'2025-07-14 05:54:17.999018',NULL,'2025-07-14 06:24:56.819176','21130451',2,'<p><br></p>','2025-02-10 17:16:43.000000',NULL,'2025-02-08 17:00:00.000000','Chọn đề tài',0,0,_binary '\0','','CRITICAL','DONE','THEORY','4527de36-9be4-4ba3-994d-f6276f6c67c0','eb2cff67-6672-4ad6-8b2f-829a547c2595','56ecb8b8-6a8a-471a-826f-3a827025e524','4bccc8ff-e9e3-43ec-b037-a2df9987185e','2025-01-31 17:05:08.000000'),('9ac5b911-563b-42c9-a63e-8fe0aa8ebe27','21130451',_binary '\0',NULL,'2025-07-09 06:34:56.066296',NULL,'2025-07-09 15:28:30.857284','21130451',1,'<p><br></p>','2025-02-26 05:04:10.000000',NULL,'2025-02-18 17:00:00.000000','Tiến hành thống kê dữ liệu gốc',0,0,_binary '\0','','CRITICAL','DONE','THEORY','4527de36-9be4-4ba3-994d-f6276f6c67c0','5090ec43-8787-4d26-8bc2-7c760a4d93ff','56ecb8b8-6a8a-471a-826f-3a827025e524','94b4cde8-df2d-4241-a80a-d79fffaafd45','2025-01-31 17:37:08.000000'),('9b24f79c-55ff-42b8-a528-9a95d61098c3','21130601',_binary '\0',NULL,'2025-07-08 03:56:16.076859',NULL,'2025-07-08 03:56:16.076859','21130601',0,'<p><br></p>','2025-04-11 17:00:00.000000',NULL,'2025-03-29 17:00:00.000000','Tạo Api đơn hàng và thành toán',0,0,_binary '','0','CRITICAL','TODO','THEORY',NULL,'f5dbc1df-3827-4a90-b9fb-8e1e5736c8c9',NULL,'28e4b229-c075-444e-bb7e-b2f27a9fd103','2025-03-28 17:00:00.000000'),('9b445125-43fd-42c6-b945-af3a1f040c1f','21130451',_binary '\0',NULL,'2025-07-08 03:42:23.787698',NULL,'2025-07-11 15:33:32.280114','21130451',0,'<p><br></p>','2025-02-24 11:50:16.000000',NULL,'2025-02-22 17:00:00.000000','Xây dựng UI đăng nhập/Đăng ký',0,0,_binary '\0','','CRITICAL','DONE','THEORY','56ecb8b8-6a8a-471a-826f-3a827025e524','8f109a77-484b-4f39-a076-6b2a44b8137a','4527de36-9be4-4ba3-994d-f6276f6c67c0','5d57fb7a-7aab-4264-a6cf-12fc55f5093d',NULL),('9beecb51-b8d9-4fde-9c9f-41cd83d06a90','21130320',_binary '\0',NULL,'2025-07-09 06:09:40.992955',NULL,'2025-07-09 15:41:16.395725','21130320',0,'<p><br></p>','2025-03-13 05:15:19.000000',NULL,'2025-03-05 17:00:00.000000','Lựa chọn và triển khai mô hình SVM',0,0,_binary '\0','','CRITICAL','DONE','THEORY','17194877-c523-475f-9bf6-e627293e916f','66fb3db5-3f1f-41b6-9ee9-c7c01a801de8','29494edf-a498-48f4-85e1-e33775976468','50b47ab0-c2b8-4bfd-95bf-c35023aaf198','2025-01-31 17:11:53.000000'),('9eb14510-1041-4dae-ae23-1600226144f5','21130451',_binary '\0',NULL,'2025-07-09 06:34:30.425707',NULL,'2025-07-09 15:06:25.546554','21130451',1,'<p><br></p>','2025-02-14 19:58:26.000000',NULL,'2025-02-09 17:00:00.000000','Tìm hiểu các mô hình phù hợp với đề tài',0,0,_binary '\0','','CRITICAL','DONE','THEORY','4527de36-9be4-4ba3-994d-f6276f6c67c0','5090ec43-8787-4d26-8bc2-7c760a4d93ff','56ecb8b8-6a8a-471a-826f-3a827025e524','ed56cfbc-3019-48c5-9109-e97c30d0e4f5','2025-01-31 17:36:42.000000'),('9f5645cb-2b14-48a4-a66f-44b3e81e75ec','21130320',_binary '\0',NULL,'2025-07-09 06:07:16.048372',NULL,'2025-07-09 15:28:44.926939','21130320',0,'<p><br></p>','2025-02-26 05:04:24.000000',NULL,'2025-02-18 17:00:00.000000','Viết báo cáo dữ liệu',0,0,_binary '\0','','CRITICAL','DONE','THEORY','0efffdb4-b730-4f32-b930-79dddc45554a','66fb3db5-3f1f-41b6-9ee9-c7c01a801de8','29494edf-a498-48f4-85e1-e33775976468','94b4cde8-df2d-4241-a80a-d79fffaafd45','2025-01-31 17:09:28.000000'),('a019c804-b4b0-48f9-9c7e-8e0fff35b5e8','21130451',_binary '\0',NULL,'2025-07-08 03:42:23.761870',NULL,'2025-07-11 15:46:21.699074','21130451',0,'<p><br></p>','2025-03-01 18:42:58.000000',NULL,'2025-03-01 17:00:00.000000','Tạo data mẫu cho sản phẩm',0,0,_binary '\0','','CRITICAL','DONE','THEORY',NULL,'8f109a77-484b-4f39-a076-6b2a44b8137a',NULL,'018a1ba5-dda1-4179-b73e-176e6693a371',NULL),('a0460d0c-52a7-41bc-8892-056a4dfdb09f','21130451',_binary '\0',NULL,'2025-07-08 03:42:23.751356',NULL,'2025-07-11 16:50:34.320602','21130451',0,'<p><br></p>',NULL,NULL,'2025-03-22 17:00:00.000000','Tạo UI mã giảm giá',0,0,_binary '','','CRITICAL','BACKLOG','THEORY','7cc9eb1e-b051-4fc4-9b5d-0dd423b9b723','8f109a77-484b-4f39-a076-6b2a44b8137a','4527de36-9be4-4ba3-994d-f6276f6c67c0','0e1c0884-cd4f-4efe-85cf-ed3d6c1fce8d',NULL),('a08b838a-ff67-4ba5-a269-74526b8792d9','21130451',_binary '\0',NULL,'2025-07-09 06:35:31.443402',NULL,'2025-07-09 16:10:35.184344','21130451',1,'<p><br></p>','2025-04-08 03:57:23.000000',NULL,'2025-04-04 17:00:00.000000','Đánh giá mô hình',0,0,_binary '\0','','CRITICAL','DONE','THEORY','56ecb8b8-6a8a-471a-826f-3a827025e524','5090ec43-8787-4d26-8bc2-7c760a4d93ff','4527de36-9be4-4ba3-994d-f6276f6c67c0','2fec7291-d7dd-4835-853f-f3d8453487eb','2025-04-01 08:26:50.000000'),('a24392ac-3ec5-4ee9-9db1-ac99680a5477','21130451',_binary '\0',NULL,'2025-07-14 09:04:43.019282',NULL,'2025-07-14 09:17:00.326787','21130451',2,'<p>âaaaa</p>','2025-03-26 06:05:34.000000',NULL,'2025-03-22 17:00:00.000000','Tóm tắt iterator pattern',0,0,_binary '\0','','CRITICAL','DONE','THEORY','7cc9eb1e-b051-4fc4-9b5d-0dd423b9b723','eb2cff67-6672-4ad6-8b2f-829a547c2595','4527de36-9be4-4ba3-994d-f6276f6c67c0','6a01e474-92f2-440e-9cc1-c1041de2e1be','2025-03-22 21:53:21.000000'),('a2648b08-d64a-4b8b-93ff-1239c7c5dbb9','21130320',_binary '\0',NULL,'2025-07-14 07:50:50.074280',NULL,'2025-07-18 05:23:06.594314','21130320',2,'<p><br></p>',NULL,NULL,'2025-03-01 17:00:00.000000','Ứng dụng vào chức năng chuyển đổi đơn vị',0,0,_binary '','','CRITICAL','TODO','THEORY',NULL,'7d783967-3144-4c76-ae91-0bcb3ebab45b',NULL,'f19b6b33-be76-4d2b-b85d-dbd4caf3da1d','2025-03-01 22:42:11.000000'),('a37151d9-beb1-4c6a-8b43-6a011355aaf8','21130451',_binary '\0',NULL,'2025-07-11 15:33:52.327474',NULL,'2025-07-11 15:57:14.121164','21130451',2,'<p><br></p>','2025-02-28 17:00:00.000000',NULL,'2025-02-22 17:00:00.000000','isssue thêm vào sprint 3',0,0,_binary '','0','CRITICAL','BACKLOG','THEORY',NULL,'8f109a77-484b-4f39-a076-6b2a44b8137a',NULL,'5d57fb7a-7aab-4264-a6cf-12fc55f5093d','2025-02-24 11:50:36.000000'),('a48a80fc-5a7b-4ba2-82f1-59da6bf9b45c','21130320',_binary '\0',NULL,'2025-07-08 00:44:33.660547',NULL,'2025-07-11 16:07:15.267920','21130320',0,'<p><br></p>','2025-03-15 20:50:16.000000',NULL,'2025-03-15 17:00:00.000000','Viết SQL',0,0,_binary '\0','','CRITICAL','DONE','THEORY','0efffdb4-b730-4f32-b930-79dddc45554a','caf9e00b-e1c5-4b0f-9c49-2eac892a327e','17194877-c523-475f-9bf6-e627293e916f','0a98d5b3-7a3f-4cd0-a294-b04adeccbe7c',NULL),('a50089bb-409f-43bb-bb48-b0c04ee54f5e','21130320',_binary '\0',NULL,'2025-07-07 01:12:15.854112',NULL,'2025-07-11 15:14:26.594489','21130320',2,'<p>asdasdasd</p>','2025-02-09 21:31:37.000000',NULL,'2025-02-08 17:00:00.000000','Mô hình kinh doanh bán quần áo',1,0,_binary '\0','','CRITICAL','DONE','THEORY','29494edf-a498-48f4-85e1-e33775976468','caf9e00b-e1c5-4b0f-9c49-2eac892a327e','0efffdb4-b730-4f32-b930-79dddc45554a','565e13cb-7a4c-4f75-88f2-903a54ddc690',NULL),('a63259f6-2812-4b66-90d5-2653e873728f','21130320',_binary '\0',NULL,'2025-07-09 06:10:06.382716',NULL,'2025-07-09 15:41:34.477921','21130320',0,'<p><br></p>','2025-03-13 05:15:37.000000',NULL,'2025-03-05 17:00:00.000000','Đánh giá mô hình',0,0,_binary '\0','','CRITICAL','DONE','THEORY','29494edf-a498-48f4-85e1-e33775976468','66fb3db5-3f1f-41b6-9ee9-c7c01a801de8','17194877-c523-475f-9bf6-e627293e916f','50b47ab0-c2b8-4bfd-95bf-c35023aaf198','2025-01-31 17:12:18.000000'),('a85c8ffc-bf81-43c8-bbd3-16022dda5045','21130451',_binary '\0',NULL,'2025-07-08 14:16:58.387674',NULL,'2025-07-11 17:03:50.139081','21130451',0,'<p><br></p>','2025-05-17 17:00:00.000000',NULL,'2025-05-03 17:00:00.000000','Quản lý ảnh cho sản phẩm',0,0,_binary '','0','CRITICAL','TODO','THEORY','56ecb8b8-6a8a-471a-826f-3a827025e524','8f109a77-484b-4f39-a076-6b2a44b8137a','4527de36-9be4-4ba3-994d-f6276f6c67c0','20550769-da23-4d54-983e-bdcc62d80a37','2025-04-15 18:52:53.000000'),('aa7cbac9-8db0-4217-b4f9-766ad8123a66','21130320',_binary '\0',NULL,'2025-07-09 10:51:37.472516',NULL,'2025-07-09 16:08:29.880104','21130320',1,'<p><br></p>','2025-04-08 03:55:18.000000',NULL,'2025-04-04 17:00:00.000000','Tách tập train/test/validation',0,0,_binary '\0','','CRITICAL','DONE','THEORY','17194877-c523-475f-9bf6-e627293e916f','66fb3db5-3f1f-41b6-9ee9-c7c01a801de8','0efffdb4-b730-4f32-b930-79dddc45554a','2fec7291-d7dd-4835-853f-f3d8453487eb','2025-04-01 08:26:39.000000'),('aa9d8f2c-b12f-4b2f-a17f-b8dcadb8b51a','21130320',_binary '\0',NULL,'2025-07-14 05:58:09.698798',NULL,'2025-07-14 06:24:53.650672','21130320',2,'<p><br></p>','2025-02-10 17:16:39.000000',NULL,'2025-02-08 17:00:00.000000','Lựa chọn chức năng',0,0,_binary '\0','','CRITICAL','DONE','THEORY','0efffdb4-b730-4f32-b930-79dddc45554a','7d783967-3144-4c76-ae91-0bcb3ebab45b','17194877-c523-475f-9bf6-e627293e916f','4bccc8ff-e9e3-43ec-b037-a2df9987185e','2025-01-31 17:09:00.000000'),('ab0bc23c-2f5c-47a2-8729-761eb3eacb16','21130363',_binary '\0',NULL,'2025-07-08 04:03:25.663100',NULL,'2025-07-08 04:03:25.663100','21130363',0,'<p><br></p>','2025-04-11 17:00:00.000000',NULL,'2025-03-29 17:00:00.000000','Tích hợp đơn hàng',0,0,_binary '','0','CRITICAL','TODO','THEORY',NULL,'3bff699d-9121-413b-8896-49b00f0952a3',NULL,'28e4b229-c075-444e-bb7e-b2f27a9fd103','2025-03-28 17:00:00.000000'),('ab2515ac-f4d3-4c3e-9523-e889ed35b948','21130451',_binary '\0',NULL,'2025-07-08 03:42:23.513813',NULL,'2025-07-11 15:22:53.682750','21130451',0,'<p>Tìm hiểu JSP</p><p>Tìm hiểu thư viện hỗ trợ JSTL</p><p>Tự tạo 1 tag jstl custom</p>','2025-02-16 23:39:47.000000',NULL,'2025-02-15 17:00:00.000000','Tìm hiểu về ViewEngine JSP',0,0,_binary '\0','','CRITICAL','DONE','THEORY','4527de36-9be4-4ba3-994d-f6276f6c67c0','8f109a77-484b-4f39-a076-6b2a44b8137a','7cc9eb1e-b051-4fc4-9b5d-0dd423b9b723','de1a9928-7d90-4b22-9f2c-1c1977a9b1d3',NULL),('ade371ea-9972-4220-afd4-7cef60a58521','21130451',_binary '\0',NULL,'2025-07-14 07:39:39.590344',NULL,'2025-07-14 08:07:26.827177','21130451',2,'<p><br></p>','2025-03-03 17:01:43.000000',NULL,'2025-03-01 17:00:00.000000','Tóm tắt kiến thức Stategy pattern',0,0,_binary '\0','','TRIVIAL','DONE','THEORY','4527de36-9be4-4ba3-994d-f6276f6c67c0','eb2cff67-6672-4ad6-8b2f-829a547c2595','56ecb8b8-6a8a-471a-826f-3a827025e524','f19b6b33-be76-4d2b-b85d-dbd4caf3da1d','2025-03-01 22:31:01.000000'),('ae7c348b-ade1-4d43-925c-42c09bdfc8fa','21130451',_binary '\0',NULL,'2025-07-08 03:42:23.571228',NULL,'2025-07-11 16:07:19.852418','21130451',0,'<p><br></p>','2025-03-15 20:50:20.000000',NULL,'2025-03-15 17:00:00.000000','Tạo UI giỏ hàng',0,0,_binary '\0','','CRITICAL','DONE','THEORY','4527de36-9be4-4ba3-994d-f6276f6c67c0','8f109a77-484b-4f39-a076-6b2a44b8137a','7cc9eb1e-b051-4fc4-9b5d-0dd423b9b723','0a98d5b3-7a3f-4cd0-a294-b04adeccbe7c',NULL),('aefe43ce-aad5-4ca6-b7f5-56268ee9b26a','21130451',_binary '\0',NULL,'2025-07-14 09:22:19.352370',NULL,'2025-07-14 09:32:16.197632','21130451',2,'<p><br></p>','2025-03-31 06:20:44.000000',NULL,'2025-03-29 17:00:00.000000','Tóm tắt kiến thức Template Method',0,0,_binary '\0','','CRITICAL','DONE','THEORY','4527de36-9be4-4ba3-994d-f6276f6c67c0','eb2cff67-6672-4ad6-8b2f-829a547c2595','56ecb8b8-6a8a-471a-826f-3a827025e524','99157455-4dac-4bd4-a540-f43c0fd93145','2025-03-31 06:10:47.000000'),('afd9dc9a-7cd1-42c9-9069-7dec0fbfb788','21130320',_binary '\0',NULL,'2025-07-14 08:54:01.171734',NULL,'2025-07-14 08:55:35.124726','21130320',2,'<p><br></p>','2025-03-16 05:44:21.000000',NULL,'2025-03-15 17:00:00.000000','Tóm tắt kiến thức Abstract Factory pattern',0,0,_binary '\0','','CRITICAL','DONE','THEORY','17194877-c523-475f-9bf6-e627293e916f','7d783967-3144-4c76-ae91-0bcb3ebab45b','29494edf-a498-48f4-85e1-e33775976468','dd34ecaf-9783-4b03-b211-edc72a3e5f31','2025-03-16 05:42:47.000000'),('b1bf060d-9772-42e4-984e-43b52836875f','21130601',_binary '\0',NULL,'2025-07-08 03:56:16.037787',NULL,'2025-07-08 03:56:16.037787','21130601',0,'<p><br></p>','2025-02-14 17:00:00.000000',NULL,'2025-02-08 17:00:00.000000','Đối tượng sử dụng chính',0,0,_binary '','0','CRITICAL','TODO','THEORY',NULL,'f5dbc1df-3827-4a90-b9fb-8e1e5736c8c9',NULL,'565e13cb-7a4c-4f75-88f2-903a54ddc690','2025-02-07 17:00:00.000000'),('b21a82f3-483d-431d-8bbc-7a802df804b3','21130320',_binary '\0',NULL,'2025-07-08 01:03:15.126748',NULL,'2025-07-11 16:57:39.502656','21130320',0,'<p><br></p>','2025-03-30 01:40:22.000000',NULL,'2025-03-29 17:00:00.000000','Tạo APi đơn hàng và thanh toán',0,0,_binary '\0','','CRITICAL','DONE','THEORY','29494edf-a498-48f4-85e1-e33775976468','caf9e00b-e1c5-4b0f-9c49-2eac892a327e','17194877-c523-475f-9bf6-e627293e916f','28e4b229-c075-444e-bb7e-b2f27a9fd103',NULL),('b3bbd3e6-d1da-4b32-ad7e-8340c1138b45','21130451',_binary '\0',NULL,'2025-07-14 08:19:48.326227',NULL,'2025-07-14 08:37:07.601959','21130451',2,'<p><br></p>','2025-03-12 21:25:58.000000',NULL,'2025-03-08 17:00:00.000000','Tóm tắt kiến thức Singeton pattern',0,0,_binary '\0','','CRITICAL','DONE','THEORY','7cc9eb1e-b051-4fc4-9b5d-0dd423b9b723','eb2cff67-6672-4ad6-8b2f-829a547c2595','4527de36-9be4-4ba3-994d-f6276f6c67c0','8e395f10-31a4-4e06-b450-52d7c50da7e0','2025-03-08 17:08:45.000000'),('b60356c2-85be-4244-8bb9-4bb4cc7fac57','21130320',_binary '\0',NULL,'2025-07-14 08:25:37.998603',NULL,'2025-07-14 08:38:38.517229','21130320',2,'<p><br></p>','2025-03-12 21:27:29.000000',NULL,'2025-03-08 17:00:00.000000','Ứng dụng Singleton pattern vào MySQL connection',0,0,_binary '\0','','CRITICAL','DONE','PRACTICE','29494edf-a498-48f4-85e1-e33775976468','7d783967-3144-4c76-ae91-0bcb3ebab45b','0efffdb4-b730-4f32-b930-79dddc45554a','8e395f10-31a4-4e06-b450-52d7c50da7e0','2025-03-08 17:14:35.000000'),('b64f91d0-9a07-41a0-8105-a9ad54cbf456','21130451',_binary '\0',NULL,'2025-07-14 07:49:45.366570',NULL,'2025-07-14 08:07:20.500356','21130451',2,'<p><br></p>','2025-03-03 17:01:37.000000',NULL,'2025-03-01 17:00:00.000000','Chức năng chuyển ngôn ngữ',0,0,_binary '\0','','CRITICAL','DONE','THEORY','56ecb8b8-6a8a-471a-826f-3a827025e524','eb2cff67-6672-4ad6-8b2f-829a547c2595',NULL,'f19b6b33-be76-4d2b-b85d-dbd4caf3da1d','2025-03-01 22:41:07.000000'),('b6a9dfa9-407f-4578-80de-1396522b802b','21130320',_binary '\0',NULL,'2025-07-14 10:11:18.548215',NULL,'2025-07-14 10:20:27.747995','21130320',2,'<p><br></p>','2025-04-24 11:08:24.000000',NULL,'2025-04-19 17:00:00.000000','Tối ưu giao diện Java Swing',0,0,_binary '\0','','CRITICAL','DONE','THEORY','0efffdb4-b730-4f32-b930-79dddc45554a','7d783967-3144-4c76-ae91-0bcb3ebab45b','17194877-c523-475f-9bf6-e627293e916f','06a57b77-0290-450f-8312-db22e8c21c78','2025-04-20 06:59:20.000000'),('b6dd06d0-ad32-4fbb-a654-ca77543af536','21130320',_binary '\0',NULL,'2025-07-14 08:53:38.075027',NULL,'2025-07-14 08:55:37.343840','21130320',2,'<p><br></p>','2025-03-16 05:44:24.000000',NULL,'2025-03-15 17:00:00.000000','Ứng dụng Abstract Factory',0,0,_binary '\0','','CRITICAL','DONE','THEORY','29494edf-a498-48f4-85e1-e33775976468','7d783967-3144-4c76-ae91-0bcb3ebab45b','0efffdb4-b730-4f32-b930-79dddc45554a','dd34ecaf-9783-4b03-b211-edc72a3e5f31','2025-03-16 05:42:24.000000'),('b989fec5-fa5a-4384-a64e-9dffc0181611','21130451',_binary '\0',NULL,'2025-07-08 03:42:23.585053',NULL,'2025-07-08 13:59:40.430610','21130451',0,'<p><br></p>','2025-05-17 17:00:00.000000',NULL,'2025-05-03 17:00:00.000000','Đăng nhập với Google',0,0,_binary '','0','CRITICAL','BACKLOG','THEORY',NULL,'8f109a77-484b-4f39-a076-6b2a44b8137a',NULL,NULL,NULL),('babf4b7d-0ce9-45c4-9c4c-1bc0bb4cb30c','21130320',_binary '\0',NULL,'2025-07-08 07:28:48.176852',NULL,'2025-07-11 17:10:27.734923','21130320',0,'<p><br></p>','2025-05-04 06:19:09.000000',NULL,'2025-05-03 17:00:00.000000','Quản lý khách hàng cho admin',0,0,_binary '\0','','CRITICAL','DONE','THEORY','29494edf-a498-48f4-85e1-e33775976468','caf9e00b-e1c5-4b0f-9c49-2eac892a327e','17194877-c523-475f-9bf6-e627293e916f','20550769-da23-4d54-983e-bdcc62d80a37',NULL),('bd010567-c695-4151-9e37-8f271b05d1c1','21130320',_binary '\0',NULL,'2025-07-09 06:02:42.413577',NULL,'2025-07-09 15:41:14.121120','21130320',0,'<p>Tối thiểu 2 bộ dataset</p>','2025-03-13 05:15:16.000000',NULL,'2025-03-05 17:00:00.000000','Tìm kiếm và đánh giá các bộ dữ liệu tiềm năng',0,0,_binary '\0','','CRITICAL','DONE','THEORY','0efffdb4-b730-4f32-b930-79dddc45554a','66fb3db5-3f1f-41b6-9ee9-c7c01a801de8',NULL,'50b47ab0-c2b8-4bfd-95bf-c35023aaf198','2025-02-26 17:19:07.000000'),('bdba309e-a28f-4ae8-90cf-9968d7641098','21130320',_binary '\0',NULL,'2025-07-09 06:01:51.766749',NULL,'2025-07-09 16:10:25.024288','21130320',0,'<p>	Chọn bài toán ML thực tế</p>','2025-04-08 03:57:13.000000',NULL,'2025-04-04 17:00:00.000000','Thảo luận và thống nhất đề tài nhóm',0,0,_binary '\0','','CRITICAL','DONE','THEORY','0efffdb4-b730-4f32-b930-79dddc45554a','66fb3db5-3f1f-41b6-9ee9-c7c01a801de8','17194877-c523-475f-9bf6-e627293e916f','2fec7291-d7dd-4835-853f-f3d8453487eb','2025-04-01 08:26:43.000000'),('bf5a8e38-50fd-4aac-a76d-8a3e9084a4a4','21130320',_binary '\0',NULL,'2025-07-08 01:06:53.767588',NULL,'2025-07-21 02:42:50.987409','21130320',0,'<p><br></p>','2025-03-21 17:00:00.000000',NULL,'2025-05-03 17:00:00.000000','Đăng nhập với Google',0,0,_binary '','0','CRITICAL','BACKLOG','THEORY','0efffdb4-b730-4f32-b930-79dddc45554a','caf9e00b-e1c5-4b0f-9c49-2eac892a327e','29494edf-a498-48f4-85e1-e33775976468',NULL,NULL),('c0d40a25-364b-4fe9-b18e-68891ffcdf9a','21130363',_binary '\0',NULL,'2025-07-08 04:03:25.468267',NULL,'2025-07-08 04:03:25.468267','21130363',0,'<p><br></p>','2025-02-14 17:00:00.000000',NULL,'2025-02-08 17:00:00.000000','Mô hình kinh doanh bán quần áo',0,0,_binary '','0','CRITICAL','TODO','THEORY',NULL,'3bff699d-9121-413b-8896-49b00f0952a3',NULL,'565e13cb-7a4c-4f75-88f2-903a54ddc690','2025-02-07 17:00:00.000000'),('c2d1bba2-a1b0-4fed-aa49-088d3faaf097','21130320',_binary '\0',NULL,'2025-07-08 00:44:40.612398',NULL,'2025-07-11 16:05:19.428163','21130320',0,'<p><br></p>','2025-03-15 20:48:20.000000',NULL,'2025-03-15 17:00:00.000000','Tạo UI giỏ hàng',0,0,_binary '\0','','CRITICAL','DONE','THEORY','0efffdb4-b730-4f32-b930-79dddc45554a','caf9e00b-e1c5-4b0f-9c49-2eac892a327e','17194877-c523-475f-9bf6-e627293e916f','0a98d5b3-7a3f-4cd0-a294-b04adeccbe7c',NULL),('c4acdbda-5877-4380-a8b9-dc4a4140e29b','21130451',_binary '\0',NULL,'2025-07-08 03:42:23.774393',NULL,'2025-07-11 16:05:36.310160','21130451',0,'<p><br></p>','2025-03-15 20:48:37.000000',NULL,'2025-03-15 17:00:00.000000','Tích hợp backend',0,0,_binary '\0','','CRITICAL','DONE','THEORY','56ecb8b8-6a8a-471a-826f-3a827025e524','8f109a77-484b-4f39-a076-6b2a44b8137a','4527de36-9be4-4ba3-994d-f6276f6c67c0','0a98d5b3-7a3f-4cd0-a294-b04adeccbe7c',NULL),('c648f18d-1f0f-4bf4-b414-32fb37696eb1','21130320',_binary '\0',NULL,'2025-07-09 06:18:26.650440',NULL,'2025-07-09 15:53:46.643662','21130320',0,'<p>Sử dụng fast api</p>','2025-03-25 12:59:47.000000',NULL,'2025-03-20 17:00:00.000000','Xây dựng giao diện sử dụng mô hình',0,0,_binary '\0','','CRITICAL','DONE','THEORY','17194877-c523-475f-9bf6-e627293e916f','66fb3db5-3f1f-41b6-9ee9-c7c01a801de8','0efffdb4-b730-4f32-b930-79dddc45554a','be992de1-8f5a-4c5b-8158-2d7ae3c7ab38','2025-01-31 17:20:39.000000'),('c945c6d5-6302-47da-be6f-41f8689fa532','21130451',_binary '\0',NULL,'2025-07-08 03:42:23.736557',NULL,'2025-07-11 16:57:42.204833','21130451',0,'<p><br></p>','2025-03-30 01:40:25.000000',NULL,'2025-03-29 17:00:00.000000','Tạo Ui đơn hàng',0,0,_binary '\0','','CRITICAL','DONE','THEORY','4527de36-9be4-4ba3-994d-f6276f6c67c0','8f109a77-484b-4f39-a076-6b2a44b8137a','7cc9eb1e-b051-4fc4-9b5d-0dd423b9b723','28e4b229-c075-444e-bb7e-b2f27a9fd103',NULL),('cb649abc-859e-4f68-8241-83641701a625','21130320',_binary '\0',NULL,'2025-07-09 06:06:56.444443',NULL,'2025-07-09 15:27:31.294171','21130320',0,'<p><br></p>','2025-02-22 21:03:15.000000',NULL,'2025-02-18 17:00:00.000000','Chuẩn hóa dữ liệu',0,0,_binary '\0','','CRITICAL','DONE','THEORY','29494edf-a498-48f4-85e1-e33775976468','66fb3db5-3f1f-41b6-9ee9-c7c01a801de8','17194877-c523-475f-9bf6-e627293e916f','94b4cde8-df2d-4241-a80a-d79fffaafd45','2025-01-31 17:09:08.000000'),('cbccb7a8-fe83-4e27-9c77-805097ebefd1','21130320',_binary '\0',NULL,'2025-07-08 07:27:44.168728',NULL,'2025-07-11 17:09:40.391901','21130320',0,'<p><br></p>','2025-05-17 17:00:00.000000',NULL,'2025-05-03 17:00:00.000000','Quản lý sản phẩm cho admin',0,0,_binary '','','CRITICAL','REVIEW','THEORY','17194877-c523-475f-9bf6-e627293e916f','caf9e00b-e1c5-4b0f-9c49-2eac892a327e','29494edf-a498-48f4-85e1-e33775976468','20550769-da23-4d54-983e-bdcc62d80a37',NULL),('ce972cbe-8586-401c-ae0d-0713ab6bc8a6','21130363',_binary '\0',NULL,'2025-07-08 04:03:25.627296',NULL,'2025-07-08 04:03:25.627296','21130363',0,'<p><br></p>','2025-03-14 17:00:00.000000',NULL,'2025-03-01 17:00:00.000000','Tạo Api phân trang và tích hợp',0,0,_binary '','0','CRITICAL','TODO','THEORY',NULL,'3bff699d-9121-413b-8896-49b00f0952a3',NULL,'018a1ba5-dda1-4179-b73e-176e6693a371','2025-02-28 17:00:00.000000'),('cff3d5f2-2533-4a38-a175-16745e57d44d','21130451',_binary '\0',NULL,'2025-07-14 09:21:52.949772',NULL,'2025-07-14 09:32:19.419644','21130451',2,'<p><br></p>','2025-03-31 06:20:47.000000',NULL,'2025-03-29 17:00:00.000000','Ứng dụng Template Method',0,0,_binary '\0','','CRITICAL','DONE','THEORY','56ecb8b8-6a8a-471a-826f-3a827025e524','eb2cff67-6672-4ad6-8b2f-829a547c2595','4527de36-9be4-4ba3-994d-f6276f6c67c0','99157455-4dac-4bd4-a540-f43c0fd93145','2025-03-31 06:10:20.000000'),('d0bcce0e-5f9d-45c1-bf7a-4088ac193479','21130451',_binary '\0',NULL,'2025-07-14 10:13:51.440203',NULL,'2025-07-14 10:20:29.734309','21130451',2,'<p><br></p>','2025-04-24 11:08:26.000000',NULL,'2025-04-19 17:00:00.000000','Tối ưu mẫu Abstract Factory Method',0,0,_binary '\0','','CRITICAL','DONE','THEORY','56ecb8b8-6a8a-471a-826f-3a827025e524','eb2cff67-6672-4ad6-8b2f-829a547c2595','4527de36-9be4-4ba3-994d-f6276f6c67c0','06a57b77-0290-450f-8312-db22e8c21c78','2025-04-20 07:01:53.000000'),('d0d52fb5-4156-4b64-bb97-960e34bf596b','21130451',_binary '\0',NULL,'2025-07-08 03:42:23.640978',NULL,'2025-07-11 16:05:37.240827','21130451',0,'<p><br></p>','2025-03-15 20:48:38.000000',NULL,'2025-03-15 17:00:00.000000','Viết SQL giỏ hàng',0,0,_binary '\0','','CRITICAL','DONE','THEORY','7cc9eb1e-b051-4fc4-9b5d-0dd423b9b723','8f109a77-484b-4f39-a076-6b2a44b8137a','4527de36-9be4-4ba3-994d-f6276f6c67c0','0a98d5b3-7a3f-4cd0-a294-b04adeccbe7c',NULL),('d1d45698-9c98-4887-ab83-5dc6fb0fe3b8','21130320',_binary '\0',NULL,'2025-07-08 01:09:23.510112',NULL,'2025-07-08 14:19:19.310856','21130320',0,'<p><br></p>','2025-05-17 17:00:00.000000',NULL,'2025-05-03 17:00:00.000000','Ràng buộc trạng thái đơn hàng',0,0,_binary '','0','CRITICAL','BACKLOG','THEORY','0efffdb4-b730-4f32-b930-79dddc45554a','caf9e00b-e1c5-4b0f-9c49-2eac892a327e','17194877-c523-475f-9bf6-e627293e916f',NULL,NULL),('d31abc89-5016-449f-8708-304d6e0c46e7','21130320',_binary '\0',NULL,'2025-07-14 09:24:13.174579',NULL,'2025-07-14 09:31:31.103362','21130320',2,'<p><br></p>','2025-03-31 06:19:58.000000',NULL,'2025-03-29 17:00:00.000000','Tóm tắt kiến thức Template Method',0,0,_binary '\0','','CRITICAL','DONE','THEORY','0efffdb4-b730-4f32-b930-79dddc45554a','7d783967-3144-4c76-ae91-0bcb3ebab45b','17194877-c523-475f-9bf6-e627293e916f','99157455-4dac-4bd4-a540-f43c0fd93145','2025-03-31 06:12:40.000000'),('d32388fb-5dc6-467c-8726-0205b9d6d556','21130320',_binary '\0',NULL,'2025-07-14 10:25:34.919941',NULL,'2025-07-14 10:26:43.543134','21130320',2,'<p><br></p>','2025-05-04 11:14:28.000000',NULL,'2025-05-03 17:00:00.000000','Tổng hợp mã nguồn',0,0,_binary '\0','','CRITICAL','DONE','THEORY','29494edf-a498-48f4-85e1-e33775976468','7d783967-3144-4c76-ae91-0bcb3ebab45b',NULL,'9ebb1a1a-bbf5-4724-9692-fd08a591164b','2025-05-04 11:13:19.000000'),('d39a1370-5644-4dca-a864-2eb932719961','21130320',_binary '\0',NULL,'2025-07-14 10:03:35.956666',NULL,'2025-07-14 10:18:38.889462','21130320',2,'<p><br></p>','2025-04-24 11:06:35.000000',NULL,'2025-04-19 17:00:00.000000','Tối ưu mẫu Singleton',0,0,_binary '\0','','CRITICAL','DONE','THEORY','17194877-c523-475f-9bf6-e627293e916f','7d783967-3144-4c76-ae91-0bcb3ebab45b','29494edf-a498-48f4-85e1-e33775976468','06a57b77-0290-450f-8312-db22e8c21c78','2025-04-20 06:51:37.000000'),('d3b28ca3-d461-4f33-bba2-3aa075b32db3','21130451',_binary '\0',NULL,'2025-07-08 14:12:16.456557',NULL,'2025-07-11 17:10:47.742190','21130451',0,'<p><br></p>','2025-05-04 06:19:29.000000',NULL,'2025-05-03 17:00:00.000000','Điều chỉnh api cho phép nhiều ảnh trên sản phẩm',0,0,_binary '\0','','CRITICAL','DONE','THEORY','7cc9eb1e-b051-4fc4-9b5d-0dd423b9b723','8f109a77-484b-4f39-a076-6b2a44b8137a','56ecb8b8-6a8a-471a-826f-3a827025e524','20550769-da23-4d54-983e-bdcc62d80a37','2025-03-30 01:33:24.000000'),('d41e5bb0-c021-40ce-aa1d-0e2aeba48f6f','21130451',_binary '\0',NULL,'2025-07-08 03:42:23.884021',NULL,'2025-07-11 16:16:12.734001','21130451',0,'<p><br></p>','2025-03-23 08:59:04.000000',NULL,'2025-03-22 17:00:00.000000','Tích hợp giỏ hàng',0,0,_binary '\0','','CRITICAL','DONE','THEORY','56ecb8b8-6a8a-471a-826f-3a827025e524','8f109a77-484b-4f39-a076-6b2a44b8137a','4527de36-9be4-4ba3-994d-f6276f6c67c0','0e1c0884-cd4f-4efe-85cf-ed3d6c1fce8d',NULL),('d7687c38-7a65-42c1-a407-90325993dcaf','21130363',_binary '\0',NULL,'2025-07-08 04:03:25.428127',NULL,'2025-07-08 04:03:25.428127','21130363',0,'<p><br></p>','2025-05-17 17:00:00.000000',NULL,'2025-05-03 17:00:00.000000','Ràng buộc trạng thai đơn hàng',0,0,_binary '','0','CRITICAL','TODO','THEORY',NULL,'3bff699d-9121-413b-8896-49b00f0952a3',NULL,'20550769-da23-4d54-983e-bdcc62d80a37','2025-05-02 17:00:00.000000'),('d97886fd-c70c-467f-ac4f-de94c705c0c7','21130363',_binary '\0',NULL,'2025-07-08 04:03:25.441199',NULL,'2025-07-08 04:03:25.441199','21130363',0,'<p><br></p>','2025-03-21 17:00:00.000000',NULL,'2025-03-15 17:00:00.000000','Tạo UI giỏ hàng',0,0,_binary '','0','CRITICAL','TODO','THEORY',NULL,'3bff699d-9121-413b-8896-49b00f0952a3',NULL,'0a98d5b3-7a3f-4cd0-a294-b04adeccbe7c','2025-03-14 17:00:00.000000'),('da641e0f-1179-4f6f-85bb-f456f67aecb4','21130451',_binary '\0',NULL,'2025-07-14 09:02:52.705740',NULL,'2025-07-14 09:15:24.357086','21130451',2,'<p>ádsadsada</p>','2025-03-26 06:03:58.000000',NULL,'2025-03-22 17:00:00.000000','Ứng dụng Decorator',0,0,_binary '\0','','CRITICAL','DONE','THEORY','56ecb8b8-6a8a-471a-826f-3a827025e524','eb2cff67-6672-4ad6-8b2f-829a547c2595','4527de36-9be4-4ba3-994d-f6276f6c67c0','6a01e474-92f2-440e-9cc1-c1041de2e1be','2025-03-22 21:51:30.000000'),('dd34861c-ae23-4503-b8c4-d51e631389f6','21130601',_binary '\0',NULL,'2025-07-08 03:56:16.250399',NULL,'2025-07-08 03:56:16.250399','21130601',0,'<p><br></p>','2025-03-14 17:00:00.000000',NULL,'2025-03-01 17:00:00.000000','Tạo Api phân trang và tích hợp',0,0,_binary '','0','CRITICAL','TODO','THEORY',NULL,'f5dbc1df-3827-4a90-b9fb-8e1e5736c8c9',NULL,'018a1ba5-dda1-4179-b73e-176e6693a371','2025-02-28 17:00:00.000000'),('def4f637-23be-4054-ac08-405dab4d6b1b','21130451',_binary '\0',NULL,'2025-07-09 06:33:49.907387',NULL,'2025-07-09 15:06:28.301202','21130451',1,'<p><br></p>','2025-02-14 19:58:29.000000',NULL,'2025-02-09 17:00:00.000000','Phân tích yêu cầu và mục tiêu đề tài',0,0,_binary '\0','','CRITICAL','DONE','THEORY','56ecb8b8-6a8a-471a-826f-3a827025e524','5090ec43-8787-4d26-8bc2-7c760a4d93ff','4527de36-9be4-4ba3-994d-f6276f6c67c0','ed56cfbc-3019-48c5-9109-e97c30d0e4f5','2025-01-31 17:36:02.000000'),('dfa28473-4f05-4016-9673-28cb49e6053e','21130601',_binary '\0',NULL,'2025-07-08 03:56:16.104660',NULL,'2025-07-08 03:56:16.104660','21130601',0,'<p><br></p>','2025-03-21 17:00:00.000000',NULL,'2025-03-15 17:00:00.000000','Viết SQL',0,0,_binary '','0','CRITICAL','TODO','THEORY',NULL,'f5dbc1df-3827-4a90-b9fb-8e1e5736c8c9',NULL,'0a98d5b3-7a3f-4cd0-a294-b04adeccbe7c','2025-03-14 17:00:00.000000'),('e16b86a9-dce5-4365-8d48-748975d775a3','21130451',_binary '\0',NULL,'2025-07-14 10:15:24.172854',NULL,'2025-07-14 10:20:30.918520','21130451',2,'<p><br></p>','2025-04-24 11:08:27.000000',NULL,'2025-04-19 17:00:00.000000','Tối ưu Giao diện',0,0,_binary '\0','','CRITICAL','DONE','THEORY','56ecb8b8-6a8a-471a-826f-3a827025e524','eb2cff67-6672-4ad6-8b2f-829a547c2595','7cc9eb1e-b051-4fc4-9b5d-0dd423b9b723','06a57b77-0290-450f-8312-db22e8c21c78','2025-04-20 07:03:26.000000'),('e406c6a4-7fc3-4bce-ad10-def41f6484da','21130451',_binary '\0',NULL,'2025-07-14 08:19:19.914311',NULL,'2025-07-14 08:37:08.961285','21130451',2,'<p><br></p>','2025-03-12 21:26:00.000000',NULL,'2025-03-08 17:00:00.000000','Tóm tắt kiến thức Observer pattern',0,0,_binary '\0','','CRITICAL','DONE','THEORY','4527de36-9be4-4ba3-994d-f6276f6c67c0','eb2cff67-6672-4ad6-8b2f-829a547c2595',NULL,'8e395f10-31a4-4e06-b450-52d7c50da7e0','2025-03-08 17:08:17.000000'),('e5e68991-88f9-4b0a-a292-f19d9ed37c82','21130320',_binary '\0',NULL,'2025-07-09 06:24:28.622826',NULL,'2025-07-09 16:08:31.421629','21130320',1,'<p><br></p>','2025-04-08 03:55:20.000000',NULL,'2025-04-04 17:00:00.000000','Chuẩn bị slide thuyết trình và báo cáo',0,0,_binary '\0','','CRITICAL','DONE','THEORY','0efffdb4-b730-4f32-b930-79dddc45554a','66fb3db5-3f1f-41b6-9ee9-c7c01a801de8','17194877-c523-475f-9bf6-e627293e916f','2fec7291-d7dd-4835-853f-f3d8453487eb','2025-01-31 17:26:41.000000'),('e683b1f1-678d-4bb3-b814-1036cb048ed7','21130320',_binary '\0',NULL,'2025-07-09 06:22:50.715176',NULL,'2025-07-09 15:55:08.631495','21130320',1,'<p><br></p>','2025-03-28 04:22:12.000000',NULL,'2025-03-20 17:00:00.000000','Tích hợp mô hình',0,0,_binary '\0','','CRITICAL','DONE','THEORY','0efffdb4-b730-4f32-b930-79dddc45554a','66fb3db5-3f1f-41b6-9ee9-c7c01a801de8','17194877-c523-475f-9bf6-e627293e916f','be992de1-8f5a-4c5b-8158-2d7ae3c7ab38','2025-01-31 17:25:03.000000'),('e71892b9-abb0-47f5-bba2-8b0125142329','21130451',_binary '\0',NULL,'2025-07-08 14:13:19.154404',NULL,'2025-07-11 17:10:30.297906','21130451',0,'<p><br></p>','2025-05-04 06:19:12.000000',NULL,'2025-05-03 17:00:00.000000','Quản lý sản phẩm cho admin',0,0,_binary '\0','','CRITICAL','DONE','THEORY','4527de36-9be4-4ba3-994d-f6276f6c67c0','8f109a77-484b-4f39-a076-6b2a44b8137a','56ecb8b8-6a8a-471a-826f-3a827025e524','20550769-da23-4d54-983e-bdcc62d80a37','2025-03-30 01:33:21.000000'),('e77b511f-b50f-4775-8f6e-8bcc415ca80a','21130601',_binary '\0',NULL,'2025-07-08 03:56:16.161914',NULL,'2025-07-08 03:56:16.161914','21130601',0,'<p><br></p>','2025-02-14 17:00:00.000000',NULL,'2025-02-08 17:00:00.000000','Bảo quản sản phẩm',0,0,_binary '','0','CRITICAL','TODO','THEORY',NULL,'f5dbc1df-3827-4a90-b9fb-8e1e5736c8c9',NULL,'565e13cb-7a4c-4f75-88f2-903a54ddc690','2025-02-07 17:00:00.000000'),('e93a48ce-ced0-4737-923e-2260266dbf47','21130320',_binary '\0',NULL,'2025-07-09 06:08:12.296322',NULL,'2025-07-09 15:41:15.133067','21130320',0,'<p><br></p>','2025-03-13 05:15:17.000000',NULL,'2025-03-05 17:00:00.000000','Lựa chọn và triển khai mô hình Logistic Regression',0,0,_binary '\0','','CRITICAL','DONE','THEORY','17194877-c523-475f-9bf6-e627293e916f','66fb3db5-3f1f-41b6-9ee9-c7c01a801de8','29494edf-a498-48f4-85e1-e33775976468','50b47ab0-c2b8-4bfd-95bf-c35023aaf198','2025-01-31 17:10:24.000000'),('eb5f8ee1-d579-46f8-b95a-16dc71caf98c','21130363',_binary '\0',NULL,'2025-07-08 04:03:25.588940',NULL,'2025-07-08 04:03:25.588940','21130363',0,'<p><br></p>','2025-03-21 17:00:00.000000',NULL,'2025-03-15 17:00:00.000000','Tích hợp backend',0,0,_binary '','0','CRITICAL','TODO','THEORY',NULL,'3bff699d-9121-413b-8896-49b00f0952a3',NULL,'0a98d5b3-7a3f-4cd0-a294-b04adeccbe7c','2025-03-14 17:00:00.000000'),('ec92026c-d696-466b-87e1-0802456a0dd9','21130320',_binary '\0',NULL,'2025-07-09 06:23:55.705150',NULL,'2025-07-09 16:06:14.242702','21130320',1,'<p><br></p>','2025-04-18 17:00:00.000000',NULL,'2025-04-04 17:00:00.000000','Lập bản hướng dẫn sử dụng',0,0,_binary '','','CRITICAL','INPROCESS','THEORY','17194877-c523-475f-9bf6-e627293e916f','66fb3db5-3f1f-41b6-9ee9-c7c01a801de8','0efffdb4-b730-4f32-b930-79dddc45554a','2fec7291-d7dd-4835-853f-f3d8453487eb','2025-01-31 17:26:08.000000'),('ec952847-47d2-4783-8205-b408b31f0d36','21130363',_binary '\0',NULL,'2025-07-08 04:03:25.455011',NULL,'2025-07-08 04:03:25.455011','21130363',0,'<p><br></p>','2025-04-11 17:00:00.000000',NULL,'2025-03-29 17:00:00.000000','Tạo Api đơn hàng và thành toán',0,0,_binary '','0','CRITICAL','TODO','THEORY',NULL,'3bff699d-9121-413b-8896-49b00f0952a3',NULL,'28e4b229-c075-444e-bb7e-b2f27a9fd103','2025-03-28 17:00:00.000000'),('ecc67cbb-27b9-4a62-9476-559824fc2640','21130320',_binary '\0',NULL,'2025-07-09 06:23:21.177593',NULL,'2025-07-09 15:55:05.862228','21130320',1,'<p><br></p>','2025-03-28 04:22:09.000000',NULL,'2025-03-20 17:00:00.000000','Ghi nhận kết quả thực nghiệm',0,0,_binary '\0','','CRITICAL','DONE','THEORY','17194877-c523-475f-9bf6-e627293e916f','66fb3db5-3f1f-41b6-9ee9-c7c01a801de8','29494edf-a498-48f4-85e1-e33775976468','be992de1-8f5a-4c5b-8158-2d7ae3c7ab38','2025-01-31 17:25:33.000000'),('ee7691ff-c9b6-4fab-8fde-2ccaddcad414','21130320',_binary '\0',NULL,'2025-07-07 01:19:43.702224',NULL,'2025-07-11 15:14:25.120160','21130320',2,'<p>asdsadadsada</p>','2025-02-09 21:31:36.000000',NULL,'2025-02-08 17:00:00.000000','Đối tượng sử dụng chính',1,0,_binary '\0','','CRITICAL','DONE','THEORY','0efffdb4-b730-4f32-b930-79dddc45554a','caf9e00b-e1c5-4b0f-9c49-2eac892a327e','29494edf-a498-48f4-85e1-e33775976468','565e13cb-7a4c-4f75-88f2-903a54ddc690',NULL),('f091190c-734c-42c3-80ce-84e76da24b94','21130320',_binary '\0',NULL,'2025-07-07 01:23:48.205009',NULL,'2025-07-11 17:10:38.711818','21130320',0,'<p><br></p>','2025-05-17 17:00:00.000000',NULL,'2025-05-03 17:00:00.000000','Vẽ ERD',0,2,_binary '','','MINOR','INPROCESS','THEORY','0efffdb4-b730-4f32-b930-79dddc45554a','caf9e00b-e1c5-4b0f-9c49-2eac892a327e','17194877-c523-475f-9bf6-e627293e916f','20550769-da23-4d54-983e-bdcc62d80a37','2025-03-30 01:33:15.000000'),('f171509a-de6c-4c1d-805b-c0f8e112c077','21130320',_binary '\0',NULL,'2025-07-14 09:07:49.049357',NULL,'2025-07-14 09:16:53.700464','21130320',2,'<p><br></p>','2025-03-26 06:05:27.000000',NULL,'2025-03-22 17:00:00.000000','Ứng dụng Iterator',0,0,_binary '\0','','CRITICAL','DONE','THEORY','29494edf-a498-48f4-85e1-e33775976468','7d783967-3144-4c76-ae91-0bcb3ebab45b','0efffdb4-b730-4f32-b930-79dddc45554a','6a01e474-92f2-440e-9cc1-c1041de2e1be','2025-03-22 21:56:27.000000'),('f1d20c0c-06de-4588-a04c-45df148af040','21130451',_binary '\0',NULL,'2025-07-14 08:43:45.125801',NULL,'2025-07-14 08:55:40.706749','21130451',2,'<p><br></p>','2025-03-16 05:44:27.000000',NULL,'2025-03-15 17:00:00.000000','Tóm tắt kiến thức Abstract Factory pattern',0,0,_binary '\0','','CRITICAL','DONE','THEORY','7cc9eb1e-b051-4fc4-9b5d-0dd423b9b723','eb2cff67-6672-4ad6-8b2f-829a547c2595','4527de36-9be4-4ba3-994d-f6276f6c67c0','dd34ecaf-9783-4b03-b211-edc72a3e5f31','2025-03-16 05:32:31.000000'),('f4e949bc-11a6-4e55-a545-8633e126d334','21130320',_binary '\0',NULL,'2025-07-23 18:01:09.372490',NULL,'2025-07-23 18:05:10.887829','21130320',2,'<p><br></p>','2025-02-13 17:36:36.000000',NULL,'2025-02-08 17:00:00.000000','Tìm kiếm ứng dụng áp dụng',0,0,_binary '\0','','CRITICAL','DONE','THEORY','17194877-c523-475f-9bf6-e627293e916f','09a3fd3d-110c-4021-b4f2-13e32f43e261','29494edf-a498-48f4-85e1-e33775976468','ed30f4f9-61ee-499c-b68d-e736c3290b2a','2025-02-08 17:32:48.000000'),('f58dc104-a63a-4f8c-9b1e-af09bf86aa87','21130451',_binary '\0',NULL,'2025-07-08 03:42:23.801698',NULL,'2025-07-11 15:46:22.539234','21130451',0,'<p><br></p>','2025-03-01 18:42:59.000000',NULL,'2025-03-01 17:00:00.000000','Thực hiện UI trang sản phẩm mới',0,0,_binary '\0','','CRITICAL','DONE','THEORY','7cc9eb1e-b051-4fc4-9b5d-0dd423b9b723','8f109a77-484b-4f39-a076-6b2a44b8137a','4527de36-9be4-4ba3-994d-f6276f6c67c0','018a1ba5-dda1-4179-b73e-176e6693a371',NULL),('f87c64f1-9986-4c95-8227-3f7d7263b03d','21130320',_binary '\0',NULL,'2025-07-09 05:59:00.917788',NULL,'2025-07-09 15:03:58.853639','21130320',0,'<p><br></p>','2025-02-12 17:56:05.000000',NULL,'2025-02-09 17:00:00.000000','Lựa chọn đề tài',0,1,_binary '\0','','MINOR','DONE','THEORY','0efffdb4-b730-4f32-b930-79dddc45554a','66fb3db5-3f1f-41b6-9ee9-c7c01a801de8','17194877-c523-475f-9bf6-e627293e916f','ed56cfbc-3019-48c5-9109-e97c30d0e4f5','2025-01-31 17:01:13.000000'),('fa3d631b-17de-40a0-873f-1878575392e1','21130451',_binary '\0',NULL,'2025-07-08 03:42:23.617819',NULL,'2025-07-11 15:14:33.121613','21130451',2,'<p>asdasdsad</p>','2025-02-09 21:31:44.000000',NULL,'2025-02-09 17:00:00.000000','Mô hình kinh doanh trái cây',1,0,_binary '\0','','CRITICAL','DONE','THEORY','4527de36-9be4-4ba3-994d-f6276f6c67c0','8f109a77-484b-4f39-a076-6b2a44b8137a','4527de36-9be4-4ba3-994d-f6276f6c67c0','565e13cb-7a4c-4f75-88f2-903a54ddc690',NULL),('fa5dc7d3-bbdf-406a-8489-737c51e57c9c','21130320',_binary '\0',NULL,'2025-07-14 09:25:24.571864',NULL,'2025-07-14 09:32:00.282826','21130320',2,'<p><br></p>','2025-03-31 06:20:28.000000',NULL,'2025-03-29 17:00:00.000000','Ứng dụng Visitor',0,0,_binary '\0','','CRITICAL','DONE','THEORY','29494edf-a498-48f4-85e1-e33775976468','7d783967-3144-4c76-ae91-0bcb3ebab45b','17194877-c523-475f-9bf6-e627293e916f','99157455-4dac-4bd4-a540-f43c0fd93145','2025-03-31 06:13:52.000000'),('fc0dac0d-6ed7-4787-a093-3973afe2b0cb','21130363',_binary '\0',NULL,'2025-07-08 04:03:25.479720',NULL,'2025-07-08 04:03:25.479720','21130363',0,'<p><br></p>','2025-03-21 17:00:00.000000',NULL,'2025-03-15 17:00:00.000000','Viết SQL',0,0,_binary '','0','CRITICAL','TODO','THEORY',NULL,'3bff699d-9121-413b-8896-49b00f0952a3',NULL,'0a98d5b3-7a3f-4cd0-a294-b04adeccbe7c','2025-03-14 17:00:00.000000'),('fd4b18af-dce9-4e5b-84c4-22e358c407c3','21130451',_binary '\0',NULL,'2025-07-09 05:36:14.954222',NULL,'2025-07-11 16:26:10.844008','21130451',0,'<p><br></p>','2025-03-23 09:09:02.000000',NULL,'2025-03-22 17:00:00.000000','Xử lý biến động giá',0,0,_binary '\0','','CRITICAL','DONE','THEORY',NULL,'8f109a77-484b-4f39-a076-6b2a44b8137a',NULL,'0e1c0884-cd4f-4efe-85cf-ed3d6c1fce8d',NULL),('fecc9978-7b4f-4d5e-8d3e-802d4edef2e3','21130601',_binary '\0',NULL,'2025-07-08 03:56:16.118040',NULL,'2025-07-08 03:56:16.118040','21130601',0,'<ol><li data-list=\"bullet\"><span class=\"ql-ui\" contenteditable=\"false\"></span>Routes</li><li data-list=\"bullet\"><span class=\"ql-ui\" contenteditable=\"false\"></span>Dispatcher</li><li data-list=\"bullet\"><span class=\"ql-ui\" contenteditable=\"false\"></span>Filter</li><li data-list=\"bullet\"><span class=\"ql-ui\" contenteditable=\"false\"></span>Model Attribute</li></ol>','2025-02-21 17:00:00.000000',NULL,'2025-02-15 17:00:00.000000','Tìm hiểu về Java Servlet',0,0,_binary '','0','CRITICAL','TODO','THEORY',NULL,'f5dbc1df-3827-4a90-b9fb-8e1e5736c8c9',NULL,'de1a9928-7d90-4b22-9f2c-1c1977a9b1d3','2025-02-14 17:00:00.000000'),('ff114e94-a88e-4481-8649-c80042646679','21130451',_binary '\0',NULL,'2025-07-14 09:39:12.120307',NULL,'2025-07-14 09:56:18.268381','21130451',2,'<p><br></p>','2025-04-16 22:44:24.000000',NULL,'2025-04-05 17:00:00.000000','Ứng dụng MVC',0,0,_binary '\0','','CRITICAL','DONE','THEORY','56ecb8b8-6a8a-471a-826f-3a827025e524','eb2cff67-6672-4ad6-8b2f-829a547c2595','7cc9eb1e-b051-4fc4-9b5d-0dd423b9b723','bbfc8df2-5eb2-4a78-84d1-1e65beddd6f3','2025-04-05 06:27:33.000000'),('ffd460c4-799a-4873-8199-776ac5d572f5','21130363',_binary '\0',NULL,'2025-07-08 04:03:25.676509',NULL,'2025-07-08 04:03:25.676509','21130363',0,'<p><br></p>','2025-03-28 17:00:00.000000',NULL,'2025-03-22 17:00:00.000000','Tích hợp giỏ hàng',0,0,_binary '','0','CRITICAL','TODO','THEORY',NULL,'3bff699d-9121-413b-8896-49b00f0952a3',NULL,'0e1c0884-cd4f-4efe-85cf-ed3d6c1fce8d','2025-03-21 17:00:00.000000');
/*!40000 ALTER TABLE `issues` ENABLE KEYS */;
UNLOCK TABLES;

--
-- Dumping data for table `permissions`
--

LOCK TABLES `permissions` WRITE;
/*!40000 ALTER TABLE `permissions` DISABLE KEYS */;
INSERT INTO `permissions` VALUES ('e79e184d-0874-11f0-91a0-0242ac120002','manage_roles'),('e79e70d0-0874-11f0-91a0-0242ac120002','create_account'),('e79e7242-0874-11f0-91a0-0242ac120002','update_account'),('e79e72a7-0874-11f0-91a0-0242ac120002','deactivate_account'),('e79e72d7-0874-11f0-91a0-0242ac120002','delete_account'),('e79e72ff-0874-11f0-91a0-0242ac120002','assign_role'),('e79e7327-0874-11f0-91a0-0242ac120002','remove_role'),('e79e734c-0874-11f0-91a0-0242ac120002','create_workspace'),('e79e7378-0874-11f0-91a0-0242ac120002','update_workspace'),('e79e739e-0874-11f0-91a0-0242ac120002','deactivate_workspace'),('e79e73c1-0874-11f0-91a0-0242ac120002','delete_workspace'),('e79e73e3-0874-11f0-91a0-0242ac120002','manage_workspace_members'),('e79e7408-0874-11f0-91a0-0242ac120002','create_project'),('e79e742d-0874-11f0-91a0-0242ac120002','update_project'),('e79e7bea-0874-11f0-91a0-0242ac120002','delete_project'),('e79e7c2a-0874-11f0-91a0-0242ac120002','archive_project'),('e79e7c52-0874-11f0-91a0-0242ac120002','assign_project_members'),('e79e7c75-0874-11f0-91a0-0242ac120002','remove_project_members'),('e79e7c9b-0874-11f0-91a0-0242ac120002','create_sprint'),('e79e7cc2-0874-11f0-91a0-0242ac120002','update_sprint'),('e79e7ce5-0874-11f0-91a0-0242ac120002','delete_sprint'),('e79e7d08-0874-11f0-91a0-0242ac120002','start_sprint'),('e79e7d29-0874-11f0-91a0-0242ac120002','complete_sprint'),('e79e7d4a-0874-11f0-91a0-0242ac120002','sprint_backlog'),('e79e7d6e-0874-11f0-91a0-0242ac120002','sprint_retrospect'),('e79e7d93-0874-11f0-91a0-0242ac120002','create_task'),('e79e7db5-0874-11f0-91a0-0242ac120002','update_task'),('e79e7dd9-0874-11f0-91a0-0242ac120002','delete_task'),('e79e7df9-0874-11f0-91a0-0242ac120002','assign_task'),('e79e7e18-0874-11f0-91a0-0242ac120002','change_task_status'),('e79e7e3a-0874-11f0-91a0-0242ac120002','estimate_task_effort'),('e79e7e5d-0874-11f0-91a0-0242ac120002','view_student_progress'),('e79e7e81-0874-11f0-91a0-0242ac120002','evaluate_project'),('e79e7ea4-0874-11f0-91a0-0242ac120002','import_sprint_backlog'),('e79e7ec6-0874-11f0-91a0-0242ac120002','download_sprint_backlog'),('e79e7ee9-0874-11f0-91a0-0242ac120002','audit_logs'),('e79e7f0b-0874-11f0-91a0-0242ac120002','view_sprint_report');
/*!40000 ALTER TABLE `permissions` ENABLE KEYS */;
UNLOCK TABLES;

--
-- Dumping data for table `personal_skill`
--

LOCK TABLES `personal_skill` WRITE;
/*!40000 ALTER TABLE `personal_skill` DISABLE KEYS */;
INSERT INTO `personal_skill` VALUES (2,'09ff3366-7263-4f97-8819-c1b91a374433','0efffdb4-b730-4f32-b930-79dddc45554a'),(2,'32907f3c-59b2-449c-be5d-2cbb0fa5256a','0efffdb4-b730-4f32-b930-79dddc45554a'),(2,'4546ea0d-61cb-479d-8f1e-c05faa3f1938','0efffdb4-b730-4f32-b930-79dddc45554a'),(3,'5292dfab-a44d-4c8b-9ac1-4beb7cdfed40','0efffdb4-b730-4f32-b930-79dddc45554a'),(3,'5d39e73b-f01c-480b-85c5-14d525e1fe88','0efffdb4-b730-4f32-b930-79dddc45554a'),(2,'84cbb67d-71c9-4f7c-85b1-734faba26a2b','0efffdb4-b730-4f32-b930-79dddc45554a'),(4,'8931bbb3-e6d7-4e75-8be1-49f7d7c96487','0efffdb4-b730-4f32-b930-79dddc45554a'),(2,'91ff4535-ea3b-48d3-a560-6c4866ea35eb','0efffdb4-b730-4f32-b930-79dddc45554a'),(2,'93ab459c-ebb9-4c45-a33b-3f24263b2fdc','0efffdb4-b730-4f32-b930-79dddc45554a'),(3,'d1893400-2187-4c7b-92bf-ada82686bf84','0efffdb4-b730-4f32-b930-79dddc45554a'),(2,'09ff3366-7263-4f97-8819-c1b91a374433','17194877-c523-475f-9bf6-e627293e916f'),(3,'32907f3c-59b2-449c-be5d-2cbb0fa5256a','17194877-c523-475f-9bf6-e627293e916f'),(2,'4546ea0d-61cb-479d-8f1e-c05faa3f1938','17194877-c523-475f-9bf6-e627293e916f'),(1,'4b60b10a-bef9-440a-bcf2-c24cb9a39638','17194877-c523-475f-9bf6-e627293e916f'),(3,'5292dfab-a44d-4c8b-9ac1-4beb7cdfed40','17194877-c523-475f-9bf6-e627293e916f'),(1,'7d86caf3-b2d1-4029-9bc0-4b1d319f29df','17194877-c523-475f-9bf6-e627293e916f'),(2,'8931bbb3-e6d7-4e75-8be1-49f7d7c96487','17194877-c523-475f-9bf6-e627293e916f'),(2,'923a6239-8e81-49d3-8379-0c03284f2275','17194877-c523-475f-9bf6-e627293e916f'),(2,'b5696ec1-06ed-42fa-86f0-497e52338f03','17194877-c523-475f-9bf6-e627293e916f'),(3,'d1893400-2187-4c7b-92bf-ada82686bf84','17194877-c523-475f-9bf6-e627293e916f'),(2,'4546ea0d-61cb-479d-8f1e-c05faa3f1938','29494edf-a498-48f4-85e1-e33775976468'),(3,'4b60b10a-bef9-440a-bcf2-c24cb9a39638','29494edf-a498-48f4-85e1-e33775976468'),(1,'5292dfab-a44d-4c8b-9ac1-4beb7cdfed40','29494edf-a498-48f4-85e1-e33775976468'),(1,'7d86caf3-b2d1-4029-9bc0-4b1d319f29df','29494edf-a498-48f4-85e1-e33775976468'),(1,'7ea6e1ff-cd72-4049-84f6-2cf60eec8fda','29494edf-a498-48f4-85e1-e33775976468'),(2,'938cef2c-f710-4d90-b343-562e94dd56d9','29494edf-a498-48f4-85e1-e33775976468'),(3,'9da99cf3-671a-4aa2-9622-2aa80be49c6a','29494edf-a498-48f4-85e1-e33775976468'),(1,'d1893400-2187-4c7b-92bf-ada82686bf84','29494edf-a498-48f4-85e1-e33775976468'),(1,'09ff3366-7263-4f97-8819-c1b91a374433','4527de36-9be4-4ba3-994d-f6276f6c67c0'),(2,'4546ea0d-61cb-479d-8f1e-c05faa3f1938','4527de36-9be4-4ba3-994d-f6276f6c67c0'),(2,'4b60b10a-bef9-440a-bcf2-c24cb9a39638','4527de36-9be4-4ba3-994d-f6276f6c67c0'),(1,'5292dfab-a44d-4c8b-9ac1-4beb7cdfed40','4527de36-9be4-4ba3-994d-f6276f6c67c0'),(2,'84cbb67d-71c9-4f7c-85b1-734faba26a2b','4527de36-9be4-4ba3-994d-f6276f6c67c0'),(2,'91ff4535-ea3b-48d3-a560-6c4866ea35eb','4527de36-9be4-4ba3-994d-f6276f6c67c0'),(3,'c4aa5d74-e861-483c-b8a7-7828d88cce56','4527de36-9be4-4ba3-994d-f6276f6c67c0'),(3,'09ff3366-7263-4f97-8819-c1b91a374433','56ecb8b8-6a8a-471a-826f-3a827025e524'),(3,'4546ea0d-61cb-479d-8f1e-c05faa3f1938','56ecb8b8-6a8a-471a-826f-3a827025e524'),(3,'4b60b10a-bef9-440a-bcf2-c24cb9a39638','56ecb8b8-6a8a-471a-826f-3a827025e524'),(1,'5292dfab-a44d-4c8b-9ac1-4beb7cdfed40','56ecb8b8-6a8a-471a-826f-3a827025e524'),(2,'5d39e73b-f01c-480b-85c5-14d525e1fe88','56ecb8b8-6a8a-471a-826f-3a827025e524'),(1,'7d86caf3-b2d1-4029-9bc0-4b1d319f29df','56ecb8b8-6a8a-471a-826f-3a827025e524'),(2,'923a6239-8e81-49d3-8379-0c03284f2275','56ecb8b8-6a8a-471a-826f-3a827025e524'),(3,'b5696ec1-06ed-42fa-86f0-497e52338f03','56ecb8b8-6a8a-471a-826f-3a827025e524'),(4,'c4aa5d74-e861-483c-b8a7-7828d88cce56','56ecb8b8-6a8a-471a-826f-3a827025e524'),(2,'f2045192-fb22-4f00-adc2-d8773f008c2d','56ecb8b8-6a8a-471a-826f-3a827025e524'),(5,'09ff3366-7263-4f97-8819-c1b91a374433','7cc9eb1e-b051-4fc4-9b5d-0dd423b9b723'),(1,'28190eb3-2c79-4749-8002-0d57fbe215ab','7cc9eb1e-b051-4fc4-9b5d-0dd423b9b723'),(2,'4546ea0d-61cb-479d-8f1e-c05faa3f1938','7cc9eb1e-b051-4fc4-9b5d-0dd423b9b723'),(1,'8dc102be-5170-470b-b20b-a49b996deb25','7cc9eb1e-b051-4fc4-9b5d-0dd423b9b723'),(3,'c4aa5d74-e861-483c-b8a7-7828d88cce56','7cc9eb1e-b051-4fc4-9b5d-0dd423b9b723'),(3,'5292dfab-a44d-4c8b-9ac1-4beb7cdfed40','877fd8ab-c4ee-4109-812c-965f17c590f1'),(2,'8b3654f1-e510-41f0-8a01-d8856f7a2786','877fd8ab-c4ee-4109-812c-965f17c590f1'),(4,'ff571ca8-4105-4ebd-a992-6a18aac35275','877fd8ab-c4ee-4109-812c-965f17c590f1'),(4,'5292dfab-a44d-4c8b-9ac1-4beb7cdfed40','aece6254-3942-4a02-be99-782106eb4a52'),(3,'8b3654f1-e510-41f0-8a01-d8856f7a2786','aece6254-3942-4a02-be99-782106eb4a52'),(3,'ff571ca8-4105-4ebd-a992-6a18aac35275','aece6254-3942-4a02-be99-782106eb4a52'),(2,'5292dfab-a44d-4c8b-9ac1-4beb7cdfed40','d1aca7d1-1754-4931-a600-e6d30953b632'),(2,'8b3654f1-e510-41f0-8a01-d8856f7a2786','d1aca7d1-1754-4931-a600-e6d30953b632'),(3,'ff571ca8-4105-4ebd-a992-6a18aac35275','d1aca7d1-1754-4931-a600-e6d30953b632'),(3,'a8d461e1-51a7-4a26-9e77-ca92900ba3bf','d22a81b9-1297-4971-a5b1-2ea027e0fa8d'),(4,'b1603feb-4dca-452d-8768-d474a003902e','d22a81b9-1297-4971-a5b1-2ea027e0fa8d'),(2,'dc372d56-ebb8-4551-971c-0d6c00752272','d22a81b9-1297-4971-a5b1-2ea027e0fa8d'),(4,'a8d461e1-51a7-4a26-9e77-ca92900ba3bf','f3ee7d4d-d82b-45d8-8c46-6756b1b6ea88'),(3,'b1603feb-4dca-452d-8768-d474a003902e','f3ee7d4d-d82b-45d8-8c46-6756b1b6ea88'),(3,'dc372d56-ebb8-4551-971c-0d6c00752272','f3ee7d4d-d82b-45d8-8c46-6756b1b6ea88');
/*!40000 ALTER TABLE `personal_skill` ENABLE KEYS */;
UNLOCK TABLES;

--
-- Dumping data for table `project_sprint`
--

LOCK TABLES `project_sprint` WRITE;
/*!40000 ALTER TABLE `project_sprint` DISABLE KEYS */;
INSERT INTO `project_sprint` VALUES (NULL,'09a3fd3d-110c-4021-b4f2-13e32f43e261','746d0e99-8024-4fd8-8851-0ff42317774a',NULL,-2,0),(NULL,'09a3fd3d-110c-4021-b4f2-13e32f43e261','9d2d20a1-f820-4c32-9fab-cbc63a86a98d',NULL,-2,0),(NULL,'09a3fd3d-110c-4021-b4f2-13e32f43e261','bc3884ae-e246-4001-857c-b2ddd16ec442',NULL,-2,0),(NULL,'09a3fd3d-110c-4021-b4f2-13e32f43e261','cd36124d-d149-4e1b-a716-63db9678cf63',NULL,-2,0),(NULL,'09a3fd3d-110c-4021-b4f2-13e32f43e261','ed2bc749-adac-4f85-b07d-93f7dce64a41',NULL,-2,0),('0ada637e-ca72-4910-a608-6ee0f948a3d3','09a3fd3d-110c-4021-b4f2-13e32f43e261','ed30f4f9-61ee-499c-b68d-e736c3290b2a',NULL,-2,0),(NULL,'110a66d2-e995-4219-8bae-7f67a62f2702','2fec7291-d7dd-4835-853f-f3d8453487eb',NULL,0,0),(NULL,'110a66d2-e995-4219-8bae-7f67a62f2702','50b47ab0-c2b8-4bfd-95bf-c35023aaf198',NULL,0,0),(NULL,'110a66d2-e995-4219-8bae-7f67a62f2702','94b4cde8-df2d-4241-a80a-d79fffaafd45',NULL,0,0),(NULL,'110a66d2-e995-4219-8bae-7f67a62f2702','be992de1-8f5a-4c5b-8158-2d7ae3c7ab38',NULL,0,0),(NULL,'110a66d2-e995-4219-8bae-7f67a62f2702','ed56cfbc-3019-48c5-9109-e97c30d0e4f5',NULL,0,0),(NULL,'3bff699d-9121-413b-8896-49b00f0952a3','018a1ba5-dda1-4179-b73e-176e6693a371','2025-03-03 17:17:48.000000',-1,0),(NULL,'3bff699d-9121-413b-8896-49b00f0952a3','0a98d5b3-7a3f-4cd0-a294-b04adeccbe7c',NULL,0,0),(NULL,'3bff699d-9121-413b-8896-49b00f0952a3','0e1c0884-cd4f-4efe-85cf-ed3d6c1fce8d',NULL,0,0),(NULL,'3bff699d-9121-413b-8896-49b00f0952a3','20550769-da23-4d54-983e-bdcc62d80a37',NULL,0,0),(NULL,'3bff699d-9121-413b-8896-49b00f0952a3','28e4b229-c075-444e-bb7e-b2f27a9fd103',NULL,0,0),(NULL,'3bff699d-9121-413b-8896-49b00f0952a3','565e13cb-7a4c-4f75-88f2-903a54ddc690',NULL,0,0),(NULL,'3bff699d-9121-413b-8896-49b00f0952a3','5d57fb7a-7aab-4264-a6cf-12fc55f5093d',NULL,0,0),(NULL,'3bff699d-9121-413b-8896-49b00f0952a3','de1a9928-7d90-4b22-9f2c-1c1977a9b1d3',NULL,0,0),(NULL,'44a9f8f3-f606-4e67-bd4e-60565f542204','36524122-5b4b-47aa-8d46-d064c6cb28fd',NULL,0,0),(NULL,'44a9f8f3-f606-4e67-bd4e-60565f542204','8b238fa2-6e02-47b0-8343-bd97d791ae65',NULL,0,0),(NULL,'44a9f8f3-f606-4e67-bd4e-60565f542204','9a767bf6-8caf-43d2-b1d2-2e00b54bd6a7',NULL,0,0),(NULL,'44a9f8f3-f606-4e67-bd4e-60565f542204','c469d85a-a19c-4411-88ca-c0041af4f8e5',NULL,0,0),(NULL,'44a9f8f3-f606-4e67-bd4e-60565f542204','d7111352-035f-46fa-9d96-85812f81b0f4',NULL,0,0),(NULL,'44a9f8f3-f606-4e67-bd4e-60565f542204','dea18fd8-488a-4ba4-ab67-465749cc8498',NULL,0,0),(NULL,'44a9f8f3-f606-4e67-bd4e-60565f542204','e3fcd8e9-d658-4bbe-bb8f-6bf08a593ad3',NULL,0,0),(NULL,'44a9f8f3-f606-4e67-bd4e-60565f542204','f4b01b71-8ab6-4291-8fee-135a8f7c0d94',NULL,0,0),(NULL,'5090ec43-8787-4d26-8bc2-7c760a4d93ff','2fec7291-d7dd-4835-853f-f3d8453487eb',NULL,0,0),(NULL,'5090ec43-8787-4d26-8bc2-7c760a4d93ff','50b47ab0-c2b8-4bfd-95bf-c35023aaf198',NULL,0,0),(NULL,'5090ec43-8787-4d26-8bc2-7c760a4d93ff','94b4cde8-df2d-4241-a80a-d79fffaafd45','2025-03-03 17:01:54.000000',0,0),(NULL,'5090ec43-8787-4d26-8bc2-7c760a4d93ff','be992de1-8f5a-4c5b-8158-2d7ae3c7ab38',NULL,0,0),(NULL,'5090ec43-8787-4d26-8bc2-7c760a4d93ff','ed56cfbc-3019-48c5-9109-e97c30d0e4f5',NULL,0,0),(NULL,'66fb3db5-3f1f-41b6-9ee9-c7c01a801de8','2fec7291-d7dd-4835-853f-f3d8453487eb',NULL,0,0),(NULL,'66fb3db5-3f1f-41b6-9ee9-c7c01a801de8','50b47ab0-c2b8-4bfd-95bf-c35023aaf198',NULL,0,0),(NULL,'66fb3db5-3f1f-41b6-9ee9-c7c01a801de8','94b4cde8-df2d-4241-a80a-d79fffaafd45','2025-03-03 17:01:55.000000',-1,0),(NULL,'66fb3db5-3f1f-41b6-9ee9-c7c01a801de8','be992de1-8f5a-4c5b-8158-2d7ae3c7ab38',NULL,0,0),(NULL,'66fb3db5-3f1f-41b6-9ee9-c7c01a801de8','ed56cfbc-3019-48c5-9109-e97c30d0e4f5',NULL,0,0),(NULL,'6b81a458-f76b-45dc-8a8c-c06876ac9d1b','06a57b77-0290-450f-8312-db22e8c21c78',NULL,0,0),(NULL,'6b81a458-f76b-45dc-8a8c-c06876ac9d1b','4af885f3-a68c-4204-8840-2a1c179222a4',NULL,0,0),(NULL,'6b81a458-f76b-45dc-8a8c-c06876ac9d1b','4bccc8ff-e9e3-43ec-b037-a2df9987185e',NULL,0,0),(NULL,'6b81a458-f76b-45dc-8a8c-c06876ac9d1b','6a01e474-92f2-440e-9cc1-c1041de2e1be',NULL,0,0),(NULL,'6b81a458-f76b-45dc-8a8c-c06876ac9d1b','8e395f10-31a4-4e06-b450-52d7c50da7e0',NULL,0,0),(NULL,'6b81a458-f76b-45dc-8a8c-c06876ac9d1b','99157455-4dac-4bd4-a540-f43c0fd93145',NULL,0,0),(NULL,'6b81a458-f76b-45dc-8a8c-c06876ac9d1b','9ebb1a1a-bbf5-4724-9692-fd08a591164b',NULL,0,0),(NULL,'6b81a458-f76b-45dc-8a8c-c06876ac9d1b','bbfc8df2-5eb2-4a78-84d1-1e65beddd6f3',NULL,0,0),(NULL,'6b81a458-f76b-45dc-8a8c-c06876ac9d1b','dd34ecaf-9783-4b03-b211-edc72a3e5f31',NULL,0,0),(NULL,'6b81a458-f76b-45dc-8a8c-c06876ac9d1b','f19b6b33-be76-4d2b-b85d-dbd4caf3da1d',NULL,0,0),(NULL,'7d783967-3144-4c76-ae91-0bcb3ebab45b','06a57b77-0290-450f-8312-db22e8c21c78',NULL,0,0),(NULL,'7d783967-3144-4c76-ae91-0bcb3ebab45b','4af885f3-a68c-4204-8840-2a1c179222a4',NULL,0,0),(NULL,'7d783967-3144-4c76-ae91-0bcb3ebab45b','4bccc8ff-e9e3-43ec-b037-a2df9987185e',NULL,0,0),(NULL,'7d783967-3144-4c76-ae91-0bcb3ebab45b','6a01e474-92f2-440e-9cc1-c1041de2e1be',NULL,0,0),(NULL,'7d783967-3144-4c76-ae91-0bcb3ebab45b','8e395f10-31a4-4e06-b450-52d7c50da7e0',NULL,0,0),(NULL,'7d783967-3144-4c76-ae91-0bcb3ebab45b','99157455-4dac-4bd4-a540-f43c0fd93145',NULL,0,0),(NULL,'7d783967-3144-4c76-ae91-0bcb3ebab45b','9ebb1a1a-bbf5-4724-9692-fd08a591164b',NULL,0,0),(NULL,'7d783967-3144-4c76-ae91-0bcb3ebab45b','bbfc8df2-5eb2-4a78-84d1-1e65beddd6f3',NULL,0,0),(NULL,'7d783967-3144-4c76-ae91-0bcb3ebab45b','dd34ecaf-9783-4b03-b211-edc72a3e5f31',NULL,0,0),(NULL,'7d783967-3144-4c76-ae91-0bcb3ebab45b','f19b6b33-be76-4d2b-b85d-dbd4caf3da1d','2025-03-03 17:09:34.000000',-1,0),(NULL,'821a94e2-eccb-4704-a2d6-2bd63068469a','36524122-5b4b-47aa-8d46-d064c6cb28fd',NULL,0,0),(NULL,'821a94e2-eccb-4704-a2d6-2bd63068469a','8b238fa2-6e02-47b0-8343-bd97d791ae65',NULL,0,0),(NULL,'821a94e2-eccb-4704-a2d6-2bd63068469a','9a767bf6-8caf-43d2-b1d2-2e00b54bd6a7',NULL,0,0),(NULL,'821a94e2-eccb-4704-a2d6-2bd63068469a','c469d85a-a19c-4411-88ca-c0041af4f8e5',NULL,0,0),(NULL,'821a94e2-eccb-4704-a2d6-2bd63068469a','d7111352-035f-46fa-9d96-85812f81b0f4',NULL,0,0),(NULL,'821a94e2-eccb-4704-a2d6-2bd63068469a','dea18fd8-488a-4ba4-ab67-465749cc8498',NULL,0,0),(NULL,'821a94e2-eccb-4704-a2d6-2bd63068469a','e3fcd8e9-d658-4bbe-bb8f-6bf08a593ad3',NULL,0,0),(NULL,'821a94e2-eccb-4704-a2d6-2bd63068469a','f4b01b71-8ab6-4291-8fee-135a8f7c0d94',NULL,0,0),(NULL,'8f109a77-484b-4f39-a076-6b2a44b8137a','018a1ba5-dda1-4179-b73e-176e6693a371','2025-03-03 17:17:48.000000',-1,0),(NULL,'8f109a77-484b-4f39-a076-6b2a44b8137a','0a98d5b3-7a3f-4cd0-a294-b04adeccbe7c',NULL,0,0),(NULL,'8f109a77-484b-4f39-a076-6b2a44b8137a','0e1c0884-cd4f-4efe-85cf-ed3d6c1fce8d',NULL,0,0),(NULL,'8f109a77-484b-4f39-a076-6b2a44b8137a','20550769-da23-4d54-983e-bdcc62d80a37',NULL,0,0),(NULL,'8f109a77-484b-4f39-a076-6b2a44b8137a','28e4b229-c075-444e-bb7e-b2f27a9fd103',NULL,0,0),(NULL,'8f109a77-484b-4f39-a076-6b2a44b8137a','565e13cb-7a4c-4f75-88f2-903a54ddc690',NULL,0,0),(NULL,'8f109a77-484b-4f39-a076-6b2a44b8137a','5d57fb7a-7aab-4264-a6cf-12fc55f5093d',NULL,0,0),(NULL,'8f109a77-484b-4f39-a076-6b2a44b8137a','de1a9928-7d90-4b22-9f2c-1c1977a9b1d3',NULL,0,0),(NULL,'9b798a7c-1d24-47c0-9795-ddad74ba510c','06a57b77-0290-450f-8312-db22e8c21c78',NULL,0,0),(NULL,'9b798a7c-1d24-47c0-9795-ddad74ba510c','4af885f3-a68c-4204-8840-2a1c179222a4',NULL,0,0),(NULL,'9b798a7c-1d24-47c0-9795-ddad74ba510c','4bccc8ff-e9e3-43ec-b037-a2df9987185e',NULL,0,0),(NULL,'9b798a7c-1d24-47c0-9795-ddad74ba510c','6a01e474-92f2-440e-9cc1-c1041de2e1be',NULL,0,0),(NULL,'9b798a7c-1d24-47c0-9795-ddad74ba510c','8e395f10-31a4-4e06-b450-52d7c50da7e0',NULL,0,0),(NULL,'9b798a7c-1d24-47c0-9795-ddad74ba510c','99157455-4dac-4bd4-a540-f43c0fd93145',NULL,0,0),(NULL,'9b798a7c-1d24-47c0-9795-ddad74ba510c','9ebb1a1a-bbf5-4724-9692-fd08a591164b',NULL,0,0),(NULL,'9b798a7c-1d24-47c0-9795-ddad74ba510c','bbfc8df2-5eb2-4a78-84d1-1e65beddd6f3',NULL,0,0),(NULL,'9b798a7c-1d24-47c0-9795-ddad74ba510c','dd34ecaf-9783-4b03-b211-edc72a3e5f31',NULL,0,0),(NULL,'9b798a7c-1d24-47c0-9795-ddad74ba510c','f19b6b33-be76-4d2b-b85d-dbd4caf3da1d',NULL,0,0),(NULL,'9d8280d3-4095-4b0a-a51d-df8cabea7248','4c814469-68fa-494a-9e93-90ccff9d6eaa',NULL,0,0),(NULL,'9d8280d3-4095-4b0a-a51d-df8cabea7248','697b373f-2d73-48e9-90d4-ab516cc7d2aa',NULL,0,0),(NULL,'9d8280d3-4095-4b0a-a51d-df8cabea7248','99d36620-1576-4e19-99fb-c132541b860f',NULL,0,0),(NULL,'9d8280d3-4095-4b0a-a51d-df8cabea7248','ca990a18-1ecf-4677-b4f5-ff3f9c679fe3',NULL,0,0),(NULL,'9d8280d3-4095-4b0a-a51d-df8cabea7248','d1e3dfdf-dfac-4693-bb79-fa08d8aad9fc',NULL,0,0),(NULL,'9d8280d3-4095-4b0a-a51d-df8cabea7248','eb648995-761c-42b7-9a55-2e2a8d67acae',NULL,0,0),(NULL,'9d8280d3-4095-4b0a-a51d-df8cabea7248','f47550be-910c-44a4-b293-eab3ee6aca92',NULL,0,0),(NULL,'9d8280d3-4095-4b0a-a51d-df8cabea7248','f87463f4-3d2c-49f1-9f20-a4510eb0728f',NULL,0,0),(NULL,'9d8280d3-4095-4b0a-a51d-df8cabea7248','f8bdf08c-c32d-4863-86b2-44a36a756fac',NULL,0,0),(NULL,'a07e9b37-4131-49bc-9b4a-f341ceb75e3c','36524122-5b4b-47aa-8d46-d064c6cb28fd',NULL,0,0),(NULL,'a07e9b37-4131-49bc-9b4a-f341ceb75e3c','8b238fa2-6e02-47b0-8343-bd97d791ae65',NULL,0,0),(NULL,'a07e9b37-4131-49bc-9b4a-f341ceb75e3c','9a767bf6-8caf-43d2-b1d2-2e00b54bd6a7',NULL,0,0),(NULL,'a07e9b37-4131-49bc-9b4a-f341ceb75e3c','c469d85a-a19c-4411-88ca-c0041af4f8e5',NULL,0,0),(NULL,'a07e9b37-4131-49bc-9b4a-f341ceb75e3c','d7111352-035f-46fa-9d96-85812f81b0f4',NULL,0,0),(NULL,'a07e9b37-4131-49bc-9b4a-f341ceb75e3c','dea18fd8-488a-4ba4-ab67-465749cc8498',NULL,0,0),(NULL,'a07e9b37-4131-49bc-9b4a-f341ceb75e3c','e3fcd8e9-d658-4bbe-bb8f-6bf08a593ad3',NULL,0,0),(NULL,'a07e9b37-4131-49bc-9b4a-f341ceb75e3c','f4b01b71-8ab6-4291-8fee-135a8f7c0d94',NULL,0,0),(NULL,'caf9e00b-e1c5-4b0f-9c49-2eac892a327e','018a1ba5-dda1-4179-b73e-176e6693a371','2025-03-03 17:17:58.000000',-1,0),(NULL,'caf9e00b-e1c5-4b0f-9c49-2eac892a327e','0a98d5b3-7a3f-4cd0-a294-b04adeccbe7c',NULL,0,0),(NULL,'caf9e00b-e1c5-4b0f-9c49-2eac892a327e','0e1c0884-cd4f-4efe-85cf-ed3d6c1fce8d',NULL,0,0),(NULL,'caf9e00b-e1c5-4b0f-9c49-2eac892a327e','20550769-da23-4d54-983e-bdcc62d80a37',NULL,0,0),(NULL,'caf9e00b-e1c5-4b0f-9c49-2eac892a327e','28e4b229-c075-444e-bb7e-b2f27a9fd103',NULL,0,0),(NULL,'caf9e00b-e1c5-4b0f-9c49-2eac892a327e','565e13cb-7a4c-4f75-88f2-903a54ddc690',NULL,0,0),(NULL,'caf9e00b-e1c5-4b0f-9c49-2eac892a327e','5d57fb7a-7aab-4264-a6cf-12fc55f5093d',NULL,0,0),(NULL,'caf9e00b-e1c5-4b0f-9c49-2eac892a327e','de1a9928-7d90-4b22-9f2c-1c1977a9b1d3',NULL,0,0),(NULL,'da74a26f-8184-4270-b594-cb1a11fdcb78','36524122-5b4b-47aa-8d46-d064c6cb28fd',NULL,0,0),(NULL,'da74a26f-8184-4270-b594-cb1a11fdcb78','8b238fa2-6e02-47b0-8343-bd97d791ae65',NULL,0,0),(NULL,'da74a26f-8184-4270-b594-cb1a11fdcb78','9a767bf6-8caf-43d2-b1d2-2e00b54bd6a7',NULL,0,0),(NULL,'da74a26f-8184-4270-b594-cb1a11fdcb78','c469d85a-a19c-4411-88ca-c0041af4f8e5',NULL,0,0),(NULL,'da74a26f-8184-4270-b594-cb1a11fdcb78','d7111352-035f-46fa-9d96-85812f81b0f4',NULL,0,0),(NULL,'da74a26f-8184-4270-b594-cb1a11fdcb78','dea18fd8-488a-4ba4-ab67-465749cc8498',NULL,0,0),(NULL,'da74a26f-8184-4270-b594-cb1a11fdcb78','e3fcd8e9-d658-4bbe-bb8f-6bf08a593ad3',NULL,0,0),(NULL,'da74a26f-8184-4270-b594-cb1a11fdcb78','f4b01b71-8ab6-4291-8fee-135a8f7c0d94',NULL,0,0),(NULL,'e46adbb0-d8c4-49e3-8903-975ab6d818f5','2fec7291-d7dd-4835-853f-f3d8453487eb',NULL,0,0),(NULL,'e46adbb0-d8c4-49e3-8903-975ab6d818f5','50b47ab0-c2b8-4bfd-95bf-c35023aaf198',NULL,0,0),(NULL,'e46adbb0-d8c4-49e3-8903-975ab6d818f5','94b4cde8-df2d-4241-a80a-d79fffaafd45',NULL,0,0),(NULL,'e46adbb0-d8c4-49e3-8903-975ab6d818f5','be992de1-8f5a-4c5b-8158-2d7ae3c7ab38',NULL,0,0),(NULL,'e46adbb0-d8c4-49e3-8903-975ab6d818f5','ed56cfbc-3019-48c5-9109-e97c30d0e4f5',NULL,0,0),(NULL,'e56aedc9-6a5d-4a11-b77a-8f5dcc208469','4c814469-68fa-494a-9e93-90ccff9d6eaa',NULL,0,0),(NULL,'e56aedc9-6a5d-4a11-b77a-8f5dcc208469','697b373f-2d73-48e9-90d4-ab516cc7d2aa',NULL,0,0),(NULL,'e56aedc9-6a5d-4a11-b77a-8f5dcc208469','99d36620-1576-4e19-99fb-c132541b860f',NULL,0,0),(NULL,'e56aedc9-6a5d-4a11-b77a-8f5dcc208469','ca990a18-1ecf-4677-b4f5-ff3f9c679fe3',NULL,0,0),(NULL,'e56aedc9-6a5d-4a11-b77a-8f5dcc208469','d1e3dfdf-dfac-4693-bb79-fa08d8aad9fc',NULL,0,0),(NULL,'e56aedc9-6a5d-4a11-b77a-8f5dcc208469','eb648995-761c-42b7-9a55-2e2a8d67acae',NULL,0,0),(NULL,'e56aedc9-6a5d-4a11-b77a-8f5dcc208469','f47550be-910c-44a4-b293-eab3ee6aca92',NULL,0,0),(NULL,'e56aedc9-6a5d-4a11-b77a-8f5dcc208469','f87463f4-3d2c-49f1-9f20-a4510eb0728f',NULL,0,0),(NULL,'e56aedc9-6a5d-4a11-b77a-8f5dcc208469','f8bdf08c-c32d-4863-86b2-44a36a756fac',NULL,0,0),(NULL,'eb2cff67-6672-4ad6-8b2f-829a547c2595','06a57b77-0290-450f-8312-db22e8c21c78',NULL,0,0),(NULL,'eb2cff67-6672-4ad6-8b2f-829a547c2595','4af885f3-a68c-4204-8840-2a1c179222a4',NULL,0,0),(NULL,'eb2cff67-6672-4ad6-8b2f-829a547c2595','4bccc8ff-e9e3-43ec-b037-a2df9987185e',NULL,0,0),(NULL,'eb2cff67-6672-4ad6-8b2f-829a547c2595','6a01e474-92f2-440e-9cc1-c1041de2e1be',NULL,0,0),(NULL,'eb2cff67-6672-4ad6-8b2f-829a547c2595','8e395f10-31a4-4e06-b450-52d7c50da7e0',NULL,0,0),(NULL,'eb2cff67-6672-4ad6-8b2f-829a547c2595','99157455-4dac-4bd4-a540-f43c0fd93145',NULL,0,0),(NULL,'eb2cff67-6672-4ad6-8b2f-829a547c2595','9ebb1a1a-bbf5-4724-9692-fd08a591164b',NULL,0,0),(NULL,'eb2cff67-6672-4ad6-8b2f-829a547c2595','bbfc8df2-5eb2-4a78-84d1-1e65beddd6f3',NULL,0,0),(NULL,'eb2cff67-6672-4ad6-8b2f-829a547c2595','dd34ecaf-9783-4b03-b211-edc72a3e5f31',NULL,0,0),(NULL,'eb2cff67-6672-4ad6-8b2f-829a547c2595','f19b6b33-be76-4d2b-b85d-dbd4caf3da1d','2025-03-03 17:09:40.000000',-1,0),(NULL,'eb7eb335-236d-47f6-82b6-7ae51d847898','4c814469-68fa-494a-9e93-90ccff9d6eaa',NULL,0,0),(NULL,'eb7eb335-236d-47f6-82b6-7ae51d847898','697b373f-2d73-48e9-90d4-ab516cc7d2aa',NULL,0,0),(NULL,'eb7eb335-236d-47f6-82b6-7ae51d847898','99d36620-1576-4e19-99fb-c132541b860f',NULL,0,0),(NULL,'eb7eb335-236d-47f6-82b6-7ae51d847898','ca990a18-1ecf-4677-b4f5-ff3f9c679fe3',NULL,0,0),(NULL,'eb7eb335-236d-47f6-82b6-7ae51d847898','d1e3dfdf-dfac-4693-bb79-fa08d8aad9fc',NULL,0,0),(NULL,'eb7eb335-236d-47f6-82b6-7ae51d847898','eb648995-761c-42b7-9a55-2e2a8d67acae',NULL,0,0),(NULL,'eb7eb335-236d-47f6-82b6-7ae51d847898','f47550be-910c-44a4-b293-eab3ee6aca92',NULL,0,0),(NULL,'eb7eb335-236d-47f6-82b6-7ae51d847898','f87463f4-3d2c-49f1-9f20-a4510eb0728f',NULL,0,0),(NULL,'eb7eb335-236d-47f6-82b6-7ae51d847898','f8bdf08c-c32d-4863-86b2-44a36a756fac',NULL,0,0),(NULL,'f38f59b8-297c-4dfb-886d-e6ff1c87545f','4c814469-68fa-494a-9e93-90ccff9d6eaa',NULL,0,0),(NULL,'f38f59b8-297c-4dfb-886d-e6ff1c87545f','697b373f-2d73-48e9-90d4-ab516cc7d2aa',NULL,0,0),(NULL,'f38f59b8-297c-4dfb-886d-e6ff1c87545f','99d36620-1576-4e19-99fb-c132541b860f',NULL,0,1),(NULL,'f38f59b8-297c-4dfb-886d-e6ff1c87545f','ca990a18-1ecf-4677-b4f5-ff3f9c679fe3',NULL,0,0),(NULL,'f38f59b8-297c-4dfb-886d-e6ff1c87545f','d1e3dfdf-dfac-4693-bb79-fa08d8aad9fc',NULL,0,0),(NULL,'f38f59b8-297c-4dfb-886d-e6ff1c87545f','eb648995-761c-42b7-9a55-2e2a8d67acae',NULL,0,0),(NULL,'f38f59b8-297c-4dfb-886d-e6ff1c87545f','f47550be-910c-44a4-b293-eab3ee6aca92',NULL,0,0),(NULL,'f38f59b8-297c-4dfb-886d-e6ff1c87545f','f87463f4-3d2c-49f1-9f20-a4510eb0728f',NULL,0,0),(NULL,'f38f59b8-297c-4dfb-886d-e6ff1c87545f','f8bdf08c-c32d-4863-86b2-44a36a756fac',NULL,0,0),(NULL,'f5dbc1df-3827-4a90-b9fb-8e1e5736c8c9','018a1ba5-dda1-4179-b73e-176e6693a371','2025-03-03 17:18:08.000000',-1,0),(NULL,'f5dbc1df-3827-4a90-b9fb-8e1e5736c8c9','0a98d5b3-7a3f-4cd0-a294-b04adeccbe7c',NULL,0,0),(NULL,'f5dbc1df-3827-4a90-b9fb-8e1e5736c8c9','0e1c0884-cd4f-4efe-85cf-ed3d6c1fce8d',NULL,0,0),(NULL,'f5dbc1df-3827-4a90-b9fb-8e1e5736c8c9','20550769-da23-4d54-983e-bdcc62d80a37',NULL,0,0),(NULL,'f5dbc1df-3827-4a90-b9fb-8e1e5736c8c9','28e4b229-c075-444e-bb7e-b2f27a9fd103',NULL,0,0),(NULL,'f5dbc1df-3827-4a90-b9fb-8e1e5736c8c9','565e13cb-7a4c-4f75-88f2-903a54ddc690',NULL,0,0),(NULL,'f5dbc1df-3827-4a90-b9fb-8e1e5736c8c9','5d57fb7a-7aab-4264-a6cf-12fc55f5093d',NULL,0,0),(NULL,'f5dbc1df-3827-4a90-b9fb-8e1e5736c8c9','de1a9928-7d90-4b22-9f2c-1c1977a9b1d3',NULL,0,0);
/*!40000 ALTER TABLE `project_sprint` ENABLE KEYS */;
UNLOCK TABLES;

--
-- Dumping data for table `projects`
--

LOCK TABLES `projects` WRITE;
/*!40000 ALTER TABLE `projects` DISABLE KEYS */;
INSERT INTO `projects` VALUES ('09a3fd3d-110c-4021-b4f2-13e32f43e261','21130320',_binary '\0',NULL,'2025-07-23 17:52:43.890114',NULL,'2025-07-23 17:52:43.890114','21130320','<p>Nhóm 1 môn Machine Learning</p><p>Đề tài: Ứng dụng Cây quyết định trong việc phân loại các loại nấm</p>','Nhóm 1'),('110a66d2-e995-4219-8bae-7f67a62f2702','21130601',_binary '\0',NULL,'2025-07-07 05:39:51.107837',NULL,'2025-07-07 05:39:51.107837','21130601','<p>Nhóm 3 ML</p>','Nhóm 3'),('3bff699d-9121-413b-8896-49b00f0952a3','21130363',_binary '\0',NULL,'2025-07-07 05:42:03.701516',NULL,'2025-07-07 05:42:03.701516','21130363','<p>Nhóm 4 LTW website bán cơm</p>','Nhóm 4'),('44a9f8f3-f606-4e67-bd4e-60565f542204','21130601',_binary '\0',NULL,'2025-07-07 05:39:24.298127',NULL,'2025-07-07 05:39:24.298127','21130601','<p>Nhóm 3 TT LTTBDĐ</p>','Nhóm 3'),('5090ec43-8787-4d26-8bc2-7c760a4d93ff','21130451',_binary '\0',NULL,'2025-07-07 05:41:24.390743',NULL,'2025-07-07 05:41:24.390743','21130451','<p>Nhóm 2 ML</p>','Nhóm 2'),('66fb3db5-3f1f-41b6-9ee9-c7c01a801de8','21130320',_binary '\0',NULL,'2025-07-07 07:19:08.837852',NULL,'2025-07-07 07:19:08.837852','21130320','<p>Nhóm 1 ML</p>','Nhóm 1'),('6b81a458-f76b-45dc-8a8c-c06876ac9d1b','21130363',_binary '\0',NULL,'2025-07-07 05:42:17.397109',NULL,'2025-07-07 05:42:17.397109','21130363','<p>Nhóm 4 OOP</p>','Nhóm 4'),('7d783967-3144-4c76-ae91-0bcb3ebab45b','21130320',_binary '\0',NULL,'2025-07-07 07:18:18.385276',NULL,'2025-07-07 07:18:18.385276','21130320','<p>Nhóm 1 OOP</p>','Nhóm 1'),('821a94e2-eccb-4704-a2d6-2bd63068469a','21130320',_binary '\0',NULL,'2025-07-07 07:18:36.467919',NULL,'2025-07-07 07:18:36.467919','21130320','<p>Nhóm 1 LT TBDD</p>','Nhóm 1'),('8f109a77-484b-4f39-a076-6b2a44b8137a','21130451',_binary '\0',NULL,'2025-07-07 05:05:47.768608',NULL,'2025-07-07 05:05:47.768608','21130451','<p>Nhóm 2 LTW website bán trái cây</p>','Nhóm 2'),('9b798a7c-1d24-47c0-9795-ddad74ba510c','21130601',_binary '\0',NULL,'2025-07-07 05:38:59.124516',NULL,'2025-07-07 05:38:59.124516','21130601','<p>Nhóm 3 OOP</p>','Nhóm 3'),('9d8280d3-4095-4b0a-a51d-df8cabea7248','21130451',_binary '\0',NULL,'2025-07-07 05:41:12.147178',NULL,'2025-07-07 05:41:12.147178','21130451','<p>Nhóm 2 TMĐT</p>','Nhóm 2'),('a07e9b37-4131-49bc-9b4a-f341ceb75e3c','21130451',_binary '\0',NULL,'2025-07-07 05:40:57.198072',NULL,'2025-07-07 05:40:57.198072','21130451','<p>Nhóm 2 TT LTTBDĐ</p>','Nhóm 2'),('caf9e00b-e1c5-4b0f-9c49-2eac892a327e','21130320',_binary '\0',NULL,'2025-07-05 13:23:29.725766',NULL,'2025-07-05 13:23:29.725766','21130320','<p>Nhóm 1 LTW website may đồ</p>','Nhóm 1'),('da74a26f-8184-4270-b594-cb1a11fdcb78','21130363',_binary '\0',NULL,'2025-07-07 05:42:33.801572',NULL,'2025-07-07 05:42:33.801572','21130363','<p>Nhóm 4 TT LTTBDĐ</p>','Nhóm 4'),('e46adbb0-d8c4-49e3-8903-975ab6d818f5','21130363',_binary '\0',NULL,'2025-07-07 05:43:02.665794',NULL,'2025-07-07 05:43:02.665794','21130363','<p>Nhóm 4 ML</p>','Nhóm 4'),('e56aedc9-6a5d-4a11-b77a-8f5dcc208469','21130363',_binary '\0',NULL,'2025-07-07 05:42:49.285370',NULL,'2025-07-07 05:42:49.285370','21130363','<p>Nhóm 4 TMĐT</p>','Nhóm 4'),('eb2cff67-6672-4ad6-8b2f-829a547c2595','21130451',_binary '\0',NULL,'2025-07-07 05:40:39.430139',NULL,'2025-07-07 05:40:39.430139','21130451','<p>Nhóm 2 OOP</p>','Nhóm 2'),('eb7eb335-236d-47f6-82b6-7ae51d847898','21130601',_binary '\0',NULL,'2025-07-07 05:39:37.643698',NULL,'2025-07-07 05:39:37.643698','21130601','<p>Nhóm 3 TMĐT</p>','Nhóm 3'),('f38f59b8-297c-4dfb-886d-e6ff1c87545f','21130320',_binary '\0',NULL,'2025-07-07 07:18:55.348127',NULL,'2025-07-07 07:18:55.348127','21130320','<p>Nhóm 1 TMĐT</p>','Nhóm 1'),('f5dbc1df-3827-4a90-b9fb-8e1e5736c8c9','21130601',_binary '\0',NULL,'2025-07-07 05:32:57.594695',NULL,'2025-07-07 05:32:57.594695','21130601','<p>Nhóm 3 LTW website bán bất động sản</p>','Nhóm 3');
/*!40000 ALTER TABLE `projects` ENABLE KEYS */;
UNLOCK TABLES;

--
-- Dumping data for table `resources`
--

LOCK TABLES `resources` WRITE;
/*!40000 ALTER TABLE `resources` DISABLE KEYS */;
INSERT INTO `resources` VALUES ('06acc134-170d-4ef2-8adb-3edf5eb6043f','21130320',_binary '\0',NULL,'2025-07-23 18:15:09.154004',NULL,'2025-07-23 18:15:09.154004','21130320','FILE',NULL,'daily','PROJECT','KLTN/09a3fd3d-110c-4021-b4f2-13e32f43e261/_report/21130320/daily_chevg7.xlsx',11130,'29494edf-a498-48f4-85e1-e33775976468'),('0ada637e-ca72-4910-a608-6ee0f948a3d3','21130320',_binary '\0',NULL,'2025-07-23 18:16:24.984558',NULL,'2025-07-23 18:16:24.984558','21130320','FILE',NULL,'sprint_backlog','PROJECT','KLTN/09a3fd3d-110c-4021-b4f2-13e32f43e261/_report/21130320/sprint_backlog_odv1us.xlsx',7788,'29494edf-a498-48f4-85e1-e33775976468'),('1dedb77e-bc93-4bb3-8b43-226886d7a3b1','21130320',_binary '\0',NULL,'2025-07-23 18:15:31.030011',NULL,'2025-07-23 18:15:31.030011','21130320','FILE',NULL,'daily (1)','PROJECT','KLTN/09a3fd3d-110c-4021-b4f2-13e32f43e261/_report/21130320/daily_1_iruzrl.xlsx',8010,'29494edf-a498-48f4-85e1-e33775976468'),('e3eb5efb-6dd5-46fb-bd80-f340cfc5054d','21130320',_binary '\0',NULL,'2025-07-13 08:21:57.824472',NULL,'2025-07-13 08:21:57.824472','21130320','FILE','pdf','Bao_Cao_Tong_Ket_NCKH','PROJECT','KLTN/caf9e00b-e1c5-4b0f-9c49-2eac892a327e/_report/21130320/Bao_Cao_Tong_Ket_NCKH_x7vbex',3206442,'29494edf-a498-48f4-85e1-e33775976468');
/*!40000 ALTER TABLE `resources` ENABLE KEYS */;
UNLOCK TABLES;

--
-- Dumping data for table `roles`
--

LOCK TABLES `roles` WRITE;
/*!40000 ALTER TABLE `roles` DISABLE KEYS */;
INSERT INTO `roles` VALUES ('f7b59d23-0874-11f0-91a0-0242ac120002',NULL,_binary '\0',NULL,'2025-05-08 04:52:50.000000',NULL,NULL,NULL,'Quản trị hệ thống','admin'),('f7b5f76b-0874-11f0-91a0-0242ac120002',NULL,_binary '\0',NULL,'2025-05-08 04:52:50.000000',NULL,NULL,NULL,'Giáo viên hướng dẫn','teacher'),('f7b5f8f8-0874-11f0-91a0-0242ac120002',NULL,_binary '\0',NULL,'2025-05-08 04:52:50.000000',NULL,NULL,NULL,'Trưởng nhóm','leader'),('f7b5f96a-0874-11f0-91a0-0242ac120002',NULL,_binary '\0',NULL,'2025-05-08 04:52:50.000000',NULL,NULL,NULL,'Sinh viên','student'),('f7b5f96a-0874-11f0-91a0-0242ac120011',NULL,_binary '\0',NULL,'2025-07-07 11:18:26.000000',NULL,NULL,NULL,'Thành viên nhóm','member');
/*!40000 ALTER TABLE `roles` ENABLE KEYS */;
UNLOCK TABLES;

--
-- Dumping data for table `roles_permissions`
--

LOCK TABLES `roles_permissions` WRITE;
/*!40000 ALTER TABLE `roles_permissions` DISABLE KEYS */;
INSERT INTO `roles_permissions` VALUES ('f7b59d23-0874-11f0-91a0-0242ac120002','e79e184d-0874-11f0-91a0-0242ac120002'),('f7b59d23-0874-11f0-91a0-0242ac120002','e79e70d0-0874-11f0-91a0-0242ac120002'),('f7b59d23-0874-11f0-91a0-0242ac120002','e79e7242-0874-11f0-91a0-0242ac120002'),('f7b59d23-0874-11f0-91a0-0242ac120002','e79e72a7-0874-11f0-91a0-0242ac120002'),('f7b59d23-0874-11f0-91a0-0242ac120002','e79e72d7-0874-11f0-91a0-0242ac120002'),('f7b59d23-0874-11f0-91a0-0242ac120002','e79e72ff-0874-11f0-91a0-0242ac120002'),('f7b59d23-0874-11f0-91a0-0242ac120002','e79e7327-0874-11f0-91a0-0242ac120002'),('f7b5f76b-0874-11f0-91a0-0242ac120002','e79e734c-0874-11f0-91a0-0242ac120002'),('f7b59d23-0874-11f0-91a0-0242ac120002','e79e7378-0874-11f0-91a0-0242ac120002'),('f7b5f76b-0874-11f0-91a0-0242ac120002','e79e7378-0874-11f0-91a0-0242ac120002'),('f7b5f76b-0874-11f0-91a0-0242ac120002','e79e739e-0874-11f0-91a0-0242ac120002'),('f7b5f76b-0874-11f0-91a0-0242ac120002','e79e73e3-0874-11f0-91a0-0242ac120002'),('f7b5f96a-0874-11f0-91a0-0242ac120002','e79e7408-0874-11f0-91a0-0242ac120002'),('f7b5f8f8-0874-11f0-91a0-0242ac120002','e79e742d-0874-11f0-91a0-0242ac120002'),('f7b5f8f8-0874-11f0-91a0-0242ac120002','e79e7bea-0874-11f0-91a0-0242ac120002'),('f7b5f8f8-0874-11f0-91a0-0242ac120002','e79e7c52-0874-11f0-91a0-0242ac120002'),('f7b5f8f8-0874-11f0-91a0-0242ac120002','e79e7c75-0874-11f0-91a0-0242ac120002'),('f7b5f76b-0874-11f0-91a0-0242ac120002','e79e7c9b-0874-11f0-91a0-0242ac120002'),('f7b5f76b-0874-11f0-91a0-0242ac120002','e79e7cc2-0874-11f0-91a0-0242ac120002'),('f7b5f8f8-0874-11f0-91a0-0242ac120002','e79e7cc2-0874-11f0-91a0-0242ac120002'),('f7b59d23-0874-11f0-91a0-0242ac120002','e79e7ce5-0874-11f0-91a0-0242ac120002'),('f7b5f76b-0874-11f0-91a0-0242ac120002','e79e7ce5-0874-11f0-91a0-0242ac120002'),('f7b5f76b-0874-11f0-91a0-0242ac120002','e79e7d08-0874-11f0-91a0-0242ac120002'),('f7b5f8f8-0874-11f0-91a0-0242ac120002','e79e7d08-0874-11f0-91a0-0242ac120002'),('f7b5f8f8-0874-11f0-91a0-0242ac120002','e79e7d29-0874-11f0-91a0-0242ac120002'),('f7b5f8f8-0874-11f0-91a0-0242ac120002','e79e7d4a-0874-11f0-91a0-0242ac120002'),('f7b5f8f8-0874-11f0-91a0-0242ac120002','e79e7d6e-0874-11f0-91a0-0242ac120002'),('f7b5f8f8-0874-11f0-91a0-0242ac120002','e79e7d93-0874-11f0-91a0-0242ac120002'),('f7b5f96a-0874-11f0-91a0-0242ac120002','e79e7d93-0874-11f0-91a0-0242ac120002'),('f7b5f8f8-0874-11f0-91a0-0242ac120002','e79e7db5-0874-11f0-91a0-0242ac120002'),('f7b5f96a-0874-11f0-91a0-0242ac120002','e79e7db5-0874-11f0-91a0-0242ac120002'),('f7b5f8f8-0874-11f0-91a0-0242ac120002','e79e7dd9-0874-11f0-91a0-0242ac120002'),('f7b5f8f8-0874-11f0-91a0-0242ac120002','e79e7df9-0874-11f0-91a0-0242ac120002'),('f7b5f96a-0874-11f0-91a0-0242ac120002','e79e7df9-0874-11f0-91a0-0242ac120002'),('f7b5f8f8-0874-11f0-91a0-0242ac120002','e79e7e18-0874-11f0-91a0-0242ac120002'),('f7b5f96a-0874-11f0-91a0-0242ac120002','e79e7e18-0874-11f0-91a0-0242ac120002'),('f7b5f76b-0874-11f0-91a0-0242ac120002','e79e7e3a-0874-11f0-91a0-0242ac120002'),('f7b59d23-0874-11f0-91a0-0242ac120002','e79e7e5d-0874-11f0-91a0-0242ac120002'),('f7b5f76b-0874-11f0-91a0-0242ac120002','e79e7e5d-0874-11f0-91a0-0242ac120002'),('f7b59d23-0874-11f0-91a0-0242ac120002','e79e7e81-0874-11f0-91a0-0242ac120002'),('f7b5f76b-0874-11f0-91a0-0242ac120002','e79e7e81-0874-11f0-91a0-0242ac120002'),('f7b5f8f8-0874-11f0-91a0-0242ac120002','e79e7ea4-0874-11f0-91a0-0242ac120002'),('f7b59d23-0874-11f0-91a0-0242ac120002','e79e7ec6-0874-11f0-91a0-0242ac120002'),('f7b5f76b-0874-11f0-91a0-0242ac120002','e79e7ec6-0874-11f0-91a0-0242ac120002'),('f7b59d23-0874-11f0-91a0-0242ac120002','e79e7ee9-0874-11f0-91a0-0242ac120002'),('f7b59d23-0874-11f0-91a0-0242ac120002','e79e7f0b-0874-11f0-91a0-0242ac120002'),('f7b5f76b-0874-11f0-91a0-0242ac120002','e79e7f0b-0874-11f0-91a0-0242ac120002');
/*!40000 ALTER TABLE `roles_permissions` ENABLE KEYS */;
UNLOCK TABLES;

--
-- Dumping data for table `skills`
--

LOCK TABLES `skills` WRITE;
/*!40000 ALTER TABLE `skills` DISABLE KEYS */;
INSERT INTO `skills` VALUES ('09ff3366-7263-4f97-8819-c1b91a374433','21130451',_binary '\0',NULL,'2025-07-08 06:20:58.662364',NULL,'2025-07-08 06:20:58.662364','21130451','Python'),('28190eb3-2c79-4749-8002-0d57fbe215ab','21130509',_binary '\0',NULL,'2025-07-09 07:47:57.010019',NULL,'2025-07-09 07:47:57.010019','21130509','Document'),('32907f3c-59b2-449c-be5d-2cbb0fa5256a','21130416',_binary '\0',NULL,'2025-07-08 06:20:58.341835',NULL,'2025-07-08 06:20:58.341835','21130416','React'),('4546ea0d-61cb-479d-8f1e-c05faa3f1938','21130320',_binary '\0',NULL,'2025-07-08 06:00:27.037820',NULL,'2025-07-08 06:00:27.037820','21130320','HTML'),('4b60b10a-bef9-440a-bcf2-c24cb9a39638','21130320',_binary '\0',NULL,'2025-07-08 06:00:46.331170',NULL,'2025-07-08 06:00:46.331170','21130320','CSS'),('5292dfab-a44d-4c8b-9ac1-4beb7cdfed40','21130601',_binary '\0',NULL,'2025-07-08 06:20:59.192281',NULL,'2025-07-08 06:20:59.192281','21130601','Java'),('5d39e73b-f01c-480b-85c5-14d525e1fe88','21130319',_binary '\0',NULL,'2025-07-08 13:04:33.931423',NULL,'2025-07-08 13:04:33.931423','21130319','Database'),('7d86caf3-b2d1-4029-9bc0-4b1d319f29df','21130320',_binary '\0',NULL,'2025-07-08 06:00:37.170722',NULL,'2025-07-08 06:00:37.170722','21130320','JavaScript'),('7ea6e1ff-cd72-4049-84f6-2cf60eec8fda','21130320',_binary '\0',NULL,'2025-07-08 05:59:43.738027',NULL,'2025-07-08 05:59:43.738027','21130320','Cấu trúc dữ liệu'),('84cbb67d-71c9-4f7c-85b1-734faba26a2b','21130451',_binary '\0',NULL,'2025-07-09 07:45:47.902410',NULL,'2025-07-09 07:45:47.902410','21130451','Research'),('8931bbb3-e6d7-4e75-8be1-49f7d7c96487','21130416',_binary '\0',NULL,'2025-07-08 06:20:58.286451',NULL,'2025-07-08 06:20:58.286451','21130416','OOP'),('8b3654f1-e510-41f0-8a01-d8856f7a2786','21130601',_binary '\0',NULL,'2025-07-08 06:20:59.214465',NULL,'2025-07-08 06:20:59.214465','21130601','Networking'),('8dc102be-5170-470b-b20b-a49b996deb25','21130509',_binary '\0',NULL,'2025-07-08 13:42:45.292905',NULL,'2025-07-08 13:42:45.292905','21130509','Phân tích'),('91ff4535-ea3b-48d3-a560-6c4866ea35eb','21130319',_binary '\0',NULL,'2025-07-08 13:17:44.365435',NULL,'2025-07-08 13:17:44.365435','21130319','Figma'),('923a6239-8e81-49d3-8379-0c03284f2275','21130416',_binary '\0',NULL,'2025-07-08 13:19:41.051651',NULL,'2025-07-08 13:19:41.051651','21130416','JDBI'),('938cef2c-f710-4d90-b343-562e94dd56d9','21130320',_binary '\0',NULL,'2025-07-08 06:00:06.922301',NULL,'2025-07-08 06:00:06.922301','21130320','Thuật toán'),('93ab459c-ebb9-4c45-a33b-3f24263b2fdc','21130319',_binary '\0',NULL,'2025-07-08 13:02:55.593096',NULL,'2025-07-08 13:02:55.593096','21130319','Servlet'),('9da99cf3-671a-4aa2-9622-2aa80be49c6a','21130320',_binary '\0',NULL,'2025-07-08 05:59:04.789629',NULL,'2025-07-08 05:59:04.789629','21130320','Java Core'),('a8d461e1-51a7-4a26-9e77-ca92900ba3bf','21130175',_binary '\0',NULL,'2025-07-08 06:20:59.713440',NULL,'2025-07-08 06:20:59.713440','21130175','TypeScript'),('b1603feb-4dca-452d-8768-d474a003902e','21130175',_binary '\0',NULL,'2025-07-08 06:20:59.758230',NULL,'2025-07-08 06:20:59.758230','21130175','MongoDB'),('b5696ec1-06ed-42fa-86f0-497e52338f03','21130444',_binary '\0',NULL,'2025-07-09 07:47:33.682746',NULL,'2025-07-09 07:47:33.682746','21130444','Sklearn'),('c4aa5d74-e861-483c-b8a7-7828d88cce56','21130451',_binary '\0',NULL,'2025-07-08 06:20:58.702600',NULL,'2025-07-08 06:20:58.702600','21130451','Linux'),('d1893400-2187-4c7b-92bf-ada82686bf84','21130320',_binary '\0',NULL,'2025-07-08 05:58:36.736356',NULL,'2025-07-08 05:58:36.736356','21130320','SQL'),('dc372d56-ebb8-4551-971c-0d6c00752272','21130175',_binary '\0',NULL,'2025-07-08 06:20:59.737636',NULL,'2025-07-08 06:20:59.737636','21130175','CI/CD'),('f2045192-fb22-4f00-adc2-d8773f008c2d','21130444',_binary '\0',NULL,'2025-07-08 13:32:44.597121',NULL,'2025-07-08 13:32:44.597121','21130444','JDBC'),('ff571ca8-4105-4ebd-a992-6a18aac35275','21130601',_binary '\0',NULL,'2025-07-08 06:20:59.235955',NULL,'2025-07-08 06:20:59.235955','21130601','DSA');
/*!40000 ALTER TABLE `skills` ENABLE KEYS */;
UNLOCK TABLES;

--
-- Dumping data for table `sprint_resource`
--

LOCK TABLES `sprint_resource` WRITE;
/*!40000 ALTER TABLE `sprint_resource` DISABLE KEYS */;
INSERT INTO `sprint_resource` VALUES ('caf9e00b-e1c5-4b0f-9c49-2eac892a327e','565e13cb-7a4c-4f75-88f2-903a54ddc690','e3eb5efb-6dd5-46fb-bd80-f340cfc5054d'),('09a3fd3d-110c-4021-b4f2-13e32f43e261','ed30f4f9-61ee-499c-b68d-e736c3290b2a','06acc134-170d-4ef2-8adb-3edf5eb6043f'),('09a3fd3d-110c-4021-b4f2-13e32f43e261','ed30f4f9-61ee-499c-b68d-e736c3290b2a','1dedb77e-bc93-4bb3-8b43-226886d7a3b1');
/*!40000 ALTER TABLE `sprint_resource` ENABLE KEYS */;
UNLOCK TABLES;

--
-- Dumping data for table `sprints`
--

LOCK TABLES `sprints` WRITE;
/*!40000 ALTER TABLE `sprints` DISABLE KEYS */;
INSERT INTO `sprints` VALUES ('018a1ba5-dda1-4179-b73e-176e6693a371','1000005',_binary '\0',NULL,'2025-07-04 08:56:22.665524',NULL,'2025-07-04 08:56:22.665524','1000005','2025-03-14 17:00:00.000000','2025-03-04 17:00:00.000000','2025-03-01 17:00:00.000000',15,'Hiện thực chức năng sản phẩm','3d4c23db-a9f0-41d2-aa6e-5254b7f48277','<p>- Xác định các thuộc tính của sản phẩm</p><p>- 1 sản phẩm phải có 1 hoăc nhiều ảnh</p><p>- Được phép tìm kiếm sản phẩm theo nhiều tiêu chí</p><p>- Hiện thực trang danh sách sản phẩm và sản phẩm chi tiết</p>'),('06a57b77-0290-450f-8312-db22e8c21c78','1000004',_binary '\0',NULL,'2025-07-04 08:45:18.463724',NULL,'2025-07-04 08:45:18.463724','1000004','2025-05-02 17:00:00.000000','2025-04-22 17:00:00.000000','2025-04-19 17:00:00.000000',15,'Tối ưu các mẫu đã hiện thực','7271fe01-d53f-498f-9d87-2042d6f524ab','<p>- Tối ưu các mẫu đã áp dụng vào chức năng</p>'),('0a98d5b3-7a3f-4cd0-a294-b04adeccbe7c','1000005',_binary '\0',NULL,'2025-07-04 08:57:10.907838',NULL,'2025-07-04 08:57:10.907838','1000005','2025-03-21 17:00:00.000000','2025-03-16 17:00:00.000000','2025-03-15 17:00:00.000000',12,'Hiện thực chức năng giỏ hàng','3d4c23db-a9f0-41d2-aa6e-5254b7f48277','<p>- Xác định các thuộc tính của giỏ hàng</p><p>- Lưu giỏ hàng trong session</p><p>- Hiện thực chức năng thêm, xóa sản phẩm trong giỏ hàng, tăng giảm số lượng trong giỏ hàng</p>'),('0e1c0884-cd4f-4efe-85cf-ed3d6c1fce8d','1000005',_binary '\0',NULL,'2025-07-04 08:58:57.763223',NULL,'2025-07-04 08:58:57.763223','1000005','2025-03-28 17:00:00.000000','2025-03-23 17:00:00.000000','2025-03-22 17:00:00.000000',10,'Hiện thực chức mã giảm giá','3d4c23db-a9f0-41d2-aa6e-5254b7f48277','<p>- Áp dụng mã giảm giá cho đơn hàng, có giá trị tối thiểu áp dụng</p><p>- Triển khai mã giảm gía cho ngừời dùng</p>'),('20550769-da23-4d54-983e-bdcc62d80a37','1000005',_binary '\0',NULL,'2025-07-04 09:08:11.897445',NULL,'2025-07-04 09:08:11.897445','1000005','2025-05-17 17:00:00.000000','2025-05-06 17:00:00.000000','2025-05-03 17:00:00.000000',20,'Hiện thực các chức năng đặc biệt theo  từng đề tài chuyên biệt','3d4c23db-a9f0-41d2-aa6e-5254b7f48277','<p>- Xây dựng các chức năng đặc biệt dành cho đề tài</p>'),('28e4b229-c075-444e-bb7e-b2f27a9fd103','1000005',_binary '\0',NULL,'2025-07-04 08:59:50.087500',NULL,'2025-07-04 08:59:50.087500','1000005','2025-04-11 17:00:00.000000','2025-04-01 17:00:00.000000','2025-03-29 17:00:00.000000',20,'Hiện thực chức năng đơn hàng','3d4c23db-a9f0-41d2-aa6e-5254b7f48277','<p>- Lựa chọn phương thức thanh toán</p><p>- Xác định các trạng thái cần thiết cho đơn hàng, quá trình chuyển đổi trạng thái của đơn hàng từ </p><p>lúc bắt đầu đến khi thành công</p><p>- Hiện thực cách tính tiền cho sản phẩm</p><p>- Lưu thông tin người mua: họ tên, địa chỉ, số điện thoại</p><p>- Người dùng có thể xem các đơn hàng đã đặt của người dùng</p><p>- Quản lý cập nhập trạng thái đơn hàng cho quản lý</p><p>- Thông báo khi đặt hàng thành công</p>'),('2fec7291-d7dd-4835-853f-f3d8453487eb','1000001',_binary '\0',NULL,'2025-07-04 06:25:14.495539',NULL,'2025-07-04 06:25:14.495539','1000001','2025-04-18 17:00:00.000000','2025-04-07 17:00:00.000000','2025-04-04 17:00:00.000000',15,'Hiệu chỉnh và báo cáo','88e830a7-f240-4d0f-b8f3-bd08cfb69607','<p>- Hiệu chỉnh mô hình nếu có thể, thực hiện lại các yêu cầu ở sprint 3 và sprint 4</p><p>- Upload src code </p><p>- Chuẩn bị tài liệu báo cáo</p>'),('36524122-5b4b-47aa-8d46-d064c6cb28fd','1000003',_binary '\0',NULL,'2025-07-04 08:21:57.237432',NULL,'2025-07-04 08:21:57.237432','1000003','2025-02-28 17:00:00.000000','2025-02-18 17:00:00.000000','2025-02-15 17:00:00.000000',10,'Kiến thức Android cơ bản','139b821a-f5d0-49c8-9f26-da68e54d59a2','<p>- Học các kiến thức về Page, Fragment, Navigate, Animation</p><p>- Xây dựng thành phần giao diện bằng XML</p><p>- Xây dựng prototype cho các giao diện cơ bản</p><p>- Phân tích, tổ chức mã nguồn cho dự án</p>'),('4af885f3-a68c-4204-8840-2a1c179222a4','1000004',_binary '\0',NULL,'2025-07-04 08:34:14.632668',NULL,'2025-07-04 08:34:14.632668','1000004','2025-02-28 17:00:00.000000','2025-02-18 17:00:00.000000','2025-02-15 17:00:00.000000',15,'Tìm hiểu các tính chât của OOP','7271fe01-d53f-498f-9d87-2042d6f524ab','<p>- Tìm hiểu 4 tính chất OOP</p><p>- Học nguyên tắc vẽ Use Case Diagram</p><p>- Học nguyên tắc vẽ Class Diagram</p><p>- Học về khái niệm và ứng dụng của Class, Abstract, Interface, Instance</p><p>- Hiện thực các chức năng đã đề ra bằng phương pháp OOP</p>'),('4bccc8ff-e9e3-43ec-b037-a2df9987185e','1000004',_binary '\0',NULL,'2025-07-04 08:33:06.700710',NULL,'2025-07-04 08:33:06.700710','1000004','2025-02-14 17:00:00.000000','2025-02-09 17:00:00.000000','2025-02-08 17:00:00.000000',10,'Chọn đề tài và ngôn ngữ thực hiện','7271fe01-d53f-498f-9d87-2042d6f524ab','<p>- Lựa chọn đề tài </p><p>- Lựa chọn ngôn ngữ thực hiện</p><p>- Chọn các chức năng thực hiện phù hợp với đề tài và yêu cầu giảng viên</p>'),('4c814469-68fa-494a-9e93-90ccff9d6eaa','1000002',_binary '\0',NULL,'2025-07-04 08:13:41.590556',NULL,'2025-07-04 08:13:41.590556','1000002','2025-05-09 17:00:00.000000','2025-05-04 17:00:00.000000','2025-05-03 17:00:00.000000',10,'Kiểm thử và báo cáo','792e6f85-582a-4f65-a50d-e7c59cefb7b2','<p>- Kiểm thử toàn bộ ứng dụng</p><p>- Chuẩn bị usecase diagram</p><p>- Chuẩn bị ERD</p><p>- Chuẩn bị ứng dụng</p>'),('50b47ab0-c2b8-4bfd-95bf-c35023aaf198','1000001',_binary '\0',NULL,'2025-07-04 06:15:42.316107',NULL,'2025-07-04 06:23:07.244545','1000001','2025-03-19 17:00:00.000000','2025-03-08 17:00:00.000000','2025-03-05 17:00:00.000000',20,'Lựa chọn mô hình và huấn luyện','88e830a7-f240-4d0f-b8f3-bd08cfb69607','<p>- Lựa chọn mô hình (1 hoặc nhiều), ghi nhận điểm mạnh và yếu của tứng mô hình</p><p>- Lựa chọn tham số cho mô hình</p><p>- Tiến hành huấn luyện mô hình dựa trên dataset đã tiền xử lý, ghi nhận các kết quả thu được tại mỗi mô hình</p><p>- Lập các sơ đồ thống kê kết quả như confusion matrix, từ đó chọn ra mô hình thu nhận được kết quả tốt nhất</p>'),('565e13cb-7a4c-4f75-88f2-903a54ddc690','1000005',_binary '\0',NULL,'2025-07-04 08:52:37.772033',NULL,'2025-07-04 08:52:37.772033','1000005','2025-02-14 17:00:00.000000','2025-02-09 17:00:00.000000','2025-02-08 17:00:00.000000',20,'Tìm hiểu bải toán','3d4c23db-a9f0-41d2-aa6e-5254b7f48277','<p>- Chọn đề tài</p><p>- Ghi nhận các yêu cầu chung của giảng viên</p><p>- Ghi nhận các kiến thức và điểm mạnh của các thành viên</p><p>- Thiết lập khu vực lưu trữ code cho nhóm trên Github</p>'),('5d57fb7a-7aab-4264-a6cf-12fc55f5093d','1000005',_binary '\0',NULL,'2025-07-04 08:55:31.632635',NULL,'2025-07-04 08:55:31.632635','1000005','2025-02-28 17:00:00.000000','2025-02-23 17:00:00.000000','2025-02-22 17:00:00.000000',10,'Hiện thực chức năng đăng nhập,  đăng ký người dùng và phân quyền','3d4c23db-a9f0-41d2-aa6e-5254b7f48277','<p>- Ứng dụng session vào chức năng đăng nhập</p><p>- Hiện thực chức năng đăng ký</p><p>- Xác thực người dùng đã đăng ký</p><p>- Mã hóa mật khẩu</p><p>- Chặn người dùng vào môt số trang theo quyền hạn </p><p>- Phân quyền cho khách hàng và quản lý</p>'),('697b373f-2d73-48e9-90d4-ab516cc7d2aa','1000002',_binary '\0',NULL,'2025-07-04 08:08:17.994815',NULL,'2025-07-04 08:08:17.994815','1000002','2025-04-25 17:00:00.000000','2025-04-15 17:00:00.000000','2025-04-12 17:00:00.000000',15,'Các chức năng đặc biệt','792e6f85-582a-4f65-a50d-e7c59cefb7b2','<p>- Hiện thực các chức năng đặc biệt mà đã đề ra ở usecase</p>'),('6a01e474-92f2-440e-9cc1-c1041de2e1be','1000004',_binary '\0',NULL,'2025-07-04 08:42:22.778899',NULL,'2025-07-04 08:42:22.778899','1000004','2025-03-28 17:00:00.000000','2025-03-23 17:00:00.000000','2025-03-22 17:00:00.000000',8,'Học và ứng dụng Decorator và Iterator pattern','7271fe01-d53f-498f-9d87-2042d6f524ab','<p>- Chọn chức năng phù hợp với mẫu và hiện thực</p><p>- Ghi tài liệu</p>'),('746d0e99-8024-4fd8-8851-0ff42317774a','1000001',_binary '\0',NULL,'2025-07-23 17:10:11.838549',NULL,'2025-07-23 17:10:11.838549','1000001','2025-03-03 17:00:00.000000','2025-02-28 17:00:00.000000','2025-02-24 17:00:00.000000',15,'Lựa chọn mô hình','f228ad1b-f250-41b6-ab6e-7979a8c78a52','<p>Ở sprint này sinh viên lựa chọn mô hình cho bài toán</p><p>Lựa chọn 3 - 4 mô hình</p><p>Thực hiện nạp dữ liệu đã tiền xử lý</p><p>Ghi nhận lại kết quả giữa các mô hình</p><p>Rút ra mô hình sử dụng chính</p>'),('8b238fa2-6e02-47b0-8343-bd97d791ae65','1000003',_binary '\0',NULL,'2025-07-04 08:28:35.394747',NULL,'2025-07-04 08:28:35.394747','1000003','2025-04-25 17:00:00.000000','2025-04-20 17:00:00.000000','2025-04-19 17:00:00.000000',10,'Chuẩn bị và báo cáo','139b821a-f5d0-49c8-9f26-da68e54d59a2','<p>- Cung cấp tài liệu (hệ thống, giới thiệu đề tài, hướng dẫn sử dụng)</p><p>- Ứng dụng đã hiện thực</p>'),('8e395f10-31a4-4e06-b450-52d7c50da7e0','1000004',_binary '\0',NULL,'2025-07-04 08:37:12.650674',NULL,'2025-07-04 08:37:21.475669','1000004','2025-03-14 17:00:00.000000','2025-03-10 17:00:00.000000','2025-03-08 17:00:00.000000',10,'Học và ứng dụng Singleton và Observer pattern','7271fe01-d53f-498f-9d87-2042d6f524ab','<p>- Chọn chức năng phù hợp với mẫu và hiện thực</p><p>- Ghi tài liệu</p>'),('94b4cde8-df2d-4241-a80a-d79fffaafd45','1000001',_binary '\0',NULL,'2025-07-04 06:13:18.718821',NULL,'2025-07-04 06:22:52.866304','1000001','2025-03-04 17:00:00.000000','2025-02-21 17:00:00.000000','2025-02-18 17:00:00.000000',20,'Xử lý Dataset','88e830a7-f240-4d0f-b8f3-bd08cfb69607','<p>- Thống kê đối với mỗi tập dataset tìm được</p><p>- Tiền xử lý dữ liệu cho từng tập dataset bằng các phương pháp, thực hiện thống kê  sau khi tiền xử lý</p><p>- Ghi nhận các kết quả vào tài liệu</p>'),('99157455-4dac-4bd4-a540-f43c0fd93145','1000004',_binary '\0',NULL,'2025-07-04 08:43:46.246538',NULL,'2025-07-04 08:43:46.246538','1000004','2025-04-04 17:00:00.000000','2025-03-30 17:00:00.000000','2025-03-29 17:00:00.000000',8,'Học và ứng dụng Template Method và Visitor pattern','7271fe01-d53f-498f-9d87-2042d6f524ab','<p>- Chọn chức năng phù hợp với mẫu và hiện thực</p><p>- Ghi tài liệu</p>'),('99d36620-1576-4e19-99fb-c132541b860f','1000002',_binary '\0',NULL,'2025-07-04 07:47:41.511143',NULL,'2025-07-04 07:47:41.511143','1000002','2025-03-07 17:00:00.000000','2025-02-26 17:00:00.000000','2025-02-23 17:00:00.000000',20,'Thiết kế','792e6f85-582a-4f65-a50d-e7c59cefb7b2','<p>- Vẽ usecase diagram</p><p>- Vẽ kiến trúc hạ tầng, nền tảng thực hiện</p><p>- Các công nghệ sử dụng, thiết lập khu vực làm việc cho nhóm</p><p>- Trình bày kế hoạch của dự án thông qua PPT</p>'),('9a767bf6-8caf-43d2-b1d2-2e00b54bd6a7','1000003',_binary '\0',NULL,'2025-07-04 08:27:06.946410',NULL,'2025-07-04 08:27:06.946410','1000003','2025-04-11 17:00:00.000000','2025-04-01 17:00:00.000000','2025-03-29 17:00:00.000000',20,'Hiện thực Admin Module','139b821a-f5d0-49c8-9f26-da68e54d59a2','<p>- Hiện thực các chức năng quản lý cho các thực thể chuyên biệt của đề tài</p><p>VD: nếu bán hàng thì phải có chức năng tạo sản phẩm, ứng dụng nghe nhạc thì phải có chức năng tải nhạc</p>'),('9d2d20a1-f820-4c32-9fab-cbc63a86a98d','1000001',_binary '\0',NULL,'2025-07-23 17:30:30.215776',NULL,'2025-07-23 17:30:30.215776','1000001','2025-04-03 17:00:00.000000','2025-04-01 17:00:00.000000','2025-03-27 17:00:00.000000',10,'Chuẩn bị nộp bài','f228ad1b-f250-41b6-ab6e-7979a8c78a52','<p>Chuẩn bị tài liệu</p><p>Chuẩn bị video demo</p>'),('9ebb1a1a-bbf5-4724-9692-fd08a591164b','1000004',_binary '\0',NULL,'2025-07-04 08:47:24.326636',NULL,'2025-07-10 02:41:03.349108','1000004','2025-05-09 17:00:00.000000','2025-05-04 17:00:00.000000','2025-05-03 17:00:00.000000',15,'Kiểm thử và báo cáo','7271fe01-d53f-498f-9d87-2042d6f524ab','<p>- Tổng hợp document, có sơ đồ kiến trúc và ảnh minh họa ứng dụng các mẫu vào chức năng</p>'),('bbfc8df2-5eb2-4a78-84d1-1e65beddd6f3','1000004',_binary '\0',NULL,'2025-07-04 08:44:35.347330',NULL,'2025-07-04 08:44:35.347330','1000004','2025-04-18 17:00:00.000000','2025-04-08 17:00:00.000000','2025-04-05 17:00:00.000000',15,'Học và ứng dụng mô hình MVC trong xây dựng ứng dụng','7271fe01-d53f-498f-9d87-2042d6f524ab','<p>- Chọn chức năng phù hợp với mẫu và hiện thực</p><p>- Ghi tài liệu</p>'),('bc3884ae-e246-4001-857c-b2ddd16ec442','1000001',_binary '\0',NULL,'2025-07-23 17:08:07.617769',NULL,'2025-07-23 17:08:07.617769','1000001','2025-02-23 17:00:00.000000','2025-02-21 17:00:00.000000','2025-02-16 17:00:00.000000',10,'Xử lý dữ liệu','f228ad1b-f250-41b6-ab6e-7979a8c78a52','<p>Thưc hiện tiền xử lý dữ liệu.</p><p>Báo cáo kết quả thu được ở cuối mỗi sprint</p>'),('be992de1-8f5a-4c5b-8158-2d7ae3c7ab38','1000001',_binary '\0',NULL,'2025-07-04 06:24:11.400982',NULL,'2025-07-04 06:24:11.400982','1000001','2025-04-03 17:00:00.000000','2025-03-23 17:00:00.000000','2025-03-20 17:00:00.000000',15,'Ứng dụng','88e830a7-f240-4d0f-b8f3-bd08cfb69607','<p>- Xây dựng giao diện ứng dụng để sử dụng mô hình (nếu có)</p><p>- Áp dụng mô hình vào dữ liệu thực tế, ghi nhận kết quả</p>'),('c469d85a-a19c-4411-88ca-c0041af4f8e5','1000003',_binary '\0',NULL,'2025-07-04 08:20:18.520837',NULL,'2025-07-04 08:20:18.520837','1000003','2025-02-14 17:00:00.000000','2025-02-09 17:00:00.000000','2025-02-08 17:00:00.000000',10,'Tìm hiểu công nghệ sử dụng','139b821a-f5d0-49c8-9f26-da68e54d59a2','<p>- Nền tảng phát triển Android hoặc IOS</p><p>- Lựa chọn đề tài (có phần admin để quản lý nếu là bài toán bán hàng)</p><p>- Phân tích usecase của đề tài, liệt kê các chức năng cần thiết</p><p>- Xây dựng quy tắc làm việc cho nhóm, thiết lập Version control</p>'),('ca990a18-1ecf-4677-b4f5-ff3f9c679fe3','1000002',_binary '\0',NULL,'2025-07-04 08:12:31.161494',NULL,'2025-07-04 08:12:31.161494','1000002','2025-05-02 17:00:00.000000','2025-04-28 17:00:00.000000','2025-04-26 17:00:00.000000',15,'Hiện thực các chức năng bổ sung','792e6f85-582a-4f65-a50d-e7c59cefb7b2','<p>- Hiện thực review sản phẩm</p><p>- Điều chỉnh lại các UI của các phần đã làm</p><p>- Bổ sung các trang giới thiệu còn thiếu</p>'),('cd36124d-d149-4e1b-a716-63db9678cf63','1000001',_binary '\0',NULL,'2025-07-23 17:13:14.968207',NULL,'2025-07-23 17:29:21.775614','1000001','2025-03-26 17:00:00.000000','2025-03-21 17:00:00.000000','2025-03-12 17:00:00.000000',10,'Ứng dụng','f228ad1b-f250-41b6-ab6e-7979a8c78a52','<p>Ứng dụng mô hình vào 1 platform bất kì</p>'),('d1e3dfdf-dfac-4693-bb79-fa08d8aad9fc','1000002',_binary '\0',NULL,'2025-07-04 07:28:08.003470',NULL,'2025-07-04 07:30:36.341795','1000002','2025-02-15 17:00:00.000000','2025-02-10 17:00:00.000000','2025-02-09 17:00:00.000000',10,'Khái niệm và kiến thức liên quan','792e6f85-582a-4f65-a50d-e7c59cefb7b2','<p>- Business Model : B2C, B2B</p><p>- Keyword Business</p><p>- Business Plan</p><p>- Các kiến thức liên quan đến doanh thu, vốn.</p><p>- Các yêu cầu kỹ thuật cần thiết cho thương mại điện tử</p>'),('d7111352-035f-46fa-9d96-85812f81b0f4','1000003',_binary '\0',NULL,'2025-07-04 08:26:19.061390',NULL,'2025-07-04 08:26:19.061390','1000003','2025-03-28 17:00:00.000000','2025-03-18 17:00:00.000000','2025-03-15 17:00:00.000000',20,'Hiện thực Business Module','139b821a-f5d0-49c8-9f26-da68e54d59a2','<p>- Hiện thực các chức năng chuyên biệt theo đề tài đã chọn</p>'),('dd34ecaf-9783-4b03-b211-edc72a3e5f31','1000004',_binary '\0',NULL,'2025-07-04 08:39:43.705417',NULL,'2025-07-04 08:39:43.705417','1000004','2025-03-21 17:00:00.000000','2025-03-16 17:00:00.000000','2025-03-15 17:00:00.000000',10,'Học và ứng dụng Factory Method và Abstract Factory pattern','7271fe01-d53f-498f-9d87-2042d6f524ab','<p>- Chọn chức năng phù hợp với mẫu và hiện thực</p><p>- Ghi tài liệu</p>'),('de1a9928-7d90-4b22-9f2c-1c1977a9b1d3','1000005',_binary '\0',NULL,'2025-07-04 08:54:40.635421',NULL,'2025-07-04 08:54:40.635421','1000005','2025-02-21 17:00:00.000000','2025-02-16 17:00:00.000000','2025-02-15 17:00:00.000000',12,'Phân tích yêu cầu và chuẩn bị kiến thức','3d4c23db-a9f0-41d2-aa6e-5254b7f48277','<p>- Phân tích yêu cầu và chuẩn bị kiến thức</p><p>- Xây dựng ERD</p>'),('dea18fd8-488a-4ba4-ab67-465749cc8498','1000003',_binary '\0',NULL,'2025-07-04 08:23:12.561275',NULL,'2025-07-04 08:23:12.561275','1000003','2025-03-07 17:00:00.000000','2025-03-02 17:00:00.000000','2025-03-01 17:00:00.000000',10,'Hiện thực Auth module','139b821a-f5d0-49c8-9f26-da68e54d59a2','<p>- Chọn cách thức xác thực người dùng (session hoặc token)</p><p>- Hiện thực chức năng đăng nhập</p><p>- Hiện thực chức năng đăng ký và xác thực người dùng</p><p>- Bảo vệ các trang mà người dùng không được truy cập</p>'),('e3fcd8e9-d658-4bbe-bb8f-6bf08a593ad3','1000003',_binary '\0',NULL,'2025-07-04 08:24:11.881899',NULL,'2025-07-04 08:24:11.881899','1000003','2025-03-14 17:00:00.000000','2025-03-09 17:00:00.000000','2025-03-08 17:00:00.000000',10,'Hiện thực User Module','139b821a-f5d0-49c8-9f26-da68e54d59a2','<p>- Hiện thực cập nhập thông tin người dùng</p><p>- Hiện thực chức năng đổi mật khẩu</p>'),('eb648995-761c-42b7-9a55-2e2a8d67acae','1000002',_binary '\0',NULL,'2025-07-04 07:49:56.718423',NULL,'2025-07-04 07:49:56.718423','1000002','2025-03-14 17:00:00.000000','2025-03-10 17:00:00.000000','2025-03-08 17:00:00.000000',10,'Hiện thực chức người dùng','792e6f85-582a-4f65-a50d-e7c59cefb7b2','<p>- Đăng nhập, đăng ký, phâ quyền (tối thiểu 3 vai trò)</p><p>- Thay đổi thông tin cá nhân, avatar</p><p>- Thay đổi mật khẩu, quên mật khẩu</p><p>- Quản lý người dùng cho admin</p>'),('ed2bc749-adac-4f85-b07d-93f7dce64a41','1000001',_binary '\0',NULL,'2025-07-23 17:12:18.417671',NULL,'2025-07-23 17:12:18.417671','1000001','2025-03-11 17:00:00.000000','2025-03-09 17:00:00.000000','2025-03-04 17:00:00.000000',20,'Tối ưu mô hình','f228ad1b-f250-41b6-ab6e-7979a8c78a52','<p>Sinh viên thực hiện tối ưu mô hình ở sprint trước</p><p>Làm bảng so sánh trước và sau khi tối ưu</p>'),('ed30f4f9-61ee-499c-b68d-e736c3290b2a','1000001',_binary '\0',NULL,'2025-07-23 17:06:41.862015',NULL,'2025-07-23 17:06:41.862015','1000001','2025-02-15 17:00:00.000000','2025-02-13 17:00:00.000000','2025-02-08 17:00:00.000000',10,'Chọn đề tài','f228ad1b-f250-41b6-ab6e-7979a8c78a52','<p>Chọn đề tài</p><p>Báo cáo đề tài cuối sprint</p>'),('ed56cfbc-3019-48c5-9109-e97c30d0e4f5','1000001',_binary '\0',NULL,'2025-07-04 05:56:20.074907',NULL,'2025-07-04 06:20:13.514216','1000001','2025-02-16 17:00:00.000000','2025-02-11 17:00:00.000000','2025-02-09 17:00:00.000000',12,'Chọn đề tài và chuẩn bị','88e830a7-f240-4d0f-b8f3-bd08cfb69607','<p>- Chọn đề tài</p><p>- Xây dựng yêu cầu cần đạt đối với đề tài đã chọn</p><p>- Chuẩn bị các kiến thức cần thiết đối với các mô hình sẽ thực hiện</p><p>- Chuẩn bị không gian lưu trữ document và source code (sử dụng google collab)</p><p>- Chọn các dataset có khả năng thực thi đối với đề tài (Quan trọng)</p>'),('f19b6b33-be76-4d2b-b85d-dbd4caf3da1d','1000004',_binary '\0',NULL,'2025-07-04 08:36:13.239436',NULL,'2025-07-04 08:36:26.919322','1000004','2025-03-07 17:00:00.000000','2025-03-02 17:00:00.000000','2025-03-01 17:00:00.000000',8,'Học và ứng dụng Strategy','7271fe01-d53f-498f-9d87-2042d6f524ab','<p>- Chọn chức năng phù hợp với mẫu và hiện thực</p><p>- Ghi tài liệu</p>'),('f47550be-910c-44a4-b293-eab3ee6aca92','1000002',_binary '\0',NULL,'2025-07-04 07:52:30.935276',NULL,'2025-07-04 07:52:30.935276','1000002','2025-03-28 17:00:00.000000','2025-03-18 17:00:00.000000','2025-03-15 17:00:00.000000',20,'Hiện thực chức năng  liên quan đến sản phẩm kinh doanh','792e6f85-582a-4f65-a50d-e7c59cefb7b2','<p>- Hiển thị danh sách sản phẩm, hỗ trợ lọc theo giá, thể loại,... thông qua URL</p><p>- Xem chi tiết sản phẩm, có phần thống kê đánh giá, bình luận</p><p>- Xây dựng một số trang hiển thị sản phẩm đặc biệt như sản phẩm bán chạy, sản phẩm mới</p><p>- Quản lý sản phẩm dành cho admin</p>'),('f4b01b71-8ab6-4291-8fee-135a8f7c0d94','1000003',_binary '\0',NULL,'2025-07-04 08:27:43.280819',NULL,'2025-07-04 08:27:43.280819','1000003','2025-04-18 17:00:00.000000','2025-04-13 17:00:00.000000','2025-04-12 17:00:00.000000',10,'Kiểm thử và đóng gói','139b821a-f5d0-49c8-9f26-da68e54d59a2','<p>- Kiểm thử toàn bộ luồng chạy của ứng dụng</p><p>- Fix các lỗi liên quan đến giao diện và business nếu có</p><p>- Có thể lựa chọn đóng gói ứng dụng </p>'),('f87463f4-3d2c-49f1-9f20-a4510eb0728f','1000002',_binary '\0',NULL,'2025-07-04 07:34:14.409154',NULL,'2025-07-04 07:34:14.409154','1000002','2025-02-22 17:00:00.000000','2025-02-18 17:00:00.000000','2025-02-16 17:00:00.000000',16,'Chuẩn bị bài toán','792e6f85-582a-4f65-a50d-e7c59cefb7b2','<p>- Lựa chọn lĩnh vực kinh doanh</p><p>- Thiết kế slide thuyết trình để trình bày dự án</p><p>- Lựa chọn công nghệ và nền tảng hiện thực</p><p>- Lựa chọn chức năng, vẽ usecase diagram</p>'),('f8bdf08c-c32d-4863-86b2-44a36a756fac','1000002',_binary '\0',NULL,'2025-07-04 07:57:06.189675',NULL,'2025-07-04 07:57:06.189675','1000002','2025-04-11 17:00:00.000000','2025-04-01 17:00:00.000000','2025-03-29 17:00:00.000000',20,'Hiện thực chức năng cho đơn hành  và thanh toán','792e6f85-582a-4f65-a50d-e7c59cefb7b2','<p>- Hiện thực giỏ hàng</p><p>- Tạo đơn hàng, ghi nhận lại các thông tin người nhận và không được thay đổi</p><p>- Lấy địa chỉ tỉnh thành, có thể lựa chọn tính giá vận chuyển</p><p>- Tích hợp thanh toán của ví điện từ phổ biến</p><p>- Trang quản lý đơn hàng cho khách hàng và admin</p><p>- Admin được thay đổi trạng thái đơn hàng với các ràng buộc</p>');
/*!40000 ALTER TABLE `sprints` ENABLE KEYS */;
UNLOCK TABLES;

--
-- Dumping data for table `user_course_relation`
--

LOCK TABLES `user_course_relation` WRITE;
/*!40000 ALTER TABLE `user_course_relation` DISABLE KEYS */;
INSERT INTO `user_course_relation` VALUES (10,'a15abf92-54c1-11f0-b992-0242ac150005','29494edf-a498-48f4-85e1-e33775976468'),(8,'a15b361c-54c1-11f0-b992-0242ac150005','29494edf-a498-48f4-85e1-e33775976468'),(5,'a15b361c-54c1-11f0-b992-0242ac150005','4527de36-9be4-4ba3-994d-f6276f6c67c0'),(5,'a15b361c-54c1-11f0-b992-0242ac150005','877fd8ab-c4ee-4109-812c-965f17c590f1'),(8,'a15b37e6-54c1-11f0-b992-0242ac150005','29494edf-a498-48f4-85e1-e33775976468'),(10,'a15b37e6-54c1-11f0-b992-0242ac150005','4527de36-9be4-4ba3-994d-f6276f6c67c0'),(5,'a15b37e6-54c1-11f0-b992-0242ac150005','877fd8ab-c4ee-4109-812c-965f17c590f1'),(8,'a15b3924-54c1-11f0-b992-0242ac150005','29494edf-a498-48f4-85e1-e33775976468'),(10,'a15b3924-54c1-11f0-b992-0242ac150005','4527de36-9be4-4ba3-994d-f6276f6c67c0'),(5,'a15b3924-54c1-11f0-b992-0242ac150005','877fd8ab-c4ee-4109-812c-965f17c590f1'),(8,'a15b3aa2-54c1-11f0-b992-0242ac150005','29494edf-a498-48f4-85e1-e33775976468'),(8,'a15b3bbe-54c1-11f0-b992-0242ac150005','29494edf-a498-48f4-85e1-e33775976468'),(8,'a15b3be2-54c1-11f0-b992-0242ac150005','29494edf-a498-48f4-85e1-e33775976468');
/*!40000 ALTER TABLE `user_course_relation` ENABLE KEYS */;
UNLOCK TABLES;

--
-- Dumping data for table `users`
--

LOCK TABLES `users` WRITE;
/*!40000 ALTER TABLE `users` DISABLE KEYS */;
INSERT INTO `users` VALUES ('0efffdb4-b730-4f32-b930-79dddc45554a','anonymousUser',_binary '\0',NULL,'2025-05-16 17:24:12.065055',NULL,'2025-05-16 17:24:12.065055','anonymousUser',NULL,'21130319@st.hcmuaf.edu.vn','Trịnh Trần Sỹ Đông','$2a$10$DNl5D7ZxuJt9LK.BOUpOM.ncezCBHlAuvnYjA7QM7iD6QZON05/fG','21130319',NULL,'f7b5f96a-0874-11f0-91a0-0242ac120002',NULL),('17194877-c523-475f-9bf6-e627293e916f','anonymousUser',_binary '\0',NULL,'2025-05-16 17:24:05.626550',NULL,'2025-05-16 17:24:05.626550','anonymousUser',NULL,'21130416@st.hcmuaf.edu.vn','Nguyễn Đình Lam','$2a$10$t0/3uSnsZPimOVrlCyaNv.v5AHMkhgeIwrqczDHsl6OZnqjrjy3R2','21130416',NULL,'f7b5f96a-0874-11f0-91a0-0242ac120002',NULL),('29494edf-a498-48f4-85e1-e33775976468','anonymousUser',_binary '\0',NULL,'2025-05-16 17:23:55.186752',NULL,'2025-05-16 17:23:55.186752','anonymousUser',NULL,'21130320@st.hcmuaf.edu.vn','Lê Anh Đức','$2a$10$XxxPvMRDzV97FhiKmwndK.KtzC2IkKctcyHyaiLPcwMaBx3Hq7.kO','21130320',NULL,'f7b5f96a-0874-11f0-91a0-0242ac120002',NULL),('4527de36-9be4-4ba3-994d-f6276f6c67c0','anonymousUser',_binary '\0',NULL,'2025-05-16 17:24:08.710758',NULL,'2025-05-16 17:24:08.710758','anonymousUser',NULL,'21130451@st.hcmuaf.edu.vn','Nguyễn Thị Chúc Ngân','$2a$10$VgI0tSaQkpfENMt8/sHZpuZwqf2eQrICMgR1gs2LR1iS9ujbEm60O','21130451',NULL,'f7b5f96a-0874-11f0-91a0-0242ac120002',NULL),('56ecb8b8-6a8a-471a-826f-3a827025e524','anonymousUser',_binary '\0',NULL,'2025-05-16 17:24:02.373895',NULL,'2025-05-16 17:24:02.373895','anonymousUser',NULL,'21130444@st.hcmuaf.edu.vn','Dư Thành Minh','$2a$10$EM9iJr/mN3l5.6cE2HLd3ep/0bG0qygrF6ohrQt4yDJDLngKmqu7e','21130444',NULL,'f7b5f96a-0874-11f0-91a0-0242ac120002',NULL),('7cc9eb1e-b051-4fc4-9b5d-0dd423b9b723','anonymousUser',_binary '\0',NULL,'2025-05-16 17:25:20.208985',NULL,'2025-05-16 17:25:20.208985','anonymousUser',NULL,'21130509@st.hcmuaf.edu.vn','Liêu Thị Diễm Quỳnh','$2a$10$b7ZcqZmkOPMzW5MUD3nNXOJLb5rszwtQk7PJWW4hD.xadYzu0EpfK','21130509',NULL,'f7b5f96a-0874-11f0-91a0-0242ac120002',NULL),('877fd8ab-c4ee-4109-812c-965f17c590f1','anonymousUser',_binary '\0',NULL,'2025-05-16 17:23:52.043537',NULL,'2025-05-16 17:23:52.043537','anonymousUser',NULL,'21130601@st.hcmuaf.edu.vn','Nguyễn Quốc Anh Tuấn','$2a$10$o8SfLM1hVYXh6IIUNX3oLuCjNGxun/7.lfB2C2v9TGfPvEjlqggHy','21130601',NULL,'f7b5f96a-0874-11f0-91a0-0242ac120002',NULL),('98ce5b27-54d9-4787-8bf8-e0ab8b027b04','anonymousUser',_binary '\0',NULL,'2025-07-22 01:24:43.884908',NULL,'2025-07-22 01:24:43.884908','anonymousUser',NULL,'21130322@st.hcmuaf.edu.vn','Nguyen Van A','$2a$10$C29FAo7u5.XWynT95LmWKefM8iA57z4a8O7p/9h1mOV7QMOvEspz6','21130322',NULL,'f7b5f96a-0874-11f0-91a0-0242ac120002',NULL),('aece6254-3942-4a02-be99-782106eb4a52','anonymousUser',_binary '\0',NULL,'2025-05-16 17:25:39.101283',NULL,'2025-05-16 17:25:39.101283','anonymousUser',NULL,'21130612@st.hcmuaf.edu.vn','Lưu Nguyễn Thanh Vũ','$2a$10$I29SwBW0cTVrkbq2jPTuuOLSw2TOiAQJwcOrqnpLqfh1q5.tMR3cO','21130612',NULL,'f7b5f96a-0874-11f0-91a0-0242ac120002',NULL),('cf1781cc-fd98-477f-8fb9-da0b45544521','anonymousUser',_binary '\0',NULL,'2025-05-16 17:25:33.799171',NULL,'2025-05-16 17:25:33.799171','anonymousUser',NULL,'21130219@st.hcmuaf.edu.vn','Nguyễn Thanh Bình','$2a$10$QFxGImjEJ1qh0M7gdzQw1.JerVu2QIaZvJPYkbtmODp.g.1LkK/Wi','21130219',NULL,'f7b5f96a-0874-11f0-91a0-0242ac120002',NULL),('d1aca7d1-1754-4931-a600-e6d30953b632','anonymousUser',_binary '\0',NULL,'2025-05-16 17:25:26.366459',NULL,'2025-05-16 17:25:26.366459','anonymousUser',NULL,'21130363@st.hcmuaf.edu.vn','Võ Phi Hoàng','$2a$10$q7DFXqtw8tWh9.OnT6K48.sWUE.z0IJSLDkzeSN26nC2OGJbqhkG6','21130363',NULL,'f7b5f96a-0874-11f0-91a0-0242ac120002',NULL),('d22a81b9-1297-4971-a5b1-2ea027e0fa8d','anonymousUser',_binary '\0',NULL,'2025-05-16 17:23:58.183961',NULL,'2025-05-16 17:23:58.183961','anonymousUser',NULL,'21130304@st.hcmuaf.edu.vn','Phạm Đức Đại','$2a$10$HRjLg5LeyevUyYk0VSCsc.SU5a8Ys9aixhbh55/IEDYY3rNtU2c3a','21130175',NULL,'f7b5f96a-0874-11f0-91a0-0242ac120002',NULL),('f3ee7d4d-d82b-45d8-8c46-6756b1b6ea69','anonymousUser',_binary '\0',NULL,'2025-05-16 17:23:42.614644',NULL,'2025-05-16 17:23:42.614644','anonymousUser',NULL,'lab.dunguyen@gmail.com','Nguyễn Văn Dũ','$2a$10$eM9DFOftkDiJ8WK/1iIlwOfwF188DliSt07dimOkE4SFpf1Vc4Yxe','1000001',NULL,'f7b5f76b-0874-11f0-91a0-0242ac120002',NULL),('f3ee7d4d-d82b-45d8-8c46-6756b1b6ea79','anonymousUser',_binary '\0',NULL,'2025-05-16 17:23:42.614644',NULL,'2025-05-16 17:23:42.614644','anonymousUser',NULL,'haichau.khuong@gmail.com','Khương Hải Châu','$2a$10$eM9DFOftkDiJ8WK/1iIlwOfwF188DliSt07dimOkE4SFpf1Vc4Yxe','1000002',NULL,'f7b5f76b-0874-11f0-91a0-0242ac120002',NULL),('f3ee7d4d-d82b-45d8-8c46-6756b1b6ea81','anonymousUser',_binary '\0',NULL,'2025-05-16 17:23:42.614644',NULL,'2025-05-16 17:23:42.614644','anonymousUser',NULL,'vttoan@hcmuaf.edu.vn','Võ Tấn Toàn','$2a$10$eM9DFOftkDiJ8WK/1iIlwOfwF188DliSt07dimOkE4SFpf1Vc4Yxe','1000003',NULL,'f7b5f76b-0874-11f0-91a0-0242ac120002',NULL),('f3ee7d4d-d82b-45d8-8c46-6756b1b6ea87','anonymousUser',_binary '\0',NULL,'2025-05-16 17:23:42.614644',NULL,'2025-05-16 17:23:42.614644','anonymousUser',NULL,'ntptram@hcmuaf.edu.vn','Nguyễn Thị Phương Trâm ','$2a$10$eM9DFOftkDiJ8WK/1iIlwOfwF188DliSt07dimOkE4SFpf1Vc4Yxe','1000004',NULL,'f7b5f76b-0874-11f0-91a0-0242ac120002',NULL),('f3ee7d4d-d82b-45d8-8c46-6756b1b6ea88','anonymousUser',_binary '\0',NULL,'2025-05-16 17:23:42.614644',NULL,'2025-05-16 17:23:42.614644','anonymousUser',NULL,'21130171@st.hcmuaf.edu.vn','Đặng Minh Tấn ','$2a$10$eM9DFOftkDiJ8WK/1iIlwOfwF188DliSt07dimOkE4SFpf1Vc4Yxe','21130171',NULL,'f7b5f96a-0874-11f0-91a0-0242ac120002',NULL),('f3ee7d4d-d82b-45d8-8c46-6756b1b6ea89','anonymousUser',_binary '\0',NULL,'2025-05-16 17:23:42.614644',NULL,'2025-05-16 17:23:42.614644','anonymousUser',NULL,'phandinhlong@hcmuaf.edu.vn','Phan Đình Long','$2a$10$eM9DFOftkDiJ8WK/1iIlwOfwF188DliSt07dimOkE4SFpf1Vc4Yxe','1000005',NULL,'f7b5f76b-0874-11f0-91a0-0242ac120002',NULL);
/*!40000 ALTER TABLE `users` ENABLE KEYS */;
UNLOCK TABLES;

--
-- Dumping data for table `workspaces`
--

LOCK TABLES `workspaces` WRITE;
/*!40000 ALTER TABLE `workspaces` DISABLE KEYS */;
INSERT INTO `workspaces` VALUES ('139b821a-f5d0-49c8-9f26-da68e54d59a2','1000003',_binary '\0',NULL,'2025-07-04 08:16:02.078012',NULL,'2025-07-04 08:16:02.078012','1000003','<p>- Có các kiến thức cơ bản về lập trình thiết bị di động nói chung và android nói riêng</p><p>- Các kỹ thuật xây dựng giao diện băng XML, các mẫu thiết kế cho android</p><p>- Xây dựng ứng dung với các API của hệ điều hành thuộc Android bằng ngôn ngữ Java</p>','2025-04-25 17:00:00.000000','Thực tập Lập trình trên Thiết bị di động','2025-02-08 17:00:00.000000','f3ee7d4d-d82b-45d8-8c46-6756b1b6ea81','a15b3c2e-54c1-11f0-b992-0242ac150005'),('3d4c23db-a9f0-41d2-aa6e-5254b7f48277','1000005',_binary '\0',NULL,'2025-07-04 08:50:29.504689',NULL,'2025-07-04 08:50:29.504689','1000005','<p>- Xây dựng các ứng dụng web-based dựa trên 2 công nghệ Servlet và JSP trong J2EE framework</p><p>- Bộ thẻ JSTL, giúp cải tiến code cho các trang JSP</p><p>- Mô hình MVC, kết hợp 2 công nghệ Servlet và JSP</p><p>- Hiện thực các chức năng cơ bản đối với website bán hàng, các chức năng nghiệp vụ đối với các bài toàn khác nhau</p>','2025-05-14 17:00:00.000000','Thực tập Lập trình WEB','2025-03-08 17:00:00.000000','f3ee7d4d-d82b-45d8-8c46-6756b1b6ea89','a15b3bbe-54c1-11f0-b992-0242ac150005'),('7271fe01-d53f-498f-9d87-2042d6f524ab','1000004',_binary '\0',NULL,'2025-07-04 08:30:52.051959',NULL,'2025-07-04 08:30:52.051959','1000004','<p>- Nắm được 4 nguyên tắc chính trong OOP</p><p>- Hiểu biết cơ bản về 12 mẫu thiết kế và mô hình MVC trong phát triển ứng dụng</p><p>- Có khả năng ứng dụng mẫu vào ứng dụng</p><p>- Có khả năng thiết kế Class diagram và kết hợp nhiều mẫu thiết kế với nhau</p>','2025-05-09 17:00:00.000000','Thiêt kế hướng đối tượng','2025-02-08 17:00:00.000000','f3ee7d4d-d82b-45d8-8c46-6756b1b6ea87','a15b3a4e-54c1-11f0-b992-0242ac150005'),('792e6f85-582a-4f65-a50d-e7c59cefb7b2','1000002',_binary '\0',NULL,'2025-07-04 06:32:20.288462',NULL,'2025-07-04 06:32:20.288462','1000002','<p>- Có các kiến thức cơ bản về Website thương mại điện từ</p><p>- Hiểu biết về các khái niệm, kỹ thuật và mô hình mà các sàn thương mại điện tử hiện nay đang áp dụng</p><p>- Kiến thức để tự lên kế hoạch cho quá trinh xây dựng thương mại điện tử</p><p>- Sản phẩm website thương mại điện tử</p>','2025-04-26 17:00:00.000000','Thương mại điện tử','2025-02-09 17:00:00.000000','f3ee7d4d-d82b-45d8-8c46-6756b1b6ea79','a15b5475-54c1-11f0-b992-0242ac150005'),('88e830a7-f240-4d0f-b8f3-bd08cfb69607','1000001',_binary '\0',NULL,'2025-07-04 04:55:18.335657',NULL,'2025-07-04 04:55:18.335657','1000001','<p>- Có kiến thức cơ bản về Machine Learning chung</p><p>- Hiểu biết cơ bản về các mô hình phổ biến như SVM, CNN, Logistic Regression, Linear Regression</p><p>- Phân loại được các bài toán liên quan Machine Learning như dự đoán, phân loại, học tăng cường</p><p>- Có khả năng đánh giá được mô hình theo nhiều khía cạnh</p><p>- Hiểu biết về quy trình giải quyết bài toán liên quan đến Machine Learning</p><p>- Có khả năng xử dụng ngôn ngữ Python để xử dụng các thư viện cho việc xử lý dữ liệu và sử dụng mô hình Machine Learning</p>','2025-04-19 17:00:00.000000','Machine Learning','2025-02-09 17:00:00.000000','f3ee7d4d-d82b-45d8-8c46-6756b1b6ea69','a15b3eee-54c1-11f0-b992-0242ac150005'),('f228ad1b-f250-41b6-ab6e-7979a8c78a52','1000001',_binary '\0',NULL,'2025-07-23 17:00:19.776077',NULL,'2025-07-23 17:00:19.776077','1000001','<p>Môn học cung cấp cho sinh viên các kiến thức về:</p><ol><li data-list=\"bullet\"><span class=\"ql-ui\" contenteditable=\"false\"></span>Các khái niệm về máy học</li><li data-list=\"bullet\"><span class=\"ql-ui\" contenteditable=\"false\"></span>Các bài toán phổ biến liên quan đến máy học như Phân loại, Hồi Quy, Gom cụm</li><li data-list=\"bullet\"><span class=\"ql-ui\" contenteditable=\"false\"></span>Các kiến thức về tiền xử lý dữ liệu</li><li data-list=\"bullet\"><span class=\"ql-ui\" contenteditable=\"false\"></span>Kiến thức cơ bản về Python và cách sử dụng API của các thư viên máy học</li></ol>','2025-05-04 17:00:00.000000','Machine Learning 2025','2025-02-08 17:00:00.000000','f3ee7d4d-d82b-45d8-8c46-6756b1b6ea69','a15b3eee-54c1-11f0-b992-0242ac150005');
/*!40000 ALTER TABLE `workspaces` ENABLE KEYS */;
UNLOCK TABLES;

--
-- Dumping data for table `workspaces_users_projects`
--

LOCK TABLES `workspaces_users_projects` WRITE;
/*!40000 ALTER TABLE `workspaces_users_projects` DISABLE KEYS */;
INSERT INTO `workspaces_users_projects` VALUES (_binary '','0efffdb4-b730-4f32-b930-79dddc45554a','139b821a-f5d0-49c8-9f26-da68e54d59a2','821a94e2-eccb-4704-a2d6-2bd63068469a','f7b5f96a-0874-11f0-91a0-0242ac120011',_binary '\0'),(_binary '','0efffdb4-b730-4f32-b930-79dddc45554a','3d4c23db-a9f0-41d2-aa6e-5254b7f48277','caf9e00b-e1c5-4b0f-9c49-2eac892a327e','f7b5f96a-0874-11f0-91a0-0242ac120011',_binary '\0'),(_binary '','0efffdb4-b730-4f32-b930-79dddc45554a','7271fe01-d53f-498f-9d87-2042d6f524ab','7d783967-3144-4c76-ae91-0bcb3ebab45b','f7b5f96a-0874-11f0-91a0-0242ac120011',_binary '\0'),(_binary '','0efffdb4-b730-4f32-b930-79dddc45554a','792e6f85-582a-4f65-a50d-e7c59cefb7b2','f38f59b8-297c-4dfb-886d-e6ff1c87545f','f7b5f96a-0874-11f0-91a0-0242ac120011',_binary '\0'),(_binary '','0efffdb4-b730-4f32-b930-79dddc45554a','88e830a7-f240-4d0f-b8f3-bd08cfb69607','66fb3db5-3f1f-41b6-9ee9-c7c01a801de8','f7b5f96a-0874-11f0-91a0-0242ac120011',_binary '\0'),(_binary '\0','0efffdb4-b730-4f32-b930-79dddc45554a','f228ad1b-f250-41b6-ab6e-7979a8c78a52','09a3fd3d-110c-4021-b4f2-13e32f43e261','f7b5f96a-0874-11f0-91a0-0242ac120011',_binary '\0'),(_binary '','17194877-c523-475f-9bf6-e627293e916f','139b821a-f5d0-49c8-9f26-da68e54d59a2','821a94e2-eccb-4704-a2d6-2bd63068469a','f7b5f96a-0874-11f0-91a0-0242ac120011',_binary '\0'),(_binary '','17194877-c523-475f-9bf6-e627293e916f','3d4c23db-a9f0-41d2-aa6e-5254b7f48277','caf9e00b-e1c5-4b0f-9c49-2eac892a327e','f7b5f96a-0874-11f0-91a0-0242ac120011',_binary '\0'),(_binary '','17194877-c523-475f-9bf6-e627293e916f','7271fe01-d53f-498f-9d87-2042d6f524ab','7d783967-3144-4c76-ae91-0bcb3ebab45b','f7b5f96a-0874-11f0-91a0-0242ac120011',_binary '\0'),(_binary '','17194877-c523-475f-9bf6-e627293e916f','792e6f85-582a-4f65-a50d-e7c59cefb7b2','f38f59b8-297c-4dfb-886d-e6ff1c87545f','f7b5f96a-0874-11f0-91a0-0242ac120011',_binary '\0'),(_binary '','17194877-c523-475f-9bf6-e627293e916f','88e830a7-f240-4d0f-b8f3-bd08cfb69607','66fb3db5-3f1f-41b6-9ee9-c7c01a801de8','f7b5f96a-0874-11f0-91a0-0242ac120011',_binary '\0'),(_binary '\0','17194877-c523-475f-9bf6-e627293e916f','f228ad1b-f250-41b6-ab6e-7979a8c78a52','09a3fd3d-110c-4021-b4f2-13e32f43e261','f7b5f96a-0874-11f0-91a0-0242ac120011',_binary '\0'),(_binary '','29494edf-a498-48f4-85e1-e33775976468','139b821a-f5d0-49c8-9f26-da68e54d59a2','821a94e2-eccb-4704-a2d6-2bd63068469a','f7b5f8f8-0874-11f0-91a0-0242ac120002',_binary '\0'),(_binary '','29494edf-a498-48f4-85e1-e33775976468','3d4c23db-a9f0-41d2-aa6e-5254b7f48277','caf9e00b-e1c5-4b0f-9c49-2eac892a327e','f7b5f8f8-0874-11f0-91a0-0242ac120002',_binary '\0'),(_binary '','29494edf-a498-48f4-85e1-e33775976468','7271fe01-d53f-498f-9d87-2042d6f524ab','7d783967-3144-4c76-ae91-0bcb3ebab45b','f7b5f8f8-0874-11f0-91a0-0242ac120002',_binary '\0'),(_binary '','29494edf-a498-48f4-85e1-e33775976468','792e6f85-582a-4f65-a50d-e7c59cefb7b2','f38f59b8-297c-4dfb-886d-e6ff1c87545f','f7b5f8f8-0874-11f0-91a0-0242ac120002',_binary '\0'),(_binary '','29494edf-a498-48f4-85e1-e33775976468','88e830a7-f240-4d0f-b8f3-bd08cfb69607','66fb3db5-3f1f-41b6-9ee9-c7c01a801de8','f7b5f8f8-0874-11f0-91a0-0242ac120002',_binary '\0'),(_binary '','29494edf-a498-48f4-85e1-e33775976468','f228ad1b-f250-41b6-ab6e-7979a8c78a52','09a3fd3d-110c-4021-b4f2-13e32f43e261','f7b5f8f8-0874-11f0-91a0-0242ac120002',_binary ''),(_binary '','4527de36-9be4-4ba3-994d-f6276f6c67c0','139b821a-f5d0-49c8-9f26-da68e54d59a2','a07e9b37-4131-49bc-9b4a-f341ceb75e3c','f7b5f8f8-0874-11f0-91a0-0242ac120002',_binary '\0'),(_binary '','4527de36-9be4-4ba3-994d-f6276f6c67c0','3d4c23db-a9f0-41d2-aa6e-5254b7f48277','8f109a77-484b-4f39-a076-6b2a44b8137a','f7b5f8f8-0874-11f0-91a0-0242ac120002',_binary '\0'),(_binary '','4527de36-9be4-4ba3-994d-f6276f6c67c0','7271fe01-d53f-498f-9d87-2042d6f524ab','eb2cff67-6672-4ad6-8b2f-829a547c2595','f7b5f8f8-0874-11f0-91a0-0242ac120002',_binary '\0'),(_binary '','4527de36-9be4-4ba3-994d-f6276f6c67c0','792e6f85-582a-4f65-a50d-e7c59cefb7b2','9d8280d3-4095-4b0a-a51d-df8cabea7248','f7b5f8f8-0874-11f0-91a0-0242ac120002',_binary '\0'),(_binary '','4527de36-9be4-4ba3-994d-f6276f6c67c0','88e830a7-f240-4d0f-b8f3-bd08cfb69607','5090ec43-8787-4d26-8bc2-7c760a4d93ff','f7b5f8f8-0874-11f0-91a0-0242ac120002',_binary '\0'),(_binary '','56ecb8b8-6a8a-471a-826f-3a827025e524','139b821a-f5d0-49c8-9f26-da68e54d59a2','a07e9b37-4131-49bc-9b4a-f341ceb75e3c','f7b5f96a-0874-11f0-91a0-0242ac120011',_binary '\0'),(_binary '','56ecb8b8-6a8a-471a-826f-3a827025e524','3d4c23db-a9f0-41d2-aa6e-5254b7f48277','8f109a77-484b-4f39-a076-6b2a44b8137a','f7b5f96a-0874-11f0-91a0-0242ac120011',_binary '\0'),(_binary '','56ecb8b8-6a8a-471a-826f-3a827025e524','7271fe01-d53f-498f-9d87-2042d6f524ab','eb2cff67-6672-4ad6-8b2f-829a547c2595','f7b5f96a-0874-11f0-91a0-0242ac120011',_binary '\0'),(_binary '','56ecb8b8-6a8a-471a-826f-3a827025e524','792e6f85-582a-4f65-a50d-e7c59cefb7b2','9d8280d3-4095-4b0a-a51d-df8cabea7248','f7b5f96a-0874-11f0-91a0-0242ac120011',_binary '\0'),(_binary '','56ecb8b8-6a8a-471a-826f-3a827025e524','88e830a7-f240-4d0f-b8f3-bd08cfb69607','5090ec43-8787-4d26-8bc2-7c760a4d93ff','f7b5f96a-0874-11f0-91a0-0242ac120011',_binary '\0'),(_binary '','7cc9eb1e-b051-4fc4-9b5d-0dd423b9b723','139b821a-f5d0-49c8-9f26-da68e54d59a2','a07e9b37-4131-49bc-9b4a-f341ceb75e3c','f7b5f96a-0874-11f0-91a0-0242ac120011',_binary '\0'),(_binary '','7cc9eb1e-b051-4fc4-9b5d-0dd423b9b723','3d4c23db-a9f0-41d2-aa6e-5254b7f48277','8f109a77-484b-4f39-a076-6b2a44b8137a','f7b5f96a-0874-11f0-91a0-0242ac120011',_binary '\0'),(_binary '','7cc9eb1e-b051-4fc4-9b5d-0dd423b9b723','7271fe01-d53f-498f-9d87-2042d6f524ab','eb2cff67-6672-4ad6-8b2f-829a547c2595','f7b5f96a-0874-11f0-91a0-0242ac120011',_binary '\0'),(_binary '','7cc9eb1e-b051-4fc4-9b5d-0dd423b9b723','792e6f85-582a-4f65-a50d-e7c59cefb7b2','9d8280d3-4095-4b0a-a51d-df8cabea7248','f7b5f96a-0874-11f0-91a0-0242ac120011',_binary '\0'),(_binary '','7cc9eb1e-b051-4fc4-9b5d-0dd423b9b723','88e830a7-f240-4d0f-b8f3-bd08cfb69607','5090ec43-8787-4d26-8bc2-7c760a4d93ff','f7b5f96a-0874-11f0-91a0-0242ac120011',_binary '\0'),(_binary '','877fd8ab-c4ee-4109-812c-965f17c590f1','139b821a-f5d0-49c8-9f26-da68e54d59a2','44a9f8f3-f606-4e67-bd4e-60565f542204','f7b5f8f8-0874-11f0-91a0-0242ac120002',_binary '\0'),(_binary '','877fd8ab-c4ee-4109-812c-965f17c590f1','3d4c23db-a9f0-41d2-aa6e-5254b7f48277','f5dbc1df-3827-4a90-b9fb-8e1e5736c8c9','f7b5f8f8-0874-11f0-91a0-0242ac120002',_binary '\0'),(_binary '','877fd8ab-c4ee-4109-812c-965f17c590f1','7271fe01-d53f-498f-9d87-2042d6f524ab','9b798a7c-1d24-47c0-9795-ddad74ba510c','f7b5f8f8-0874-11f0-91a0-0242ac120002',_binary '\0'),(_binary '','877fd8ab-c4ee-4109-812c-965f17c590f1','792e6f85-582a-4f65-a50d-e7c59cefb7b2','eb7eb335-236d-47f6-82b6-7ae51d847898','f7b5f8f8-0874-11f0-91a0-0242ac120002',_binary '\0'),(_binary '','877fd8ab-c4ee-4109-812c-965f17c590f1','88e830a7-f240-4d0f-b8f3-bd08cfb69607','110a66d2-e995-4219-8bae-7f67a62f2702','f7b5f8f8-0874-11f0-91a0-0242ac120002',_binary '\0'),(_binary '','aece6254-3942-4a02-be99-782106eb4a52','139b821a-f5d0-49c8-9f26-da68e54d59a2','44a9f8f3-f606-4e67-bd4e-60565f542204','f7b5f96a-0874-11f0-91a0-0242ac120011',_binary '\0'),(_binary '','aece6254-3942-4a02-be99-782106eb4a52','3d4c23db-a9f0-41d2-aa6e-5254b7f48277','f5dbc1df-3827-4a90-b9fb-8e1e5736c8c9','f7b5f96a-0874-11f0-91a0-0242ac120011',_binary '\0'),(_binary '','aece6254-3942-4a02-be99-782106eb4a52','7271fe01-d53f-498f-9d87-2042d6f524ab','9b798a7c-1d24-47c0-9795-ddad74ba510c','f7b5f96a-0874-11f0-91a0-0242ac120011',_binary '\0'),(_binary '','aece6254-3942-4a02-be99-782106eb4a52','792e6f85-582a-4f65-a50d-e7c59cefb7b2','eb7eb335-236d-47f6-82b6-7ae51d847898','f7b5f96a-0874-11f0-91a0-0242ac120011',_binary '\0'),(_binary '','aece6254-3942-4a02-be99-782106eb4a52','88e830a7-f240-4d0f-b8f3-bd08cfb69607','110a66d2-e995-4219-8bae-7f67a62f2702','f7b5f96a-0874-11f0-91a0-0242ac120011',_binary '\0'),(_binary '','cf1781cc-fd98-477f-8fb9-da0b45544521','139b821a-f5d0-49c8-9f26-da68e54d59a2','44a9f8f3-f606-4e67-bd4e-60565f542204','f7b5f96a-0874-11f0-91a0-0242ac120011',_binary '\0'),(_binary '','cf1781cc-fd98-477f-8fb9-da0b45544521','3d4c23db-a9f0-41d2-aa6e-5254b7f48277','f5dbc1df-3827-4a90-b9fb-8e1e5736c8c9','f7b5f96a-0874-11f0-91a0-0242ac120011',_binary '\0'),(_binary '','cf1781cc-fd98-477f-8fb9-da0b45544521','7271fe01-d53f-498f-9d87-2042d6f524ab','9b798a7c-1d24-47c0-9795-ddad74ba510c','f7b5f96a-0874-11f0-91a0-0242ac120011',_binary '\0'),(_binary '','cf1781cc-fd98-477f-8fb9-da0b45544521','792e6f85-582a-4f65-a50d-e7c59cefb7b2','eb7eb335-236d-47f6-82b6-7ae51d847898','f7b5f96a-0874-11f0-91a0-0242ac120011',_binary '\0'),(_binary '','cf1781cc-fd98-477f-8fb9-da0b45544521','88e830a7-f240-4d0f-b8f3-bd08cfb69607','110a66d2-e995-4219-8bae-7f67a62f2702','f7b5f96a-0874-11f0-91a0-0242ac120011',_binary '\0'),(_binary '','d1aca7d1-1754-4931-a600-e6d30953b632','139b821a-f5d0-49c8-9f26-da68e54d59a2','da74a26f-8184-4270-b594-cb1a11fdcb78','f7b5f8f8-0874-11f0-91a0-0242ac120002',_binary '\0'),(_binary '','d1aca7d1-1754-4931-a600-e6d30953b632','3d4c23db-a9f0-41d2-aa6e-5254b7f48277','3bff699d-9121-413b-8896-49b00f0952a3','f7b5f8f8-0874-11f0-91a0-0242ac120002',_binary '\0'),(_binary '','d1aca7d1-1754-4931-a600-e6d30953b632','7271fe01-d53f-498f-9d87-2042d6f524ab','6b81a458-f76b-45dc-8a8c-c06876ac9d1b','f7b5f8f8-0874-11f0-91a0-0242ac120002',_binary '\0'),(_binary '','d1aca7d1-1754-4931-a600-e6d30953b632','792e6f85-582a-4f65-a50d-e7c59cefb7b2','e56aedc9-6a5d-4a11-b77a-8f5dcc208469','f7b5f8f8-0874-11f0-91a0-0242ac120002',_binary '\0'),(_binary '','d1aca7d1-1754-4931-a600-e6d30953b632','88e830a7-f240-4d0f-b8f3-bd08cfb69607','e46adbb0-d8c4-49e3-8903-975ab6d818f5','f7b5f8f8-0874-11f0-91a0-0242ac120002',_binary '\0'),(_binary '','d22a81b9-1297-4971-a5b1-2ea027e0fa8d','139b821a-f5d0-49c8-9f26-da68e54d59a2','da74a26f-8184-4270-b594-cb1a11fdcb78','f7b5f96a-0874-11f0-91a0-0242ac120011',_binary '\0'),(_binary '','d22a81b9-1297-4971-a5b1-2ea027e0fa8d','3d4c23db-a9f0-41d2-aa6e-5254b7f48277','3bff699d-9121-413b-8896-49b00f0952a3','f7b5f96a-0874-11f0-91a0-0242ac120011',_binary '\0'),(_binary '','d22a81b9-1297-4971-a5b1-2ea027e0fa8d','7271fe01-d53f-498f-9d87-2042d6f524ab','6b81a458-f76b-45dc-8a8c-c06876ac9d1b','f7b5f96a-0874-11f0-91a0-0242ac120011',_binary '\0'),(_binary '','d22a81b9-1297-4971-a5b1-2ea027e0fa8d','792e6f85-582a-4f65-a50d-e7c59cefb7b2','e56aedc9-6a5d-4a11-b77a-8f5dcc208469','f7b5f96a-0874-11f0-91a0-0242ac120011',_binary '\0'),(_binary '','d22a81b9-1297-4971-a5b1-2ea027e0fa8d','88e830a7-f240-4d0f-b8f3-bd08cfb69607','110a66d2-e995-4219-8bae-7f67a62f2702','f7b5f96a-0874-11f0-91a0-0242ac120011',_binary '\0'),(_binary '','f3ee7d4d-d82b-45d8-8c46-6756b1b6ea88','139b821a-f5d0-49c8-9f26-da68e54d59a2','da74a26f-8184-4270-b594-cb1a11fdcb78','f7b5f96a-0874-11f0-91a0-0242ac120011',_binary '\0'),(_binary '','f3ee7d4d-d82b-45d8-8c46-6756b1b6ea88','3d4c23db-a9f0-41d2-aa6e-5254b7f48277','3bff699d-9121-413b-8896-49b00f0952a3','f7b5f96a-0874-11f0-91a0-0242ac120011',_binary '\0'),(_binary '','f3ee7d4d-d82b-45d8-8c46-6756b1b6ea88','7271fe01-d53f-498f-9d87-2042d6f524ab','6b81a458-f76b-45dc-8a8c-c06876ac9d1b','f7b5f96a-0874-11f0-91a0-0242ac120011',_binary '\0'),(_binary '','f3ee7d4d-d82b-45d8-8c46-6756b1b6ea88','792e6f85-582a-4f65-a50d-e7c59cefb7b2','e56aedc9-6a5d-4a11-b77a-8f5dcc208469','f7b5f96a-0874-11f0-91a0-0242ac120011',_binary '\0'),(_binary '','f3ee7d4d-d82b-45d8-8c46-6756b1b6ea88','88e830a7-f240-4d0f-b8f3-bd08cfb69607','110a66d2-e995-4219-8bae-7f67a62f2702','f7b5f96a-0874-11f0-91a0-0242ac120011',_binary '\0');
/*!40000 ALTER TABLE `workspaces_users_projects` ENABLE KEYS */;
UNLOCK TABLES;
/*!40103 SET TIME_ZONE=@OLD_TIME_ZONE */;

/*!40101 SET SQL_MODE=@OLD_SQL_MODE */;
/*!40014 SET FOREIGN_KEY_CHECKS=@OLD_FOREIGN_KEY_CHECKS */;
/*!40014 SET UNIQUE_CHECKS=@OLD_UNIQUE_CHECKS */;
/*!40101 SET CHARACTER_SET_CLIENT=@OLD_CHARACTER_SET_CLIENT */;
/*!40101 SET CHARACTER_SET_RESULTS=@OLD_CHARACTER_SET_RESULTS */;
/*!40101 SET COLLATION_CONNECTION=@OLD_COLLATION_CONNECTION */;
/*!40111 SET SQL_NOTES=@OLD_SQL_NOTES */;

-- Dump completed on 2025-07-24  1:34:37
