-- MySQL dump 10.13  Distrib 8.0.42, for Linux (x86_64)
--
-- Host: 127.0.0.1    Database: kltn
-- ------------------------------------------------------
-- Server version	8.0.42

/*!40101 SET @OLD_CHARACTER_SET_CLIENT=@@CHARACTER_SET_CLIENT */;
/*!40101 SET @OLD_CHARACTER_SET_RESULTS=@@CHARACTER_SET_RESULTS */;
/*!40101 SET @OLD_COLLATION_CONNECTION=@@COLLATION_CONNECTION */;
/*!50503 SET NAMES utf8mb4 */;
/*!40103 SET @OLD_TIME_ZONE=@@TIME_ZONE */;
/*!40103 SET TIME_ZONE='+00:00' */;
/*!40014 SET @OLD_UNIQUE_CHECKS=@@UNIQUE_CHECKS, UNIQUE_CHECKS=0 */;
/*!40014 SET @OLD_FOREIGN_KEY_CHECKS=@@FOREIGN_KEY_CHECKS, FOREIGN_KEY_CHECKS=0 */;
/*!40101 SET @OLD_SQL_MODE=@@SQL_MODE, SQL_MODE='NO_AUTO_VALUE_ON_ZERO' */;
/*!40111 SET @OLD_SQL_NOTES=@@SQL_NOTES, SQL_NOTES=0 */;

--
-- Dumping data for table `course`
--

LOCK TABLES `course` WRITE;
/*!40000 ALTER TABLE `course` DISABLE KEYS */;
INSERT INTO `course` VALUES ('a15abf92-54c1-11f0-b992-0242ac150005',NULL,_binary '\0',NULL,'2025-05-16 17:24:12.065055',NULL,NULL,NULL,'200101','Triết học Mác Lênin'),('a15b33a4-54c1-11f0-b992-0242ac150005',NULL,_binary '\0',NULL,'2025-05-16 17:24:12.065055',NULL,NULL,NULL,'202108','Toán cao cấp A1'),('a15b3524-54c1-11f0-b992-0242ac150005',NULL,_binary '\0',NULL,'2025-05-16 17:24:12.065055',NULL,NULL,NULL,'202109','Toán cao cấp A2'),('a15b3561-54c1-11f0-b992-0242ac150005',NULL,_binary '\0',NULL,'2025-05-16 17:24:12.065055',NULL,NULL,NULL,'202206','Vật lý 2'),('a15b3596-54c1-11f0-b992-0242ac150005',NULL,_binary '\0',NULL,'2025-05-16 17:24:12.065055',NULL,NULL,NULL,'202501','Giáo dục thể chất 1*'),('a15b35c7-54c1-11f0-b992-0242ac150005',NULL,_binary '\0',NULL,'2025-05-16 17:24:12.065055',NULL,NULL,NULL,'213603','Anh văn 1*'),('a15b35f2-54c1-11f0-b992-0242ac150005',NULL,_binary '\0',NULL,'2025-05-16 17:24:12.065055',NULL,NULL,NULL,'214201','Nhập môn tin học'),('a15b361c-54c1-11f0-b992-0242ac150005',NULL,_binary '\0',NULL,'2025-05-16 17:24:12.065055',NULL,NULL,NULL,'214321','Lập trình cơ bản'),('a15b3652-54c1-11f0-b992-0242ac150005',NULL,_binary '\0',NULL,'2025-05-16 17:24:12.065055',NULL,NULL,NULL,'200102','Kinh tế chính trị Mác- Lênin'),('a15b3683-54c1-11f0-b992-0242ac150005',NULL,_binary '\0',NULL,'2025-05-16 17:24:12.065055',NULL,NULL,NULL,'200201','Quân sự 1 (lý thuyết)*'),('a15b36ad-54c1-11f0-b992-0242ac150005',NULL,_binary '\0',NULL,'2025-05-16 17:24:12.065055',NULL,NULL,NULL,'200202','Quân sự 2 (thực hành)*'),('a15b3704-54c1-11f0-b992-0242ac150005',NULL,_binary '\0',NULL,'2025-05-16 17:24:12.065055',NULL,NULL,NULL,'202110','Toán cao cấp A3'),('a15b372d-54c1-11f0-b992-0242ac150005',NULL,_binary '\0',NULL,'2025-05-16 17:24:12.065055',NULL,NULL,NULL,'202502','Giáo dục thể chất 2*'),('a15b3763-54c1-11f0-b992-0242ac150005',NULL,_binary '\0',NULL,'2025-05-16 17:24:12.065055',NULL,NULL,NULL,'213604','Anh văn 2*'),('a15b378c-54c1-11f0-b992-0242ac150005',NULL,_binary '\0',NULL,'2025-05-16 17:24:12.065055',NULL,NULL,NULL,'214231','Cấu trúc máy tính'),('a15b37bb-54c1-11f0-b992-0242ac150005',NULL,_binary '\0',NULL,'2025-05-16 17:24:12.065055',NULL,NULL,NULL,'214242','Nhập môn hệ điều hành'),('a15b37e6-54c1-11f0-b992-0242ac150005',NULL,_binary '\0',NULL,'2025-05-16 17:24:12.065055',NULL,NULL,NULL,'214331','Lập trình nâng cao'),('a15b3811-54c1-11f0-b992-0242ac150005',NULL,_binary '\0',NULL,'2025-05-16 17:24:12.065055',NULL,NULL,NULL,'200103','Chủ nghĩa xã hội khoa học'),('a15b3838-54c1-11f0-b992-0242ac150005',NULL,_binary '\0',NULL,'2025-05-16 17:24:12.065055',NULL,NULL,NULL,'202121','Xác suất thống kê'),('a15b385e-54c1-11f0-b992-0242ac150005',NULL,_binary '\0',NULL,'2025-05-16 17:24:12.065055',NULL,NULL,NULL,'202620','Kỹ năng giao tiếp'),('a15b3884-54c1-11f0-b992-0242ac150005',NULL,_binary '\0',NULL,'2025-05-16 17:24:12.065055',NULL,NULL,NULL,'202622','Pháp luật đại cương'),('a15b38f8-54c1-11f0-b992-0242ac150005',NULL,_binary '\0',NULL,'2025-05-16 17:24:12.065055',NULL,NULL,NULL,'208453','Marketing căn bản'),('a15b3924-54c1-11f0-b992-0242ac150005',NULL,_binary '\0',NULL,'2025-05-16 17:24:12.065055',NULL,NULL,NULL,'214241','Mạng máy tính cơ bản'),('a15b394d-54c1-11f0-b992-0242ac150005',NULL,_binary '\0',NULL,'2025-05-16 17:24:12.065055',NULL,NULL,NULL,'214361','Giao tiếp người _máy'),('a15b3978-54c1-11f0-b992-0242ac150005',NULL,_binary '\0',NULL,'2025-05-16 17:24:12.065055',NULL,NULL,NULL,'214389','Toán rời rạc'),('a15b39a3-54c1-11f0-b992-0242ac150005',NULL,_binary '\0',NULL,'2025-05-16 17:24:12.065055',NULL,NULL,NULL,'214441','Cấu trúc dữ liệu'),('a15b39cd-54c1-11f0-b992-0242ac150005',NULL,_binary '\0',NULL,'2025-05-16 17:24:12.065055',NULL,NULL,NULL,'200107','Tư tưởng Hồ Chí Minh'),('a15b39fb-54c1-11f0-b992-0242ac150005',NULL,_binary '\0',NULL,'2025-05-16 17:24:12.065055',NULL,NULL,NULL,'214251','Hệ điều hành nâng cao'),('a15b3a22-54c1-11f0-b992-0242ac150005',NULL,_binary '\0',NULL,'2025-05-16 17:24:12.065055',NULL,NULL,NULL,'214351','Lý thuyết đồ thị'),('a15b3a4e-54c1-11f0-b992-0242ac150005',NULL,_binary '\0',NULL,'2025-05-16 17:24:12.065055',NULL,NULL,NULL,'214352','Thiết kế hướng đối tượng'),('a15b3a79-54c1-11f0-b992-0242ac150005',NULL,_binary '\0',NULL,'2025-05-16 17:24:12.065055',NULL,NULL,NULL,'214353','Đồ họa máy tính'),('a15b3aa2-54c1-11f0-b992-0242ac150005',NULL,_binary '\0',NULL,'2025-05-16 17:24:12.065055',NULL,NULL,NULL,'214442','Nhập môn cơ sở dữ liệu'),('a15b3ace-54c1-11f0-b992-0242ac150005',NULL,_binary '\0',NULL,'2025-05-16 17:24:12.065055',NULL,NULL,NULL,'200105','Lịch sử Đảng Cộng sản Việt Nam'),('a15b3afb-54c1-11f0-b992-0242ac150005',NULL,_binary '\0',NULL,'2025-05-16 17:24:12.065055',NULL,NULL,NULL,'214252','Lập trình mạng'),('a15b3b23-54c1-11f0-b992-0242ac150005',NULL,_binary '\0',NULL,'2025-05-16 17:24:12.065055',NULL,NULL,NULL,'214282','Mạng máy tính nâng cao'),('a15b3b4a-54c1-11f0-b992-0242ac150005',NULL,_binary '\0',NULL,'2025-05-16 17:24:12.065055',NULL,NULL,NULL,'214372','Lập trình .NET'),('a15b3b74-54c1-11f0-b992-0242ac150005',NULL,_binary '\0',NULL,'2025-05-16 17:24:12.065055',NULL,NULL,NULL,'214386','Lập trình PHP'),('a15b3b98-54c1-11f0-b992-0242ac150005',NULL,_binary '\0',NULL,'2025-05-16 17:24:12.065055',NULL,NULL,NULL,'214451','Hệ quản trị cơ sở dữ liệu'),('a15b3bbe-54c1-11f0-b992-0242ac150005',NULL,_binary '\0',NULL,'2025-05-16 17:24:12.065055',NULL,NULL,NULL,'214462','Lập trình Web'),('a15b3be2-54c1-11f0-b992-0242ac150005',NULL,_binary '\0',NULL,'2025-05-16 17:24:12.065055',NULL,NULL,NULL,'214463','Nhập môn trí tuệ nhân tạo'),('a15b3c05-54c1-11f0-b992-0242ac150005',NULL,_binary '\0',NULL,'2025-05-16 17:24:12.065055',NULL,NULL,NULL,'214273','Lập trình mạng nâng cao'),('a15b3c2e-54c1-11f0-b992-0242ac150005',NULL,_binary '\0',NULL,'2025-05-16 17:24:12.065055',NULL,NULL,NULL,'214274','Lập trình trên thiết bị di động'),('a15b3e4f-54c1-11f0-b992-0242ac150005',NULL,_binary '\0',NULL,'2025-05-16 17:24:12.065055',NULL,NULL,NULL,'214370','Nhập môn công nghệ phần mềm'),('a15b3e7b-54c1-11f0-b992-0242ac150005',NULL,_binary '\0',NULL,'2025-05-16 17:24:12.065055',NULL,NULL,NULL,'214388','Lập trình Front End'),('a15b3e9f-54c1-11f0-b992-0242ac150005',NULL,_binary '\0',NULL,'2025-05-16 17:24:12.065055',NULL,NULL,NULL,'214461','Phân tích và thiết kế hệ thống thông tin'),('a15b3ec8-54c1-11f0-b992-0242ac150005',NULL,_binary '\0',NULL,'2025-05-16 17:24:12.065055',NULL,NULL,NULL,'214471','Hệ thống thông tin quản lý'),('a15b3eee-54c1-11f0-b992-0242ac150005',NULL,_binary '\0',NULL,'2025-05-16 17:24:12.065055',NULL,NULL,NULL,'214492','Máy học'),('a15b3f17-54c1-11f0-b992-0242ac150005',NULL,_binary '\0',NULL,'2025-05-16 17:24:12.065055',NULL,NULL,NULL,'214493','Thực tập lập trình Web'),('a15b3f40-54c1-11f0-b992-0242ac150005',NULL,_binary '\0',NULL,'2025-05-16 17:24:12.065055',NULL,NULL,NULL,'208407','Khởi nghiệp'),('a15b3f6f-54c1-11f0-b992-0242ac150005',NULL,_binary '\0',NULL,'2025-05-16 17:24:12.065055',NULL,NULL,NULL,'214290','IoT'),('a15b4ebe-54c1-11f0-b992-0242ac150005',NULL,_binary '\0',NULL,'2025-05-16 17:24:12.065055',NULL,NULL,NULL,'214292','An ninh mạng'),('a15b4f75-54c1-11f0-b992-0242ac150005',NULL,_binary '\0',NULL,'2025-05-16 17:24:12.065055',NULL,NULL,NULL,'214293','Thực tập lập trình trên thiết bị di động'),('a15b4fcf-54c1-11f0-b992-0242ac150005',NULL,_binary '\0',NULL,'2025-05-16 17:24:12.065055',NULL,NULL,NULL,'214379','Đảm bảo chất lượng và kiểm thử phần mềm'),('a15b501f-54c1-11f0-b992-0242ac150005',NULL,_binary '\0',NULL,'2025-05-16 17:24:12.065055',NULL,NULL,NULL,'214383','Quản lý dự án phần mềm'),('a15b506c-54c1-11f0-b992-0242ac150005',NULL,_binary '\0',NULL,'2025-05-16 17:24:12.065055',NULL,NULL,NULL,'214464','An toàn và bảo mật hệ thống thông tin'),('a15b50b2-54c1-11f0-b992-0242ac150005',NULL,_binary '\0',NULL,'2025-05-16 17:24:12.065055',NULL,NULL,NULL,'214465','Hệ thống thông tin địa lý ứng dụng'),('a15b50f5-54c1-11f0-b992-0242ac150005',NULL,_binary '\0',NULL,'2025-05-16 17:24:12.065055',NULL,NULL,NULL,'214485','Data Mining'),('a15b513b-54c1-11f0-b992-0242ac150005',NULL,_binary '\0',NULL,'2025-05-16 17:24:12.065055',NULL,NULL,NULL,'214491','Data Warehouse'),('a15b518a-54c1-11f0-b992-0242ac150005',NULL,_binary '\0',NULL,'2025-05-16 17:24:12.065055',NULL,NULL,NULL,'214271','Quản trị mạng'),('a15b51be-54c1-11f0-b992-0242ac150005',NULL,_binary '\0',NULL,'2025-05-16 17:24:12.065055',NULL,NULL,NULL,'214285','Giải pháp mạng cho doanh nghiệp'),('a15b51f2-54c1-11f0-b992-0242ac150005',NULL,_binary '\0',NULL,'2025-05-16 17:24:12.065055',NULL,NULL,NULL,'214286','Chuyên đề Java'),('a15b5221-54c1-11f0-b992-0242ac150005',NULL,_binary '\0',NULL,'2025-05-16 17:24:12.065055',NULL,NULL,NULL,'214291','Xử lý ảnh và thị giác máy tính'),('a15b541d-54c1-11f0-b992-0242ac150005',NULL,_binary '\0',NULL,'2025-05-16 17:24:12.065055',NULL,NULL,NULL,'214374','Chuyên đề WEB'),('a15b544a-54c1-11f0-b992-0242ac150005',NULL,_binary '\0',NULL,'2025-05-16 17:24:12.065055',NULL,NULL,NULL,'214387','Chuyên đề mã nguồn mở'),('a15b5475-54c1-11f0-b992-0242ac150005',NULL,_binary '\0',NULL,'2025-05-16 17:24:12.065055',NULL,NULL,NULL,'214483','Thương mại điện tử'),('a15b54a2-54c1-11f0-b992-0242ac150005',NULL,_binary '\0',NULL,'2025-05-16 17:24:12.065055',NULL,NULL,NULL,'214490','Phân tích dữ liệu lớn'),('a15b54c7-54c1-11f0-b992-0242ac150005',NULL,_binary '\0',NULL,'2025-05-16 17:24:12.065055',NULL,NULL,NULL,'214986','Đồ án Công nghệ phần mềm'),('a15b54f4-54c1-11f0-b992-0242ac150005',NULL,_binary '\0',NULL,'2025-05-16 17:24:12.065055',NULL,NULL,NULL,'214987','Khóa luận tốt nghiệp'),('a15b551c-54c1-11f0-b992-0242ac150005',NULL,_binary '\0',NULL,'2025-05-16 17:24:12.065055',NULL,NULL,NULL,'214988','Tiểu luận tốt nghiệp');
/*!40000 ALTER TABLE `course` ENABLE KEYS */;
UNLOCK TABLES;

--
-- Dumping data for table `course_relation`
--

LOCK TABLES `course_relation` WRITE;
/*!40000 ALTER TABLE `course_relation` DISABLE KEYS */;
INSERT INTO `course_relation` VALUES ('a15b3652-54c1-11f0-b992-0242ac150005','a15abf92-54c1-11f0-b992-0242ac150005'),('a15b3978-54c1-11f0-b992-0242ac150005','a15b33a4-54c1-11f0-b992-0242ac150005'),('a15b37e6-54c1-11f0-b992-0242ac150005','a15b361c-54c1-11f0-b992-0242ac150005'),('a15b3978-54c1-11f0-b992-0242ac150005','a15b361c-54c1-11f0-b992-0242ac150005'),('a15b3811-54c1-11f0-b992-0242ac150005','a15b3652-54c1-11f0-b992-0242ac150005'),('a15b3838-54c1-11f0-b992-0242ac150005','a15b3704-54c1-11f0-b992-0242ac150005'),('a15b39fb-54c1-11f0-b992-0242ac150005','a15b37bb-54c1-11f0-b992-0242ac150005'),('a15b518a-54c1-11f0-b992-0242ac150005','a15b37bb-54c1-11f0-b992-0242ac150005'),('a15b51be-54c1-11f0-b992-0242ac150005','a15b37bb-54c1-11f0-b992-0242ac150005'),('a15b394d-54c1-11f0-b992-0242ac150005','a15b37e6-54c1-11f0-b992-0242ac150005'),('a15b39a3-54c1-11f0-b992-0242ac150005','a15b37e6-54c1-11f0-b992-0242ac150005'),('a15b39fb-54c1-11f0-b992-0242ac150005','a15b37e6-54c1-11f0-b992-0242ac150005'),('a15b3a22-54c1-11f0-b992-0242ac150005','a15b37e6-54c1-11f0-b992-0242ac150005'),('a15b3a4e-54c1-11f0-b992-0242ac150005','a15b37e6-54c1-11f0-b992-0242ac150005'),('a15b3afb-54c1-11f0-b992-0242ac150005','a15b37e6-54c1-11f0-b992-0242ac150005'),('a15b3b4a-54c1-11f0-b992-0242ac150005','a15b37e6-54c1-11f0-b992-0242ac150005'),('a15b3b74-54c1-11f0-b992-0242ac150005','a15b37e6-54c1-11f0-b992-0242ac150005'),('a15b3bbe-54c1-11f0-b992-0242ac150005','a15b37e6-54c1-11f0-b992-0242ac150005'),('a15b3be2-54c1-11f0-b992-0242ac150005','a15b37e6-54c1-11f0-b992-0242ac150005'),('a15b39cd-54c1-11f0-b992-0242ac150005','a15b3811-54c1-11f0-b992-0242ac150005'),('a15b3afb-54c1-11f0-b992-0242ac150005','a15b3924-54c1-11f0-b992-0242ac150005'),('a15b3b23-54c1-11f0-b992-0242ac150005','a15b3924-54c1-11f0-b992-0242ac150005'),('a15b3b4a-54c1-11f0-b992-0242ac150005','a15b3924-54c1-11f0-b992-0242ac150005'),('a15b3b74-54c1-11f0-b992-0242ac150005','a15b3924-54c1-11f0-b992-0242ac150005'),('a15b3bbe-54c1-11f0-b992-0242ac150005','a15b3924-54c1-11f0-b992-0242ac150005'),('a15b4ebe-54c1-11f0-b992-0242ac150005','a15b3924-54c1-11f0-b992-0242ac150005'),('a15b518a-54c1-11f0-b992-0242ac150005','a15b3924-54c1-11f0-b992-0242ac150005'),('a15b51be-54c1-11f0-b992-0242ac150005','a15b3924-54c1-11f0-b992-0242ac150005'),('a15b3a79-54c1-11f0-b992-0242ac150005','a15b39a3-54c1-11f0-b992-0242ac150005'),('a15b51f2-54c1-11f0-b992-0242ac150005','a15b39a3-54c1-11f0-b992-0242ac150005'),('a15b3ace-54c1-11f0-b992-0242ac150005','a15b39cd-54c1-11f0-b992-0242ac150005'),('a15b3e4f-54c1-11f0-b992-0242ac150005','a15b3a4e-54c1-11f0-b992-0242ac150005'),('a15b3e9f-54c1-11f0-b992-0242ac150005','a15b3a4e-54c1-11f0-b992-0242ac150005'),('a15b3afb-54c1-11f0-b992-0242ac150005','a15b3aa2-54c1-11f0-b992-0242ac150005'),('a15b3b4a-54c1-11f0-b992-0242ac150005','a15b3aa2-54c1-11f0-b992-0242ac150005'),('a15b3b98-54c1-11f0-b992-0242ac150005','a15b3aa2-54c1-11f0-b992-0242ac150005'),('a15b3e9f-54c1-11f0-b992-0242ac150005','a15b3aa2-54c1-11f0-b992-0242ac150005'),('a15b3ec8-54c1-11f0-b992-0242ac150005','a15b3aa2-54c1-11f0-b992-0242ac150005'),('a15b50b2-54c1-11f0-b992-0242ac150005','a15b3aa2-54c1-11f0-b992-0242ac150005'),('a15b50f5-54c1-11f0-b992-0242ac150005','a15b3aa2-54c1-11f0-b992-0242ac150005'),('a15b513b-54c1-11f0-b992-0242ac150005','a15b3aa2-54c1-11f0-b992-0242ac150005'),('a15b5475-54c1-11f0-b992-0242ac150005','a15b3aa2-54c1-11f0-b992-0242ac150005'),('a15b3c05-54c1-11f0-b992-0242ac150005','a15b3afb-54c1-11f0-b992-0242ac150005'),('a15b3c2e-54c1-11f0-b992-0242ac150005','a15b3afb-54c1-11f0-b992-0242ac150005'),('a15b3f6f-54c1-11f0-b992-0242ac150005','a15b3afb-54c1-11f0-b992-0242ac150005'),('a15b3e7b-54c1-11f0-b992-0242ac150005','a15b3bbe-54c1-11f0-b992-0242ac150005'),('a15b3f17-54c1-11f0-b992-0242ac150005','a15b3bbe-54c1-11f0-b992-0242ac150005'),('a15b506c-54c1-11f0-b992-0242ac150005','a15b3bbe-54c1-11f0-b992-0242ac150005'),('a15b541d-54c1-11f0-b992-0242ac150005','a15b3bbe-54c1-11f0-b992-0242ac150005'),('a15b5475-54c1-11f0-b992-0242ac150005','a15b3bbe-54c1-11f0-b992-0242ac150005'),('a15b3eee-54c1-11f0-b992-0242ac150005','a15b3be2-54c1-11f0-b992-0242ac150005'),('a15b5221-54c1-11f0-b992-0242ac150005','a15b3be2-54c1-11f0-b992-0242ac150005'),('a15b54a2-54c1-11f0-b992-0242ac150005','a15b3be2-54c1-11f0-b992-0242ac150005'),('a15b4f75-54c1-11f0-b992-0242ac150005','a15b3c2e-54c1-11f0-b992-0242ac150005'),('a15b4fcf-54c1-11f0-b992-0242ac150005','a15b3e4f-54c1-11f0-b992-0242ac150005'),('a15b501f-54c1-11f0-b992-0242ac150005','a15b3e4f-54c1-11f0-b992-0242ac150005'),('a15b544a-54c1-11f0-b992-0242ac150005','a15b3e4f-54c1-11f0-b992-0242ac150005');
/*!40000 ALTER TABLE `course_relation` ENABLE KEYS */;
UNLOCK TABLES;

--
-- Dumping data for table `issue_relation`
--

LOCK TABLES `issue_relation` WRITE;
/*!40000 ALTER TABLE `issue_relation` DISABLE KEYS */;
INSERT INTO `issue_relation` VALUES ('BLOCKS','2171028c-5e8d-4920-a044-3ed769f620fd','2d4dfb6d-58d5-476e-8a4c-df8c6c03ae0b'),('IS_BLOCKED_BY','6045f693-459e-4b85-97ee-e158e9934e95','4278214a-b080-44a8-a3bf-57094f6d42ea');
/*!40000 ALTER TABLE `issue_relation` ENABLE KEYS */;
UNLOCK TABLES;

--
-- Dumping data for table `issue_resources`
--

LOCK TABLES `issue_resources` WRITE;
/*!40000 ALTER TABLE `issue_resources` DISABLE KEYS */;
/*!40000 ALTER TABLE `issue_resources` ENABLE KEYS */;
UNLOCK TABLES;

--
-- Dumping data for table `issues`
--

LOCK TABLES `issues` WRITE;
/*!40000 ALTER TABLE `issues` DISABLE KEYS */;
INSERT INTO `issues` VALUES ('13f3633c-a1b8-448d-9c0f-6a62e7d0f2b3','21130320',_binary '\0',NULL,'2025-07-07 13:53:47.564989',NULL,'2025-07-07 13:53:47.564989','21130320',0,'<p><br></p>','2025-03-14 17:00:00.000000',NULL,'2025-03-01 17:00:00.000000','Tạo Slider giới thiệu sản phẩm ở trang chủ',0,0,_binary '','0','CRITICAL','TODO','THEORY',NULL,'caf9e00b-e1c5-4b0f-9c49-2eac892a327e',NULL,'018a1ba5-dda1-4179-b73e-176e6693a371'),('19959810-c46f-410e-b6c1-8b25300175b1','21130320',_binary '\0',NULL,'2025-07-07 02:35:22.708426',NULL,'2025-07-07 02:36:00.807055','21130320',0,'<ol><li data-list=\"bullet\"><span class=\"ql-ui\" contenteditable=\"false\"></span>Tạo kết nối database bằng jdbi</li><li data-list=\"bullet\"><span class=\"ql-ui\" contenteditable=\"false\"></span>Viết class util để xử lý chung </li><li data-list=\"bullet\"><span class=\"ql-ui\" contenteditable=\"false\"></span>Tạo data mẫu cho user và test CRUD</li></ol>','2025-02-28 17:00:00.000000',NULL,'2025-02-22 17:00:00.000000','Thiết lập kết nối database',0,0,_binary '','0','CRITICAL','TODO','THEORY',NULL,'caf9e00b-e1c5-4b0f-9c49-2eac892a327e',NULL,'5d57fb7a-7aab-4264-a6cf-12fc55f5093d'),('2171028c-5e8d-4920-a044-3ed769f620fd','21130320',_binary '\0',NULL,'2025-07-07 13:57:36.139485',NULL,'2025-07-07 13:57:36.139485','21130320',0,'<p><br></p>','2025-03-14 17:00:00.000000',NULL,'2025-03-01 17:00:00.000000','Tạo Api phân trang và tích hợp',0,0,_binary '','0','CRITICAL','TODO','THEORY',NULL,'caf9e00b-e1c5-4b0f-9c49-2eac892a327e',NULL,'018a1ba5-dda1-4179-b73e-176e6693a371'),('2d4dfb6d-58d5-476e-8a4c-df8c6c03ae0b','21130320',_binary '\0',NULL,'2025-07-07 13:53:25.963388',NULL,'2025-07-07 13:53:25.963388','21130320',0,'<p><br></p>','2025-03-14 17:00:00.000000',NULL,'2025-03-01 17:00:00.000000','Thực hiện UI trang sản phẩm mới',0,0,_binary '','0','CRITICAL','TODO','THEORY',NULL,'caf9e00b-e1c5-4b0f-9c49-2eac892a327e',NULL,'018a1ba5-dda1-4179-b73e-176e6693a371'),('3ad94415-776a-4981-9d6f-3900f9804c0c','21130320',_binary '\0',NULL,'2025-07-07 01:42:12.972375',NULL,'2025-07-07 02:36:12.348848','21130320',0,'<ol><li data-list=\"bullet\"><span class=\"ql-ui\" contenteditable=\"false\"></span>Tìm kiếm tài nguyên trên figma</li><li data-list=\"bullet\"><span class=\"ql-ui\" contenteditable=\"false\"></span>Tự xây dựng </li><li data-list=\"bullet\"><span class=\"ql-ui\" contenteditable=\"false\"></span>Tìm kiếm thư viện icon phù hợp</li><li data-list=\"bullet\"><span class=\"ql-ui\" contenteditable=\"false\"></span>Xây dựng sitemap cho website</li></ol>','2025-02-21 17:00:00.000000',NULL,'2025-02-15 17:00:00.000000','Xây dựng proto giao diện mẫu',0,0,_binary '','0','CRITICAL','TODO','THEORY',NULL,'caf9e00b-e1c5-4b0f-9c49-2eac892a327e',NULL,'de1a9928-7d90-4b22-9f2c-1c1977a9b1d3'),('4278214a-b080-44a8-a3bf-57094f6d42ea','21130320',_binary '\0',NULL,'2025-07-07 13:46:14.653113',NULL,'2025-07-07 13:46:14.653113','21130320',0,'<p><br></p>','2025-02-28 17:00:00.000000',NULL,'2025-02-22 17:00:00.000000','Xây dựng UI đăng nhập/Đăng ký',0,0,_binary '','0','CRITICAL','TODO','THEORY','0efffdb4-b730-4f32-b930-79dddc45554a','caf9e00b-e1c5-4b0f-9c49-2eac892a327e','29494edf-a498-48f4-85e1-e33775976468','5d57fb7a-7aab-4264-a6cf-12fc55f5093d'),('5805d3a4-c7fd-4ccd-b56e-f7a6c0a173f8','21130320',_binary '\0',NULL,'2025-07-07 01:22:04.992235',NULL,'2025-07-07 02:36:56.292228','21130320',0,'<p><br></p>','2025-02-21 17:00:00.000000',NULL,'2025-02-15 17:00:00.000000','Tạo Github',0,0,_binary '','0','CRITICAL','TODO','THEORY',NULL,'caf9e00b-e1c5-4b0f-9c49-2eac892a327e',NULL,'de1a9928-7d90-4b22-9f2c-1c1977a9b1d3'),('6045f693-459e-4b85-97ee-e158e9934e95','21130320',_binary '\0',NULL,'2025-07-07 10:33:01.567308',NULL,'2025-07-07 10:33:01.740724','21130320',0,'<p><br></p>',NULL,NULL,NULL,'Tạo data mẫu cho sản phẩm',0,0,_binary '','0','CRITICAL','BACKLOG','THEORY',NULL,'caf9e00b-e1c5-4b0f-9c49-2eac892a327e',NULL,NULL),('79cd1ec9-8f38-42a4-ae09-bfe2d0e2c3ad','21130320',_binary '\0',NULL,'2025-07-07 01:32:00.562650',NULL,'2025-07-07 02:36:50.502395','21130320',2,'<p>Tìm hiểu JSP</p><p>Tìm hiểu thư viện hỗ trợ JSTL</p><p>Tự tạo 1 tag jstl custom</p>','2025-02-21 17:00:00.000000',NULL,'2025-02-15 17:00:00.000000','Tìm hiểu về ViewEngine JSP',1,0,_binary '','0','CRITICAL','TODO','THEORY',NULL,'caf9e00b-e1c5-4b0f-9c49-2eac892a327e',NULL,'de1a9928-7d90-4b22-9f2c-1c1977a9b1d3'),('7fbbd25e-f3f6-40ac-9644-db4e4267870a','21130320',_binary '\0',NULL,'2025-07-07 01:23:01.903307',NULL,'2025-07-07 02:37:59.952364','21130320',0,'<p><br></p>','2025-02-14 17:00:00.000000',NULL,'2025-02-08 17:00:00.000000','Bảo quản sản phẩm',0,0,_binary '','0','CRITICAL','TODO','THEORY',NULL,'caf9e00b-e1c5-4b0f-9c49-2eac892a327e',NULL,'565e13cb-7a4c-4f75-88f2-903a54ddc690'),('8b11f5a1-7fd9-42c9-87f0-ca02f5d69518','21130320',_binary '\0',NULL,'2025-07-07 10:37:36.513832',NULL,'2025-07-07 10:37:36.513832','21130320',0,'<p><br></p>','2025-03-14 17:00:00.000000',NULL,'2025-03-01 17:00:00.000000','Viết SQL lấy danh sách sản phẩm (có phân trang)',0,0,_binary '','0','CRITICAL','TODO','THEORY',NULL,'caf9e00b-e1c5-4b0f-9c49-2eac892a327e',NULL,'018a1ba5-dda1-4179-b73e-176e6693a371'),('94d52d39-74f0-4910-baab-8dc002ad2157','21130320',_binary '\0',NULL,'2025-07-07 13:49:31.327848',NULL,'2025-07-07 13:50:03.809882','21130320',0,'<p><br></p>','2025-02-28 17:00:00.000000',NULL,'2025-02-22 17:00:00.000000','Xây dựng Bankend Đăng nhập/Đăng ký',0,0,_binary '','0','CRITICAL','TODO','THEORY',NULL,'caf9e00b-e1c5-4b0f-9c49-2eac892a327e',NULL,'5d57fb7a-7aab-4264-a6cf-12fc55f5093d'),('9875eb8f-d632-4933-b2a4-00a8b3f08b08','21130320',_binary '\0',NULL,'2025-07-07 01:29:53.350305',NULL,'2025-07-07 02:37:46.269849','21130320',0,'<ol><li data-list=\"bullet\"><span class=\"ql-ui\" contenteditable=\"false\"></span>Routes</li><li data-list=\"bullet\"><span class=\"ql-ui\" contenteditable=\"false\"></span>Dispatcher</li><li data-list=\"bullet\"><span class=\"ql-ui\" contenteditable=\"false\"></span>Filter</li><li data-list=\"bullet\"><span class=\"ql-ui\" contenteditable=\"false\"></span>Model Attribute</li></ol>','2025-02-21 17:00:00.000000',NULL,'2025-02-15 17:00:00.000000','Tìm hiểu về Java Servlet',0,0,_binary '','0','CRITICAL','TODO','THEORY',NULL,'caf9e00b-e1c5-4b0f-9c49-2eac892a327e',NULL,'de1a9928-7d90-4b22-9f2c-1c1977a9b1d3'),('a50089bb-409f-43bb-bb48-b0c04ee54f5e','21130320',_binary '\0',NULL,'2025-07-07 01:12:15.854112',NULL,'2025-07-07 02:37:37.304530','21130320',0,'<p><br></p>','2025-02-14 17:00:00.000000',NULL,'2025-02-08 17:00:00.000000','Mô hình kinh doanh trái cây',0,0,_binary '','0','CRITICAL','TODO','THEORY','29494edf-a498-48f4-85e1-e33775976468','caf9e00b-e1c5-4b0f-9c49-2eac892a327e',NULL,'565e13cb-7a4c-4f75-88f2-903a54ddc690'),('b699c673-7651-4a08-b94f-870906c927d1','21130320',_binary '\0',NULL,'2025-07-07 01:24:09.652312',NULL,'2025-07-07 02:37:49.401496','21130320',0,'<p><br></p>','2025-02-21 17:00:00.000000',NULL,'2025-02-15 17:00:00.000000','Vẽ Use Case',0,0,_binary '','0','CRITICAL','TODO','THEORY',NULL,'caf9e00b-e1c5-4b0f-9c49-2eac892a327e',NULL,'de1a9928-7d90-4b22-9f2c-1c1977a9b1d3'),('c10916f2-3ed0-44bb-9372-fcb11a322d36','21130320',_binary '\0',NULL,'2025-07-07 01:27:05.634145',NULL,'2025-07-07 02:37:55.551585','21130320',0,'<p><br></p>','2025-02-21 17:00:00.000000',NULL,'2025-02-15 17:00:00.000000','Xây dựng cấu trúc dự án trên mã nguồn',0,0,_binary '','0','CRITICAL','TODO','THEORY',NULL,'caf9e00b-e1c5-4b0f-9c49-2eac892a327e',NULL,'de1a9928-7d90-4b22-9f2c-1c1977a9b1d3'),('ee7691ff-c9b6-4fab-8fde-2ccaddcad414','21130320',_binary '\0',NULL,'2025-07-07 01:19:43.702224',NULL,'2025-07-07 02:36:29.893254','21130320',0,'<p><br></p>','2025-02-14 17:00:00.000000',NULL,'2025-02-08 17:00:00.000000','Đối tượng sử dụng chính',0,0,_binary '','0','CRITICAL','TODO','THEORY',NULL,'caf9e00b-e1c5-4b0f-9c49-2eac892a327e',NULL,'565e13cb-7a4c-4f75-88f2-903a54ddc690'),('f091190c-734c-42c3-80ce-84e76da24b94','21130320',_binary '\0',NULL,'2025-07-07 01:23:48.205009',NULL,'2025-07-07 02:36:45.340768','21130320',0,'<p><br></p>','2025-02-21 17:00:00.000000',NULL,'2025-02-15 17:00:00.000000','Vẽ ERD',0,0,_binary '','0','CRITICAL','TODO','THEORY',NULL,'caf9e00b-e1c5-4b0f-9c49-2eac892a327e',NULL,'de1a9928-7d90-4b22-9f2c-1c1977a9b1d3');
/*!40000 ALTER TABLE `issues` ENABLE KEYS */;
UNLOCK TABLES;

--
-- Dumping data for table `permissions`
--

LOCK TABLES `permissions` WRITE;
/*!40000 ALTER TABLE `permissions` DISABLE KEYS */;
INSERT INTO `permissions` VALUES ('e79e184d-0874-11f0-91a0-0242ac120002','manage_roles'),('e79e70d0-0874-11f0-91a0-0242ac120002','create_account'),('e79e7242-0874-11f0-91a0-0242ac120002','update_account'),('e79e72a7-0874-11f0-91a0-0242ac120002','deactivate_account'),('e79e72d7-0874-11f0-91a0-0242ac120002','delete_account'),('e79e72ff-0874-11f0-91a0-0242ac120002','assign_role'),('e79e7327-0874-11f0-91a0-0242ac120002','remove_role'),('e79e734c-0874-11f0-91a0-0242ac120002','create_workspace'),('e79e7378-0874-11f0-91a0-0242ac120002','update_workspace'),('e79e739e-0874-11f0-91a0-0242ac120002','deactivate_workspace'),('e79e73c1-0874-11f0-91a0-0242ac120002','delete_workspace'),('e79e73e3-0874-11f0-91a0-0242ac120002','manage_workspace_members'),('e79e7408-0874-11f0-91a0-0242ac120002','create_project'),('e79e742d-0874-11f0-91a0-0242ac120002','update_project'),('e79e7bea-0874-11f0-91a0-0242ac120002','delete_project'),('e79e7c2a-0874-11f0-91a0-0242ac120002','archive_project'),('e79e7c52-0874-11f0-91a0-0242ac120002','assign_project_members'),('e79e7c75-0874-11f0-91a0-0242ac120002','remove_project_members'),('e79e7c9b-0874-11f0-91a0-0242ac120002','create_sprint'),('e79e7cc2-0874-11f0-91a0-0242ac120002','update_sprint'),('e79e7ce5-0874-11f0-91a0-0242ac120002','delete_sprint'),('e79e7d08-0874-11f0-91a0-0242ac120002','start_sprint'),('e79e7d29-0874-11f0-91a0-0242ac120002','complete_sprint'),('e79e7d4a-0874-11f0-91a0-0242ac120002','sprint_backlog'),('e79e7d6e-0874-11f0-91a0-0242ac120002','sprint_retrospect'),('e79e7d93-0874-11f0-91a0-0242ac120002','create_task'),('e79e7db5-0874-11f0-91a0-0242ac120002','update_task'),('e79e7dd9-0874-11f0-91a0-0242ac120002','delete_task'),('e79e7df9-0874-11f0-91a0-0242ac120002','assign_task'),('e79e7e18-0874-11f0-91a0-0242ac120002','change_task_status'),('e79e7e3a-0874-11f0-91a0-0242ac120002','estimate_task_effort'),('e79e7e5d-0874-11f0-91a0-0242ac120002','view_student_progress'),('e79e7e81-0874-11f0-91a0-0242ac120002','evaluate_project'),('e79e7ea4-0874-11f0-91a0-0242ac120002','import_sprint_backlog'),('e79e7ec6-0874-11f0-91a0-0242ac120002','download_sprint_backlog'),('e79e7ee9-0874-11f0-91a0-0242ac120002','audit_logs'),('e79e7f0b-0874-11f0-91a0-0242ac120002','view_sprint_report');
/*!40000 ALTER TABLE `permissions` ENABLE KEYS */;
UNLOCK TABLES;

--
-- Dumping data for table `personal_skill`
--

LOCK TABLES `personal_skill` WRITE;
/*!40000 ALTER TABLE `personal_skill` DISABLE KEYS */;
/*!40000 ALTER TABLE `personal_skill` ENABLE KEYS */;
UNLOCK TABLES;

--
-- Dumping data for table `project_sprint`
--

LOCK TABLES `project_sprint` WRITE;
/*!40000 ALTER TABLE `project_sprint` DISABLE KEYS */;
INSERT INTO `project_sprint` VALUES (NULL,'110a66d2-e995-4219-8bae-7f67a62f2702','2fec7291-d7dd-4835-853f-f3d8453487eb'),(NULL,'110a66d2-e995-4219-8bae-7f67a62f2702','50b47ab0-c2b8-4bfd-95bf-c35023aaf198'),(NULL,'110a66d2-e995-4219-8bae-7f67a62f2702','94b4cde8-df2d-4241-a80a-d79fffaafd45'),(NULL,'110a66d2-e995-4219-8bae-7f67a62f2702','be992de1-8f5a-4c5b-8158-2d7ae3c7ab38'),(NULL,'110a66d2-e995-4219-8bae-7f67a62f2702','ed56cfbc-3019-48c5-9109-e97c30d0e4f5'),(NULL,'28cc6b00-28ca-4ccb-a7df-d3c849a9eab3','018a1ba5-dda1-4179-b73e-176e6693a371'),(NULL,'28cc6b00-28ca-4ccb-a7df-d3c849a9eab3','0a98d5b3-7a3f-4cd0-a294-b04adeccbe7c'),(NULL,'28cc6b00-28ca-4ccb-a7df-d3c849a9eab3','0e1c0884-cd4f-4efe-85cf-ed3d6c1fce8d'),(NULL,'28cc6b00-28ca-4ccb-a7df-d3c849a9eab3','20550769-da23-4d54-983e-bdcc62d80a37'),(NULL,'28cc6b00-28ca-4ccb-a7df-d3c849a9eab3','28e4b229-c075-444e-bb7e-b2f27a9fd103'),(NULL,'28cc6b00-28ca-4ccb-a7df-d3c849a9eab3','565e13cb-7a4c-4f75-88f2-903a54ddc690'),(NULL,'28cc6b00-28ca-4ccb-a7df-d3c849a9eab3','5d57fb7a-7aab-4264-a6cf-12fc55f5093d'),(NULL,'28cc6b00-28ca-4ccb-a7df-d3c849a9eab3','6765b2d6-7237-493c-848a-9a908a031b54'),(NULL,'28cc6b00-28ca-4ccb-a7df-d3c849a9eab3','7d0d82c4-61c6-4564-b9e0-a09ec449f54f'),(NULL,'28cc6b00-28ca-4ccb-a7df-d3c849a9eab3','bf3899c9-6e64-49cf-a56e-456b35dd0a32'),(NULL,'28cc6b00-28ca-4ccb-a7df-d3c849a9eab3','de1a9928-7d90-4b22-9f2c-1c1977a9b1d3'),(NULL,'3bff699d-9121-413b-8896-49b00f0952a3','018a1ba5-dda1-4179-b73e-176e6693a371'),(NULL,'3bff699d-9121-413b-8896-49b00f0952a3','0a98d5b3-7a3f-4cd0-a294-b04adeccbe7c'),(NULL,'3bff699d-9121-413b-8896-49b00f0952a3','0e1c0884-cd4f-4efe-85cf-ed3d6c1fce8d'),(NULL,'3bff699d-9121-413b-8896-49b00f0952a3','20550769-da23-4d54-983e-bdcc62d80a37'),(NULL,'3bff699d-9121-413b-8896-49b00f0952a3','28e4b229-c075-444e-bb7e-b2f27a9fd103'),(NULL,'3bff699d-9121-413b-8896-49b00f0952a3','565e13cb-7a4c-4f75-88f2-903a54ddc690'),(NULL,'3bff699d-9121-413b-8896-49b00f0952a3','5d57fb7a-7aab-4264-a6cf-12fc55f5093d'),(NULL,'3bff699d-9121-413b-8896-49b00f0952a3','6765b2d6-7237-493c-848a-9a908a031b54'),(NULL,'3bff699d-9121-413b-8896-49b00f0952a3','7d0d82c4-61c6-4564-b9e0-a09ec449f54f'),(NULL,'3bff699d-9121-413b-8896-49b00f0952a3','bf3899c9-6e64-49cf-a56e-456b35dd0a32'),(NULL,'3bff699d-9121-413b-8896-49b00f0952a3','de1a9928-7d90-4b22-9f2c-1c1977a9b1d3'),(NULL,'44a9f8f3-f606-4e67-bd4e-60565f542204','36524122-5b4b-47aa-8d46-d064c6cb28fd'),(NULL,'44a9f8f3-f606-4e67-bd4e-60565f542204','8b238fa2-6e02-47b0-8343-bd97d791ae65'),(NULL,'44a9f8f3-f606-4e67-bd4e-60565f542204','9a767bf6-8caf-43d2-b1d2-2e00b54bd6a7'),(NULL,'44a9f8f3-f606-4e67-bd4e-60565f542204','c469d85a-a19c-4411-88ca-c0041af4f8e5'),(NULL,'44a9f8f3-f606-4e67-bd4e-60565f542204','d7111352-035f-46fa-9d96-85812f81b0f4'),(NULL,'44a9f8f3-f606-4e67-bd4e-60565f542204','dea18fd8-488a-4ba4-ab67-465749cc8498'),(NULL,'44a9f8f3-f606-4e67-bd4e-60565f542204','e3fcd8e9-d658-4bbe-bb8f-6bf08a593ad3'),(NULL,'44a9f8f3-f606-4e67-bd4e-60565f542204','f4b01b71-8ab6-4291-8fee-135a8f7c0d94'),(NULL,'5090ec43-8787-4d26-8bc2-7c760a4d93ff','2fec7291-d7dd-4835-853f-f3d8453487eb'),(NULL,'5090ec43-8787-4d26-8bc2-7c760a4d93ff','50b47ab0-c2b8-4bfd-95bf-c35023aaf198'),(NULL,'5090ec43-8787-4d26-8bc2-7c760a4d93ff','94b4cde8-df2d-4241-a80a-d79fffaafd45'),(NULL,'5090ec43-8787-4d26-8bc2-7c760a4d93ff','be992de1-8f5a-4c5b-8158-2d7ae3c7ab38'),(NULL,'5090ec43-8787-4d26-8bc2-7c760a4d93ff','ed56cfbc-3019-48c5-9109-e97c30d0e4f5'),(NULL,'66fb3db5-3f1f-41b6-9ee9-c7c01a801de8','2fec7291-d7dd-4835-853f-f3d8453487eb'),(NULL,'66fb3db5-3f1f-41b6-9ee9-c7c01a801de8','50b47ab0-c2b8-4bfd-95bf-c35023aaf198'),(NULL,'66fb3db5-3f1f-41b6-9ee9-c7c01a801de8','94b4cde8-df2d-4241-a80a-d79fffaafd45'),(NULL,'66fb3db5-3f1f-41b6-9ee9-c7c01a801de8','be992de1-8f5a-4c5b-8158-2d7ae3c7ab38'),(NULL,'66fb3db5-3f1f-41b6-9ee9-c7c01a801de8','ed56cfbc-3019-48c5-9109-e97c30d0e4f5'),(NULL,'6b81a458-f76b-45dc-8a8c-c06876ac9d1b','06a57b77-0290-450f-8312-db22e8c21c78'),(NULL,'6b81a458-f76b-45dc-8a8c-c06876ac9d1b','4af885f3-a68c-4204-8840-2a1c179222a4'),(NULL,'6b81a458-f76b-45dc-8a8c-c06876ac9d1b','4bccc8ff-e9e3-43ec-b037-a2df9987185e'),(NULL,'6b81a458-f76b-45dc-8a8c-c06876ac9d1b','6a01e474-92f2-440e-9cc1-c1041de2e1be'),(NULL,'6b81a458-f76b-45dc-8a8c-c06876ac9d1b','8e395f10-31a4-4e06-b450-52d7c50da7e0'),(NULL,'6b81a458-f76b-45dc-8a8c-c06876ac9d1b','99157455-4dac-4bd4-a540-f43c0fd93145'),(NULL,'6b81a458-f76b-45dc-8a8c-c06876ac9d1b','9ebb1a1a-bbf5-4724-9692-fd08a591164b'),(NULL,'6b81a458-f76b-45dc-8a8c-c06876ac9d1b','bbfc8df2-5eb2-4a78-84d1-1e65beddd6f3'),(NULL,'6b81a458-f76b-45dc-8a8c-c06876ac9d1b','dd34ecaf-9783-4b03-b211-edc72a3e5f31'),(NULL,'6b81a458-f76b-45dc-8a8c-c06876ac9d1b','f19b6b33-be76-4d2b-b85d-dbd4caf3da1d'),(NULL,'7d783967-3144-4c76-ae91-0bcb3ebab45b','06a57b77-0290-450f-8312-db22e8c21c78'),(NULL,'7d783967-3144-4c76-ae91-0bcb3ebab45b','4af885f3-a68c-4204-8840-2a1c179222a4'),(NULL,'7d783967-3144-4c76-ae91-0bcb3ebab45b','4bccc8ff-e9e3-43ec-b037-a2df9987185e'),(NULL,'7d783967-3144-4c76-ae91-0bcb3ebab45b','6a01e474-92f2-440e-9cc1-c1041de2e1be'),(NULL,'7d783967-3144-4c76-ae91-0bcb3ebab45b','8e395f10-31a4-4e06-b450-52d7c50da7e0'),(NULL,'7d783967-3144-4c76-ae91-0bcb3ebab45b','99157455-4dac-4bd4-a540-f43c0fd93145'),(NULL,'7d783967-3144-4c76-ae91-0bcb3ebab45b','9ebb1a1a-bbf5-4724-9692-fd08a591164b'),(NULL,'7d783967-3144-4c76-ae91-0bcb3ebab45b','bbfc8df2-5eb2-4a78-84d1-1e65beddd6f3'),(NULL,'7d783967-3144-4c76-ae91-0bcb3ebab45b','dd34ecaf-9783-4b03-b211-edc72a3e5f31'),(NULL,'7d783967-3144-4c76-ae91-0bcb3ebab45b','f19b6b33-be76-4d2b-b85d-dbd4caf3da1d'),(NULL,'821a94e2-eccb-4704-a2d6-2bd63068469a','36524122-5b4b-47aa-8d46-d064c6cb28fd'),(NULL,'821a94e2-eccb-4704-a2d6-2bd63068469a','8b238fa2-6e02-47b0-8343-bd97d791ae65'),(NULL,'821a94e2-eccb-4704-a2d6-2bd63068469a','9a767bf6-8caf-43d2-b1d2-2e00b54bd6a7'),(NULL,'821a94e2-eccb-4704-a2d6-2bd63068469a','c469d85a-a19c-4411-88ca-c0041af4f8e5'),(NULL,'821a94e2-eccb-4704-a2d6-2bd63068469a','d7111352-035f-46fa-9d96-85812f81b0f4'),(NULL,'821a94e2-eccb-4704-a2d6-2bd63068469a','dea18fd8-488a-4ba4-ab67-465749cc8498'),(NULL,'821a94e2-eccb-4704-a2d6-2bd63068469a','e3fcd8e9-d658-4bbe-bb8f-6bf08a593ad3'),(NULL,'821a94e2-eccb-4704-a2d6-2bd63068469a','f4b01b71-8ab6-4291-8fee-135a8f7c0d94'),(NULL,'8f109a77-484b-4f39-a076-6b2a44b8137a','018a1ba5-dda1-4179-b73e-176e6693a371'),(NULL,'8f109a77-484b-4f39-a076-6b2a44b8137a','0a98d5b3-7a3f-4cd0-a294-b04adeccbe7c'),(NULL,'8f109a77-484b-4f39-a076-6b2a44b8137a','0e1c0884-cd4f-4efe-85cf-ed3d6c1fce8d'),(NULL,'8f109a77-484b-4f39-a076-6b2a44b8137a','20550769-da23-4d54-983e-bdcc62d80a37'),(NULL,'8f109a77-484b-4f39-a076-6b2a44b8137a','28e4b229-c075-444e-bb7e-b2f27a9fd103'),(NULL,'8f109a77-484b-4f39-a076-6b2a44b8137a','565e13cb-7a4c-4f75-88f2-903a54ddc690'),(NULL,'8f109a77-484b-4f39-a076-6b2a44b8137a','5d57fb7a-7aab-4264-a6cf-12fc55f5093d'),(NULL,'8f109a77-484b-4f39-a076-6b2a44b8137a','6765b2d6-7237-493c-848a-9a908a031b54'),(NULL,'8f109a77-484b-4f39-a076-6b2a44b8137a','7d0d82c4-61c6-4564-b9e0-a09ec449f54f'),(NULL,'8f109a77-484b-4f39-a076-6b2a44b8137a','bf3899c9-6e64-49cf-a56e-456b35dd0a32'),(NULL,'8f109a77-484b-4f39-a076-6b2a44b8137a','de1a9928-7d90-4b22-9f2c-1c1977a9b1d3'),(NULL,'9b798a7c-1d24-47c0-9795-ddad74ba510c','06a57b77-0290-450f-8312-db22e8c21c78'),(NULL,'9b798a7c-1d24-47c0-9795-ddad74ba510c','4af885f3-a68c-4204-8840-2a1c179222a4'),(NULL,'9b798a7c-1d24-47c0-9795-ddad74ba510c','4bccc8ff-e9e3-43ec-b037-a2df9987185e'),(NULL,'9b798a7c-1d24-47c0-9795-ddad74ba510c','6a01e474-92f2-440e-9cc1-c1041de2e1be'),(NULL,'9b798a7c-1d24-47c0-9795-ddad74ba510c','8e395f10-31a4-4e06-b450-52d7c50da7e0'),(NULL,'9b798a7c-1d24-47c0-9795-ddad74ba510c','99157455-4dac-4bd4-a540-f43c0fd93145'),(NULL,'9b798a7c-1d24-47c0-9795-ddad74ba510c','9ebb1a1a-bbf5-4724-9692-fd08a591164b'),(NULL,'9b798a7c-1d24-47c0-9795-ddad74ba510c','bbfc8df2-5eb2-4a78-84d1-1e65beddd6f3'),(NULL,'9b798a7c-1d24-47c0-9795-ddad74ba510c','dd34ecaf-9783-4b03-b211-edc72a3e5f31'),(NULL,'9b798a7c-1d24-47c0-9795-ddad74ba510c','f19b6b33-be76-4d2b-b85d-dbd4caf3da1d'),(NULL,'9d8280d3-4095-4b0a-a51d-df8cabea7248','4c814469-68fa-494a-9e93-90ccff9d6eaa'),(NULL,'9d8280d3-4095-4b0a-a51d-df8cabea7248','697b373f-2d73-48e9-90d4-ab516cc7d2aa'),(NULL,'9d8280d3-4095-4b0a-a51d-df8cabea7248','99d36620-1576-4e19-99fb-c132541b860f'),(NULL,'9d8280d3-4095-4b0a-a51d-df8cabea7248','ca990a18-1ecf-4677-b4f5-ff3f9c679fe3'),(NULL,'9d8280d3-4095-4b0a-a51d-df8cabea7248','d1e3dfdf-dfac-4693-bb79-fa08d8aad9fc'),(NULL,'9d8280d3-4095-4b0a-a51d-df8cabea7248','eb648995-761c-42b7-9a55-2e2a8d67acae'),(NULL,'9d8280d3-4095-4b0a-a51d-df8cabea7248','f47550be-910c-44a4-b293-eab3ee6aca92'),(NULL,'9d8280d3-4095-4b0a-a51d-df8cabea7248','f87463f4-3d2c-49f1-9f20-a4510eb0728f'),(NULL,'9d8280d3-4095-4b0a-a51d-df8cabea7248','f8bdf08c-c32d-4863-86b2-44a36a756fac'),(NULL,'a07e9b37-4131-49bc-9b4a-f341ceb75e3c','36524122-5b4b-47aa-8d46-d064c6cb28fd'),(NULL,'a07e9b37-4131-49bc-9b4a-f341ceb75e3c','8b238fa2-6e02-47b0-8343-bd97d791ae65'),(NULL,'a07e9b37-4131-49bc-9b4a-f341ceb75e3c','9a767bf6-8caf-43d2-b1d2-2e00b54bd6a7'),(NULL,'a07e9b37-4131-49bc-9b4a-f341ceb75e3c','c469d85a-a19c-4411-88ca-c0041af4f8e5'),(NULL,'a07e9b37-4131-49bc-9b4a-f341ceb75e3c','d7111352-035f-46fa-9d96-85812f81b0f4'),(NULL,'a07e9b37-4131-49bc-9b4a-f341ceb75e3c','dea18fd8-488a-4ba4-ab67-465749cc8498'),(NULL,'a07e9b37-4131-49bc-9b4a-f341ceb75e3c','e3fcd8e9-d658-4bbe-bb8f-6bf08a593ad3'),(NULL,'a07e9b37-4131-49bc-9b4a-f341ceb75e3c','f4b01b71-8ab6-4291-8fee-135a8f7c0d94'),(NULL,'caf9e00b-e1c5-4b0f-9c49-2eac892a327e','018a1ba5-dda1-4179-b73e-176e6693a371'),(NULL,'caf9e00b-e1c5-4b0f-9c49-2eac892a327e','0a98d5b3-7a3f-4cd0-a294-b04adeccbe7c'),(NULL,'caf9e00b-e1c5-4b0f-9c49-2eac892a327e','0e1c0884-cd4f-4efe-85cf-ed3d6c1fce8d'),(NULL,'caf9e00b-e1c5-4b0f-9c49-2eac892a327e','20550769-da23-4d54-983e-bdcc62d80a37'),(NULL,'caf9e00b-e1c5-4b0f-9c49-2eac892a327e','28e4b229-c075-444e-bb7e-b2f27a9fd103'),(NULL,'caf9e00b-e1c5-4b0f-9c49-2eac892a327e','565e13cb-7a4c-4f75-88f2-903a54ddc690'),(NULL,'caf9e00b-e1c5-4b0f-9c49-2eac892a327e','5d57fb7a-7aab-4264-a6cf-12fc55f5093d'),(NULL,'caf9e00b-e1c5-4b0f-9c49-2eac892a327e','6765b2d6-7237-493c-848a-9a908a031b54'),(NULL,'caf9e00b-e1c5-4b0f-9c49-2eac892a327e','7d0d82c4-61c6-4564-b9e0-a09ec449f54f'),(NULL,'caf9e00b-e1c5-4b0f-9c49-2eac892a327e','bf3899c9-6e64-49cf-a56e-456b35dd0a32'),(NULL,'caf9e00b-e1c5-4b0f-9c49-2eac892a327e','de1a9928-7d90-4b22-9f2c-1c1977a9b1d3'),(NULL,'da74a26f-8184-4270-b594-cb1a11fdcb78','36524122-5b4b-47aa-8d46-d064c6cb28fd'),(NULL,'da74a26f-8184-4270-b594-cb1a11fdcb78','8b238fa2-6e02-47b0-8343-bd97d791ae65'),(NULL,'da74a26f-8184-4270-b594-cb1a11fdcb78','9a767bf6-8caf-43d2-b1d2-2e00b54bd6a7'),(NULL,'da74a26f-8184-4270-b594-cb1a11fdcb78','c469d85a-a19c-4411-88ca-c0041af4f8e5'),(NULL,'da74a26f-8184-4270-b594-cb1a11fdcb78','d7111352-035f-46fa-9d96-85812f81b0f4'),(NULL,'da74a26f-8184-4270-b594-cb1a11fdcb78','dea18fd8-488a-4ba4-ab67-465749cc8498'),(NULL,'da74a26f-8184-4270-b594-cb1a11fdcb78','e3fcd8e9-d658-4bbe-bb8f-6bf08a593ad3'),(NULL,'da74a26f-8184-4270-b594-cb1a11fdcb78','f4b01b71-8ab6-4291-8fee-135a8f7c0d94'),(NULL,'e46adbb0-d8c4-49e3-8903-975ab6d818f5','2fec7291-d7dd-4835-853f-f3d8453487eb'),(NULL,'e46adbb0-d8c4-49e3-8903-975ab6d818f5','50b47ab0-c2b8-4bfd-95bf-c35023aaf198'),(NULL,'e46adbb0-d8c4-49e3-8903-975ab6d818f5','94b4cde8-df2d-4241-a80a-d79fffaafd45'),(NULL,'e46adbb0-d8c4-49e3-8903-975ab6d818f5','be992de1-8f5a-4c5b-8158-2d7ae3c7ab38'),(NULL,'e46adbb0-d8c4-49e3-8903-975ab6d818f5','ed56cfbc-3019-48c5-9109-e97c30d0e4f5'),(NULL,'e56aedc9-6a5d-4a11-b77a-8f5dcc208469','4c814469-68fa-494a-9e93-90ccff9d6eaa'),(NULL,'e56aedc9-6a5d-4a11-b77a-8f5dcc208469','697b373f-2d73-48e9-90d4-ab516cc7d2aa'),(NULL,'e56aedc9-6a5d-4a11-b77a-8f5dcc208469','99d36620-1576-4e19-99fb-c132541b860f'),(NULL,'e56aedc9-6a5d-4a11-b77a-8f5dcc208469','ca990a18-1ecf-4677-b4f5-ff3f9c679fe3'),(NULL,'e56aedc9-6a5d-4a11-b77a-8f5dcc208469','d1e3dfdf-dfac-4693-bb79-fa08d8aad9fc'),(NULL,'e56aedc9-6a5d-4a11-b77a-8f5dcc208469','eb648995-761c-42b7-9a55-2e2a8d67acae'),(NULL,'e56aedc9-6a5d-4a11-b77a-8f5dcc208469','f47550be-910c-44a4-b293-eab3ee6aca92'),(NULL,'e56aedc9-6a5d-4a11-b77a-8f5dcc208469','f87463f4-3d2c-49f1-9f20-a4510eb0728f'),(NULL,'e56aedc9-6a5d-4a11-b77a-8f5dcc208469','f8bdf08c-c32d-4863-86b2-44a36a756fac'),(NULL,'eb2cff67-6672-4ad6-8b2f-829a547c2595','06a57b77-0290-450f-8312-db22e8c21c78'),(NULL,'eb2cff67-6672-4ad6-8b2f-829a547c2595','4af885f3-a68c-4204-8840-2a1c179222a4'),(NULL,'eb2cff67-6672-4ad6-8b2f-829a547c2595','4bccc8ff-e9e3-43ec-b037-a2df9987185e'),(NULL,'eb2cff67-6672-4ad6-8b2f-829a547c2595','6a01e474-92f2-440e-9cc1-c1041de2e1be'),(NULL,'eb2cff67-6672-4ad6-8b2f-829a547c2595','8e395f10-31a4-4e06-b450-52d7c50da7e0'),(NULL,'eb2cff67-6672-4ad6-8b2f-829a547c2595','99157455-4dac-4bd4-a540-f43c0fd93145'),(NULL,'eb2cff67-6672-4ad6-8b2f-829a547c2595','9ebb1a1a-bbf5-4724-9692-fd08a591164b'),(NULL,'eb2cff67-6672-4ad6-8b2f-829a547c2595','bbfc8df2-5eb2-4a78-84d1-1e65beddd6f3'),(NULL,'eb2cff67-6672-4ad6-8b2f-829a547c2595','dd34ecaf-9783-4b03-b211-edc72a3e5f31'),(NULL,'eb2cff67-6672-4ad6-8b2f-829a547c2595','f19b6b33-be76-4d2b-b85d-dbd4caf3da1d'),(NULL,'eb7eb335-236d-47f6-82b6-7ae51d847898','4c814469-68fa-494a-9e93-90ccff9d6eaa'),(NULL,'eb7eb335-236d-47f6-82b6-7ae51d847898','697b373f-2d73-48e9-90d4-ab516cc7d2aa'),(NULL,'eb7eb335-236d-47f6-82b6-7ae51d847898','99d36620-1576-4e19-99fb-c132541b860f'),(NULL,'eb7eb335-236d-47f6-82b6-7ae51d847898','ca990a18-1ecf-4677-b4f5-ff3f9c679fe3'),(NULL,'eb7eb335-236d-47f6-82b6-7ae51d847898','d1e3dfdf-dfac-4693-bb79-fa08d8aad9fc'),(NULL,'eb7eb335-236d-47f6-82b6-7ae51d847898','eb648995-761c-42b7-9a55-2e2a8d67acae'),(NULL,'eb7eb335-236d-47f6-82b6-7ae51d847898','f47550be-910c-44a4-b293-eab3ee6aca92'),(NULL,'eb7eb335-236d-47f6-82b6-7ae51d847898','f87463f4-3d2c-49f1-9f20-a4510eb0728f'),(NULL,'eb7eb335-236d-47f6-82b6-7ae51d847898','f8bdf08c-c32d-4863-86b2-44a36a756fac'),(NULL,'f38f59b8-297c-4dfb-886d-e6ff1c87545f','4c814469-68fa-494a-9e93-90ccff9d6eaa'),(NULL,'f38f59b8-297c-4dfb-886d-e6ff1c87545f','697b373f-2d73-48e9-90d4-ab516cc7d2aa'),(NULL,'f38f59b8-297c-4dfb-886d-e6ff1c87545f','99d36620-1576-4e19-99fb-c132541b860f'),(NULL,'f38f59b8-297c-4dfb-886d-e6ff1c87545f','ca990a18-1ecf-4677-b4f5-ff3f9c679fe3'),(NULL,'f38f59b8-297c-4dfb-886d-e6ff1c87545f','d1e3dfdf-dfac-4693-bb79-fa08d8aad9fc'),(NULL,'f38f59b8-297c-4dfb-886d-e6ff1c87545f','eb648995-761c-42b7-9a55-2e2a8d67acae'),(NULL,'f38f59b8-297c-4dfb-886d-e6ff1c87545f','f47550be-910c-44a4-b293-eab3ee6aca92'),(NULL,'f38f59b8-297c-4dfb-886d-e6ff1c87545f','f87463f4-3d2c-49f1-9f20-a4510eb0728f'),(NULL,'f38f59b8-297c-4dfb-886d-e6ff1c87545f','f8bdf08c-c32d-4863-86b2-44a36a756fac'),(NULL,'f5dbc1df-3827-4a90-b9fb-8e1e5736c8c9','018a1ba5-dda1-4179-b73e-176e6693a371'),(NULL,'f5dbc1df-3827-4a90-b9fb-8e1e5736c8c9','0a98d5b3-7a3f-4cd0-a294-b04adeccbe7c'),(NULL,'f5dbc1df-3827-4a90-b9fb-8e1e5736c8c9','0e1c0884-cd4f-4efe-85cf-ed3d6c1fce8d'),(NULL,'f5dbc1df-3827-4a90-b9fb-8e1e5736c8c9','20550769-da23-4d54-983e-bdcc62d80a37'),(NULL,'f5dbc1df-3827-4a90-b9fb-8e1e5736c8c9','28e4b229-c075-444e-bb7e-b2f27a9fd103'),(NULL,'f5dbc1df-3827-4a90-b9fb-8e1e5736c8c9','565e13cb-7a4c-4f75-88f2-903a54ddc690'),(NULL,'f5dbc1df-3827-4a90-b9fb-8e1e5736c8c9','5d57fb7a-7aab-4264-a6cf-12fc55f5093d'),(NULL,'f5dbc1df-3827-4a90-b9fb-8e1e5736c8c9','6765b2d6-7237-493c-848a-9a908a031b54'),(NULL,'f5dbc1df-3827-4a90-b9fb-8e1e5736c8c9','7d0d82c4-61c6-4564-b9e0-a09ec449f54f'),(NULL,'f5dbc1df-3827-4a90-b9fb-8e1e5736c8c9','bf3899c9-6e64-49cf-a56e-456b35dd0a32'),(NULL,'f5dbc1df-3827-4a90-b9fb-8e1e5736c8c9','de1a9928-7d90-4b22-9f2c-1c1977a9b1d3');
/*!40000 ALTER TABLE `project_sprint` ENABLE KEYS */;
UNLOCK TABLES;

--
-- Dumping data for table `projects`
--

LOCK TABLES `projects` WRITE;
/*!40000 ALTER TABLE `projects` DISABLE KEYS */;
INSERT INTO `projects` VALUES ('110a66d2-e995-4219-8bae-7f67a62f2702','21130601',_binary '\0',NULL,'2025-07-07 05:39:51.107837',NULL,'2025-07-07 05:39:51.107837','21130601','<p>Nhóm 3 ML</p>','Nhóm 3'),('28cc6b00-28ca-4ccb-a7df-d3c849a9eab3','21130320',_binary '\0',NULL,'2025-07-07 07:44:29.155428',NULL,'2025-07-07 07:44:29.155428','21130320','<p>Nhóm 1 LTW</p>','Nhóm 1'),('3bff699d-9121-413b-8896-49b00f0952a3','21130363',_binary '\0',NULL,'2025-07-07 05:42:03.701516',NULL,'2025-07-07 05:42:03.701516','21130363','<p>Nhóm 4 LTW</p>','Nhóm 4'),('44a9f8f3-f606-4e67-bd4e-60565f542204','21130601',_binary '\0',NULL,'2025-07-07 05:39:24.298127',NULL,'2025-07-07 05:39:24.298127','21130601','<p>Nhóm 3 TT LTTBDĐ</p>','Nhóm 3'),('5090ec43-8787-4d26-8bc2-7c760a4d93ff','21130451',_binary '\0',NULL,'2025-07-07 05:41:24.390743',NULL,'2025-07-07 05:41:24.390743','21130451','<p>Nhóm 2 ML</p>','Nhóm 2'),('66fb3db5-3f1f-41b6-9ee9-c7c01a801de8','21130320',_binary '\0',NULL,'2025-07-07 07:19:08.837852',NULL,'2025-07-07 07:19:08.837852','21130320','<p>Nhóm 1 ML</p>','Nhóm 1'),('6b81a458-f76b-45dc-8a8c-c06876ac9d1b','21130363',_binary '\0',NULL,'2025-07-07 05:42:17.397109',NULL,'2025-07-07 05:42:17.397109','21130363','<p>Nhóm 4 OOP</p>','Nhóm 4'),('7d783967-3144-4c76-ae91-0bcb3ebab45b','21130320',_binary '\0',NULL,'2025-07-07 07:18:18.385276',NULL,'2025-07-07 07:18:18.385276','21130320','<p>Nhóm 1 OOP</p>','Nhóm 1'),('821a94e2-eccb-4704-a2d6-2bd63068469a','21130320',_binary '\0',NULL,'2025-07-07 07:18:36.467919',NULL,'2025-07-07 07:18:36.467919','21130320','<p>Nhóm 1 LT TBDD</p>','Nhóm 1'),('8f109a77-484b-4f39-a076-6b2a44b8137a','21130451',_binary '\0',NULL,'2025-07-07 05:05:47.768608',NULL,'2025-07-07 05:05:47.768608','21130451','<p>Nhóm 2 LTW</p>','Nhóm 2'),('9b798a7c-1d24-47c0-9795-ddad74ba510c','21130601',_binary '\0',NULL,'2025-07-07 05:38:59.124516',NULL,'2025-07-07 05:38:59.124516','21130601','<p>Nhóm 3 OOP</p>','Nhóm 3'),('9d8280d3-4095-4b0a-a51d-df8cabea7248','21130451',_binary '\0',NULL,'2025-07-07 05:41:12.147178',NULL,'2025-07-07 05:41:12.147178','21130451','<p>Nhóm 2 TMĐT</p>','Nhóm 2'),('a07e9b37-4131-49bc-9b4a-f341ceb75e3c','21130451',_binary '\0',NULL,'2025-07-07 05:40:57.198072',NULL,'2025-07-07 05:40:57.198072','21130451','<p>Nhóm 2 TT LTTBDĐ</p>','Nhóm 2'),('caf9e00b-e1c5-4b0f-9c49-2eac892a327e','21130320',_binary '\0',NULL,'2025-07-05 13:23:29.725766',NULL,'2025-07-05 13:23:29.725766','21130320','<p>Nhóm 1 LTW</p>','Nhóm 1'),('da74a26f-8184-4270-b594-cb1a11fdcb78','21130363',_binary '\0',NULL,'2025-07-07 05:42:33.801572',NULL,'2025-07-07 05:42:33.801572','21130363','<p>Nhóm 4 TT LTTBDĐ</p>','Nhóm 4'),('e46adbb0-d8c4-49e3-8903-975ab6d818f5','21130363',_binary '\0',NULL,'2025-07-07 05:43:02.665794',NULL,'2025-07-07 05:43:02.665794','21130363','<p>Nhóm 4 ML</p>','Nhóm 4'),('e56aedc9-6a5d-4a11-b77a-8f5dcc208469','21130363',_binary '\0',NULL,'2025-07-07 05:42:49.285370',NULL,'2025-07-07 05:42:49.285370','21130363','<p>Nhóm 4 TMĐT</p>','Nhóm 4'),('eb2cff67-6672-4ad6-8b2f-829a547c2595','21130451',_binary '\0',NULL,'2025-07-07 05:40:39.430139',NULL,'2025-07-07 05:40:39.430139','21130451','<p>Nhóm 2 OOP</p>','Nhóm 2'),('eb7eb335-236d-47f6-82b6-7ae51d847898','21130601',_binary '\0',NULL,'2025-07-07 05:39:37.643698',NULL,'2025-07-07 05:39:37.643698','21130601','<p>Nhóm 3 TMĐT</p>','Nhóm 3'),('f38f59b8-297c-4dfb-886d-e6ff1c87545f','21130320',_binary '\0',NULL,'2025-07-07 07:18:55.348127',NULL,'2025-07-07 07:18:55.348127','21130320','<p>Nhóm 1 TMĐT</p>','Nhóm 1'),('f5dbc1df-3827-4a90-b9fb-8e1e5736c8c9','21130601',_binary '\0',NULL,'2025-07-07 05:32:57.594695',NULL,'2025-07-07 05:32:57.594695','21130601','<p>Nhóm 3 LTW</p>','Nhóm 3');
/*!40000 ALTER TABLE `projects` ENABLE KEYS */;
UNLOCK TABLES;

--
-- Dumping data for table `resources`
--

LOCK TABLES `resources` WRITE;
/*!40000 ALTER TABLE `resources` DISABLE KEYS */;
/*!40000 ALTER TABLE `resources` ENABLE KEYS */;
UNLOCK TABLES;

--
-- Dumping data for table `roles`
--

LOCK TABLES `roles` WRITE;
/*!40000 ALTER TABLE `roles` DISABLE KEYS */;
INSERT INTO `roles` VALUES ('f7b59d23-0874-11f0-91a0-0242ac120002',NULL,_binary '\0',NULL,'2025-05-08 04:52:50.000000',NULL,NULL,NULL,'Quản trị hệ thống','admin'),('f7b5f76b-0874-11f0-91a0-0242ac120002',NULL,_binary '\0',NULL,'2025-05-08 04:52:50.000000',NULL,NULL,NULL,'Giáo viên hướng dẫn','teacher'),('f7b5f8f8-0874-11f0-91a0-0242ac120002',NULL,_binary '\0',NULL,'2025-05-08 04:52:50.000000',NULL,NULL,NULL,'Trưởng nhóm','leader'),('f7b5f96a-0874-11f0-91a0-0242ac120002',NULL,_binary '\0',NULL,'2025-05-08 04:52:50.000000',NULL,NULL,NULL,'Sinh viên','student'),('f7b5f96a-0874-11f0-91a0-0242ac120011',NULL,_binary '\0',NULL,'2025-07-07 11:18:26.000000',NULL,NULL,NULL,'Thành viên nhóm','member');
/*!40000 ALTER TABLE `roles` ENABLE KEYS */;
UNLOCK TABLES;

--
-- Dumping data for table `roles_permissions`
--

LOCK TABLES `roles_permissions` WRITE;
/*!40000 ALTER TABLE `roles_permissions` DISABLE KEYS */;
INSERT INTO `roles_permissions` VALUES ('f7b59d23-0874-11f0-91a0-0242ac120002','e79e184d-0874-11f0-91a0-0242ac120002'),('f7b59d23-0874-11f0-91a0-0242ac120002','e79e70d0-0874-11f0-91a0-0242ac120002'),('f7b59d23-0874-11f0-91a0-0242ac120002','e79e7242-0874-11f0-91a0-0242ac120002'),('f7b59d23-0874-11f0-91a0-0242ac120002','e79e72a7-0874-11f0-91a0-0242ac120002'),('f7b59d23-0874-11f0-91a0-0242ac120002','e79e72d7-0874-11f0-91a0-0242ac120002'),('f7b59d23-0874-11f0-91a0-0242ac120002','e79e72ff-0874-11f0-91a0-0242ac120002'),('f7b59d23-0874-11f0-91a0-0242ac120002','e79e7327-0874-11f0-91a0-0242ac120002'),('f7b5f76b-0874-11f0-91a0-0242ac120002','e79e734c-0874-11f0-91a0-0242ac120002'),('f7b59d23-0874-11f0-91a0-0242ac120002','e79e7378-0874-11f0-91a0-0242ac120002'),('f7b5f76b-0874-11f0-91a0-0242ac120002','e79e7378-0874-11f0-91a0-0242ac120002'),('f7b5f76b-0874-11f0-91a0-0242ac120002','e79e739e-0874-11f0-91a0-0242ac120002'),('f7b5f76b-0874-11f0-91a0-0242ac120002','e79e73e3-0874-11f0-91a0-0242ac120002'),('f7b5f96a-0874-11f0-91a0-0242ac120002','e79e7408-0874-11f0-91a0-0242ac120002'),('f7b5f8f8-0874-11f0-91a0-0242ac120002','e79e742d-0874-11f0-91a0-0242ac120002'),('f7b5f8f8-0874-11f0-91a0-0242ac120002','e79e7bea-0874-11f0-91a0-0242ac120002'),('f7b5f8f8-0874-11f0-91a0-0242ac120002','e79e7c52-0874-11f0-91a0-0242ac120002'),('f7b5f8f8-0874-11f0-91a0-0242ac120002','e79e7c75-0874-11f0-91a0-0242ac120002'),('f7b5f76b-0874-11f0-91a0-0242ac120002','e79e7c9b-0874-11f0-91a0-0242ac120002'),('f7b5f76b-0874-11f0-91a0-0242ac120002','e79e7cc2-0874-11f0-91a0-0242ac120002'),('f7b5f8f8-0874-11f0-91a0-0242ac120002','e79e7cc2-0874-11f0-91a0-0242ac120002'),('f7b59d23-0874-11f0-91a0-0242ac120002','e79e7ce5-0874-11f0-91a0-0242ac120002'),('f7b5f76b-0874-11f0-91a0-0242ac120002','e79e7ce5-0874-11f0-91a0-0242ac120002'),('f7b5f76b-0874-11f0-91a0-0242ac120002','e79e7d08-0874-11f0-91a0-0242ac120002'),('f7b5f8f8-0874-11f0-91a0-0242ac120002','e79e7d08-0874-11f0-91a0-0242ac120002'),('f7b5f8f8-0874-11f0-91a0-0242ac120002','e79e7d29-0874-11f0-91a0-0242ac120002'),('f7b5f8f8-0874-11f0-91a0-0242ac120002','e79e7d4a-0874-11f0-91a0-0242ac120002'),('f7b5f8f8-0874-11f0-91a0-0242ac120002','e79e7d6e-0874-11f0-91a0-0242ac120002'),('f7b5f8f8-0874-11f0-91a0-0242ac120002','e79e7d93-0874-11f0-91a0-0242ac120002'),('f7b5f96a-0874-11f0-91a0-0242ac120002','e79e7d93-0874-11f0-91a0-0242ac120002'),('f7b5f8f8-0874-11f0-91a0-0242ac120002','e79e7db5-0874-11f0-91a0-0242ac120002'),('f7b5f96a-0874-11f0-91a0-0242ac120002','e79e7db5-0874-11f0-91a0-0242ac120002'),('f7b5f8f8-0874-11f0-91a0-0242ac120002','e79e7dd9-0874-11f0-91a0-0242ac120002'),('f7b5f8f8-0874-11f0-91a0-0242ac120002','e79e7df9-0874-11f0-91a0-0242ac120002'),('f7b5f96a-0874-11f0-91a0-0242ac120002','e79e7df9-0874-11f0-91a0-0242ac120002'),('f7b5f8f8-0874-11f0-91a0-0242ac120002','e79e7e18-0874-11f0-91a0-0242ac120002'),('f7b5f96a-0874-11f0-91a0-0242ac120002','e79e7e18-0874-11f0-91a0-0242ac120002'),('f7b5f76b-0874-11f0-91a0-0242ac120002','e79e7e3a-0874-11f0-91a0-0242ac120002'),('f7b59d23-0874-11f0-91a0-0242ac120002','e79e7e5d-0874-11f0-91a0-0242ac120002'),('f7b5f76b-0874-11f0-91a0-0242ac120002','e79e7e5d-0874-11f0-91a0-0242ac120002'),('f7b59d23-0874-11f0-91a0-0242ac120002','e79e7e81-0874-11f0-91a0-0242ac120002'),('f7b5f76b-0874-11f0-91a0-0242ac120002','e79e7e81-0874-11f0-91a0-0242ac120002'),('f7b5f8f8-0874-11f0-91a0-0242ac120002','e79e7ea4-0874-11f0-91a0-0242ac120002'),('f7b59d23-0874-11f0-91a0-0242ac120002','e79e7ec6-0874-11f0-91a0-0242ac120002'),('f7b5f76b-0874-11f0-91a0-0242ac120002','e79e7ec6-0874-11f0-91a0-0242ac120002'),('f7b59d23-0874-11f0-91a0-0242ac120002','e79e7ee9-0874-11f0-91a0-0242ac120002'),('f7b59d23-0874-11f0-91a0-0242ac120002','e79e7f0b-0874-11f0-91a0-0242ac120002'),('f7b5f76b-0874-11f0-91a0-0242ac120002','e79e7f0b-0874-11f0-91a0-0242ac120002');
/*!40000 ALTER TABLE `roles_permissions` ENABLE KEYS */;
UNLOCK TABLES;

--
-- Dumping data for table `skills`
--

LOCK TABLES `skills` WRITE;
/*!40000 ALTER TABLE `skills` DISABLE KEYS */;
/*!40000 ALTER TABLE `skills` ENABLE KEYS */;
UNLOCK TABLES;

--
-- Dumping data for table `sprint_resource`
--

LOCK TABLES `sprint_resource` WRITE;
/*!40000 ALTER TABLE `sprint_resource` DISABLE KEYS */;
/*!40000 ALTER TABLE `sprint_resource` ENABLE KEYS */;
UNLOCK TABLES;

--
-- Dumping data for table `sprints`
--

LOCK TABLES `sprints` WRITE;
/*!40000 ALTER TABLE `sprints` DISABLE KEYS */;
INSERT INTO `sprints` VALUES ('018a1ba5-dda1-4179-b73e-176e6693a371','1000005',_binary '\0',NULL,'2025-07-04 08:56:22.665524',NULL,'2025-07-04 08:56:22.665524','1000005','2025-03-14 17:00:00.000000','2025-03-04 17:00:00.000000','2025-03-01 17:00:00.000000',15,'Hiện thực chức năng sản phẩm','3d4c23db-a9f0-41d2-aa6e-5254b7f48277','<p>- Xác định các thuộc tính của sản phẩm</p><p>- 1 sản phẩm phải có 1 hoăc nhiều ảnh</p><p>- Được phép tìm kiếm sản phẩm theo nhiều tiêu chí</p><p>- Hiện thực trang danh sách sản phẩm và sản phẩm chi tiết</p>'),('06a57b77-0290-450f-8312-db22e8c21c78','1000004',_binary '\0',NULL,'2025-07-04 08:45:18.463724',NULL,'2025-07-04 08:45:18.463724','1000004','2025-05-02 17:00:00.000000','2025-04-22 17:00:00.000000','2025-04-19 17:00:00.000000',15,'Tối ưu các mẫu đã hiện thực','7271fe01-d53f-498f-9d87-2042d6f524ab','<p>- Tối ưu các mẫu đã áp dụng vào chức năng</p>'),('0a98d5b3-7a3f-4cd0-a294-b04adeccbe7c','1000005',_binary '\0',NULL,'2025-07-04 08:57:10.907838',NULL,'2025-07-04 08:57:10.907838','1000005','2025-03-21 17:00:00.000000','2025-03-16 17:00:00.000000','2025-03-15 17:00:00.000000',12,'Hiện thực chức năng giỏ hàng','3d4c23db-a9f0-41d2-aa6e-5254b7f48277','<p>- Xác định các thuộc tính của giỏ hàng</p><p>- Lưu giỏ hàng trong session</p><p>- Hiện thực chức năng thêm, xóa sản phẩm trong giỏ hàng, tăng giảm số lượng trong giỏ hàng</p>'),('0e1c0884-cd4f-4efe-85cf-ed3d6c1fce8d','1000005',_binary '\0',NULL,'2025-07-04 08:58:57.763223',NULL,'2025-07-04 08:58:57.763223','1000005','2025-03-28 17:00:00.000000','2025-03-23 17:00:00.000000','2025-03-22 17:00:00.000000',10,'Hiện thực chức mã giảm giá','3d4c23db-a9f0-41d2-aa6e-5254b7f48277','<p>- Áp dụng mã giảm giá cho đơn hàng, có giá trị tối thiểu áp dụng</p><p>- Triển khai mã giảm gía cho ngừời dùng</p>'),('20550769-da23-4d54-983e-bdcc62d80a37','1000005',_binary '\0',NULL,'2025-07-04 09:08:11.897445',NULL,'2025-07-04 09:08:11.897445','1000005','2025-05-17 17:00:00.000000','2025-05-06 17:00:00.000000','2025-05-03 17:00:00.000000',20,'Hiện thực các chức năng đặc biệt theo  từng đề tài chuyên biệt','3d4c23db-a9f0-41d2-aa6e-5254b7f48277','<p>- Xây dựng các chức năng đặc biệt dành cho đề tài</p>'),('28e4b229-c075-444e-bb7e-b2f27a9fd103','1000005',_binary '\0',NULL,'2025-07-04 08:59:50.087500',NULL,'2025-07-04 08:59:50.087500','1000005','2025-04-11 17:00:00.000000','2025-04-01 17:00:00.000000','2025-03-29 17:00:00.000000',20,'Hiện thực chức năng đơn hàng','3d4c23db-a9f0-41d2-aa6e-5254b7f48277','<p>- Lựa chọn phương thức thanh toán</p><p>- Xác định các trạng thái cần thiết cho đơn hàng, quá trình chuyển đổi trạng thái của đơn hàng từ </p><p>lúc bắt đầu đến khi thành công</p><p>- Hiện thực cách tính tiền cho sản phẩm</p><p>- Lưu thông tin người mua: họ tên, địa chỉ, số điện thoại</p><p>- Người dùng có thể xem các đơn hàng đã đặt của người dùng</p><p>- Quản lý cập nhập trạng thái đơn hàng cho quản lý</p><p>- Thông báo khi đặt hàng thành công</p>'),('2fec7291-d7dd-4835-853f-f3d8453487eb','1000001',_binary '\0',NULL,'2025-07-04 06:25:14.495539',NULL,'2025-07-04 06:25:14.495539','1000001','2025-04-18 17:00:00.000000','2025-04-07 17:00:00.000000','2025-04-04 17:00:00.000000',15,'Hiệu chỉnh và báo cáo','88e830a7-f240-4d0f-b8f3-bd08cfb69607','<p>- Hiệu chỉnh mô hình nếu có thể, thực hiện lại các yêu cầu ở sprint 3 và sprint 4</p><p>- Upload src code </p><p>- Chuẩn bị tài liệu báo cáo</p>'),('36524122-5b4b-47aa-8d46-d064c6cb28fd','1000003',_binary '\0',NULL,'2025-07-04 08:21:57.237432',NULL,'2025-07-04 08:21:57.237432','1000003','2025-02-28 17:00:00.000000','2025-02-18 17:00:00.000000','2025-02-15 17:00:00.000000',10,'Kiến thức Android cơ bản','139b821a-f5d0-49c8-9f26-da68e54d59a2','<p>- Học các kiến thức về Page, Fragment, Navigate, Animation</p><p>- Xây dựng thành phần giao diện bằng XML</p><p>- Xây dựng prototype cho các giao diện cơ bản</p><p>- Phân tích, tổ chức mã nguồn cho dự án</p>'),('4af885f3-a68c-4204-8840-2a1c179222a4','1000004',_binary '\0',NULL,'2025-07-04 08:34:14.632668',NULL,'2025-07-04 08:34:14.632668','1000004','2025-02-28 17:00:00.000000','2025-02-18 17:00:00.000000','2025-02-15 17:00:00.000000',15,'Tìm hiểu các tính chât của OOP','7271fe01-d53f-498f-9d87-2042d6f524ab','<p>- Tìm hiểu 4 tính chất OOP</p><p>- Học nguyên tắc vẽ Use Case Diagram</p><p>- Học nguyên tắc vẽ Class Diagram</p><p>- Học về khái niệm và ứng dụng của Class, Abstract, Interface, Instance</p><p>- Hiện thực các chức năng đã đề ra bằng phương pháp OOP</p>'),('4bccc8ff-e9e3-43ec-b037-a2df9987185e','1000004',_binary '\0',NULL,'2025-07-04 08:33:06.700710',NULL,'2025-07-04 08:33:06.700710','1000004','2025-02-14 17:00:00.000000','2025-02-09 17:00:00.000000','2025-02-08 17:00:00.000000',10,'Chọn đề tài và ngôn ngữ thực hiện','7271fe01-d53f-498f-9d87-2042d6f524ab','<p>- Lựa chọn đề tài </p><p>- Lựa chọn ngôn ngữ thực hiện</p><p>- Chọn các chức năng thực hiện phù hợp với đề tài và yêu cầu giảng viên</p>'),('4c814469-68fa-494a-9e93-90ccff9d6eaa','1000002',_binary '\0',NULL,'2025-07-04 08:13:41.590556',NULL,'2025-07-04 08:13:41.590556','1000002','2025-05-09 17:00:00.000000','2025-05-04 17:00:00.000000','2025-05-03 17:00:00.000000',10,'Kiểm thử và báo cáo','792e6f85-582a-4f65-a50d-e7c59cefb7b2','<p>- Kiểm thử toàn bộ ứng dụng</p><p>- Chuẩn bị usecase diagram</p><p>- Chuẩn bị ERD</p><p>- Chuẩn bị ứng dụng</p>'),('50b47ab0-c2b8-4bfd-95bf-c35023aaf198','1000001',_binary '\0',NULL,'2025-07-04 06:15:42.316107',NULL,'2025-07-04 06:23:07.244545','1000001','2025-03-19 17:00:00.000000','2025-03-08 17:00:00.000000','2025-03-05 17:00:00.000000',20,'Lựa chọn mô hình và huấn luyện','88e830a7-f240-4d0f-b8f3-bd08cfb69607','<p>- Lựa chọn mô hình (1 hoặc nhiều), ghi nhận điểm mạnh và yếu của tứng mô hình</p><p>- Lựa chọn tham số cho mô hình</p><p>- Tiến hành huấn luyện mô hình dựa trên dataset đã tiền xử lý, ghi nhận các kết quả thu được tại mỗi mô hình</p><p>- Lập các sơ đồ thống kê kết quả như confusion matrix, từ đó chọn ra mô hình thu nhận được kết quả tốt nhất</p>'),('565e13cb-7a4c-4f75-88f2-903a54ddc690','1000005',_binary '\0',NULL,'2025-07-04 08:52:37.772033',NULL,'2025-07-04 08:52:37.772033','1000005','2025-02-14 17:00:00.000000','2025-02-09 17:00:00.000000','2025-02-08 17:00:00.000000',20,'Tìm hiểu bải toán','3d4c23db-a9f0-41d2-aa6e-5254b7f48277','<p>- Chọn đề tài</p><p>- Ghi nhận các yêu cầu chung của giảng viên</p><p>- Ghi nhận các kiến thức và điểm mạnh của các thành viên</p><p>- Thiết lập khu vực lưu trữ code cho nhóm trên Github</p>'),('5d57fb7a-7aab-4264-a6cf-12fc55f5093d','1000005',_binary '\0',NULL,'2025-07-04 08:55:31.632635',NULL,'2025-07-04 08:55:31.632635','1000005','2025-02-28 17:00:00.000000','2025-02-23 17:00:00.000000','2025-02-22 17:00:00.000000',10,'Hiện thực chức năng đăng nhập,  đăng ký người dùng và phân quyền','3d4c23db-a9f0-41d2-aa6e-5254b7f48277','<p>- Ứng dụng session vào chức năng đăng nhập</p><p>- Hiện thực chức năng đăng ký</p><p>- Xác thực người dùng đã đăng ký</p><p>- Mã hóa mật khẩu</p><p>- Chặn người dùng vào môt số trang theo quyền hạn </p><p>- Phân quyền cho khách hàng và quản lý</p>'),('6765b2d6-7237-493c-848a-9a908a031b54','1000005',_binary '\0',NULL,'2025-07-04 09:01:22.854898',NULL,'2025-07-04 09:01:22.854898','1000005','2025-04-18 17:00:00.000000','2025-04-13 17:00:00.000000','2025-04-11 17:00:00.000000',5,'Hiện thực chức năng tải ảnh','3d4c23db-a9f0-41d2-aa6e-5254b7f48277','<p>- Lưu ảnh vào bộ nhớ cục bộ</p>'),('697b373f-2d73-48e9-90d4-ab516cc7d2aa','1000002',_binary '\0',NULL,'2025-07-04 08:08:17.994815',NULL,'2025-07-04 08:08:17.994815','1000002','2025-04-25 17:00:00.000000','2025-04-15 17:00:00.000000','2025-04-12 17:00:00.000000',15,'Các chức năng đặc biệt','792e6f85-582a-4f65-a50d-e7c59cefb7b2','<p>- Hiện thực các chức năng đặc biệt mà đã đề ra ở usecase</p>'),('6a01e474-92f2-440e-9cc1-c1041de2e1be','1000004',_binary '\0',NULL,'2025-07-04 08:42:22.778899',NULL,'2025-07-04 08:42:22.778899','1000004','2025-03-28 17:00:00.000000','2025-03-23 17:00:00.000000','2025-03-22 17:00:00.000000',8,'Học và ứng dụng Decorator và Iterator pattern','7271fe01-d53f-498f-9d87-2042d6f524ab','<p>- Chọn chức năng phù hợp với mẫu và hiện thực</p><p>- Ghi tài liệu</p>'),('7d0d82c4-61c6-4564-b9e0-a09ec449f54f','1000005',_binary '\0',NULL,'2025-07-04 09:03:22.602717',NULL,'2025-07-04 09:03:22.602717','1000005','2025-04-25 17:00:00.000000','2025-04-20 17:00:00.000000','2025-04-19 17:00:00.000000',10,'Bổ sung cho chức năng sản phẩm','3d4c23db-a9f0-41d2-aa6e-5254b7f48277','<p>- Bổ sung chức năng đánh giá sản phẩm đã mua cho khách hàng</p><p>- Bổ sung phần thống kê đánh giá ở trang sản phẩm chi tiết</p><p>- Xử lý trường hợp sản phẩm không tồn tại</p><p>- Xử lý lọc thông qua URL của trang danh sách sản phẩm</p>'),('8b238fa2-6e02-47b0-8343-bd97d791ae65','1000003',_binary '\0',NULL,'2025-07-04 08:28:35.394747',NULL,'2025-07-04 08:28:35.394747','1000003','2025-04-25 17:00:00.000000','2025-04-20 17:00:00.000000','2025-04-19 17:00:00.000000',10,'Chuẩn bị và báo cáo','139b821a-f5d0-49c8-9f26-da68e54d59a2','<p>- Cung cấp tài liệu (hệ thống, giới thiệu đề tài, hướng dẫn sử dụng)</p><p>- Ứng dụng đã hiện thực</p>'),('8e395f10-31a4-4e06-b450-52d7c50da7e0','1000004',_binary '\0',NULL,'2025-07-04 08:37:12.650674',NULL,'2025-07-04 08:37:21.475669','1000004','2025-03-14 17:00:00.000000','2025-03-10 17:00:00.000000','2025-03-08 17:00:00.000000',10,'Học và ứng dụng Singleton và Observer pattern','7271fe01-d53f-498f-9d87-2042d6f524ab','<p>- Chọn chức năng phù hợp với mẫu và hiện thực</p><p>- Ghi tài liệu</p>'),('94b4cde8-df2d-4241-a80a-d79fffaafd45','1000001',_binary '\0',NULL,'2025-07-04 06:13:18.718821',NULL,'2025-07-04 06:22:52.866304','1000001','2025-03-04 17:00:00.000000','2025-02-21 17:00:00.000000','2025-02-18 17:00:00.000000',20,'Xử lý Dataset','88e830a7-f240-4d0f-b8f3-bd08cfb69607','<p>- Thống kê đối với mỗi tập dataset tìm được</p><p>- Tiền xử lý dữ liệu cho từng tập dataset bằng các phương pháp, thực hiện thống kê  sau khi tiền xử lý</p><p>- Ghi nhận các kết quả vào tài liệu</p>'),('99157455-4dac-4bd4-a540-f43c0fd93145','1000004',_binary '\0',NULL,'2025-07-04 08:43:46.246538',NULL,'2025-07-04 08:43:46.246538','1000004','2025-04-04 17:00:00.000000','2025-03-30 17:00:00.000000','2025-03-29 17:00:00.000000',8,'Học và ứng dụng Template Method và Visitor pattern','7271fe01-d53f-498f-9d87-2042d6f524ab','<p>- Chọn chức năng phù hợp với mẫu và hiện thực</p><p>- Ghi tài liệu</p>'),('99d36620-1576-4e19-99fb-c132541b860f','1000002',_binary '\0',NULL,'2025-07-04 07:47:41.511143',NULL,'2025-07-04 07:47:41.511143','1000002','2025-03-07 17:00:00.000000','2025-02-26 17:00:00.000000','2025-02-23 17:00:00.000000',20,'Thiết kế','792e6f85-582a-4f65-a50d-e7c59cefb7b2','<p>- Vẽ usecase diagram</p><p>- Vẽ kiến trúc hạ tầng, nền tảng thực hiện</p><p>- Các công nghệ sử dụng, thiết lập khu vực làm việc cho nhóm</p><p>- Trình bày kế hoạch của dự án thông qua PPT</p>'),('9a767bf6-8caf-43d2-b1d2-2e00b54bd6a7','1000003',_binary '\0',NULL,'2025-07-04 08:27:06.946410',NULL,'2025-07-04 08:27:06.946410','1000003','2025-04-11 17:00:00.000000','2025-04-01 17:00:00.000000','2025-03-29 17:00:00.000000',20,'Hiện thực Admin Module','139b821a-f5d0-49c8-9f26-da68e54d59a2','<p>- Hiện thực các chức năng quản lý cho các thực thể chuyên biệt của đề tài</p><p>VD: nếu bán hàng thì phải có chức năng tạo sản phẩm, ứng dụng nghe nhạc thì phải có chức năng tải nhạc</p>'),('9ebb1a1a-bbf5-4724-9692-fd08a591164b','1000004',_binary '\0',NULL,'2025-07-04 08:47:24.326636',NULL,'2025-07-04 08:47:24.326636','1000004','2025-05-09 17:00:00.000000','2025-05-04 17:00:00.000000','2025-05-03 17:00:00.000000',10,'Kiểm thử và báo cáo','7271fe01-d53f-498f-9d87-2042d6f524ab','<p>- Tổng hợp document, có sơ đồ kiến trúc và ảnh minh họa ứng dụng các mẫu vào chức năng</p>'),('bbfc8df2-5eb2-4a78-84d1-1e65beddd6f3','1000004',_binary '\0',NULL,'2025-07-04 08:44:35.347330',NULL,'2025-07-04 08:44:35.347330','1000004','2025-04-18 17:00:00.000000','2025-04-08 17:00:00.000000','2025-04-05 17:00:00.000000',15,'Học và ứng dụng mô hình MVC trong xây dựng ứng dụng','7271fe01-d53f-498f-9d87-2042d6f524ab','<p>- Chọn chức năng phù hợp với mẫu và hiện thực</p><p>- Ghi tài liệu</p>'),('be992de1-8f5a-4c5b-8158-2d7ae3c7ab38','1000001',_binary '\0',NULL,'2025-07-04 06:24:11.400982',NULL,'2025-07-04 06:24:11.400982','1000001','2025-04-03 17:00:00.000000','2025-03-23 17:00:00.000000','2025-03-20 17:00:00.000000',15,'Ứng dụng','88e830a7-f240-4d0f-b8f3-bd08cfb69607','<p>- Xây dựng giao diện ứng dụng để sử dụng mô hình (nếu có)</p><p>- Áp dụng mô hình vào dữ liệu thực tế, ghi nhận kết quả</p>'),('bf3899c9-6e64-49cf-a56e-456b35dd0a32','1000005',_binary '\0',NULL,'2025-07-04 09:06:03.102717',NULL,'2025-07-04 09:06:03.102717','1000005','2025-05-02 17:00:00.000000','2025-04-28 17:00:00.000000','2025-04-26 17:00:00.000000',10,'Kiểm tra các vấn đề trong luồng đặt hàng','3d4c23db-a9f0-41d2-aa6e-5254b7f48277','<p>- Lưu trữ dữ liệu người mua và sản phẩm mua tại thời điểm mua</p><p>- Gửi email thông báo đơn hàng cho khách hàng</p>'),('c469d85a-a19c-4411-88ca-c0041af4f8e5','1000003',_binary '\0',NULL,'2025-07-04 08:20:18.520837',NULL,'2025-07-04 08:20:18.520837','1000003','2025-02-14 17:00:00.000000','2025-02-09 17:00:00.000000','2025-02-08 17:00:00.000000',10,'Tìm hiểu công nghệ sử dụng','139b821a-f5d0-49c8-9f26-da68e54d59a2','<p>- Nền tảng phát triển Android hoặc IOS</p><p>- Lựa chọn đề tài (có phần admin để quản lý nếu là bài toán bán hàng)</p><p>- Phân tích usecase của đề tài, liệt kê các chức năng cần thiết</p><p>- Xây dựng quy tắc làm việc cho nhóm, thiết lập Version control</p>'),('ca990a18-1ecf-4677-b4f5-ff3f9c679fe3','1000002',_binary '\0',NULL,'2025-07-04 08:12:31.161494',NULL,'2025-07-04 08:12:31.161494','1000002','2025-05-02 17:00:00.000000','2025-04-28 17:00:00.000000','2025-04-26 17:00:00.000000',15,'Hiện thực các chức năng bổ sung','792e6f85-582a-4f65-a50d-e7c59cefb7b2','<p>- Hiện thực review sản phẩm</p><p>- Điều chỉnh lại các UI của các phần đã làm</p><p>- Bổ sung các trang giới thiệu còn thiếu</p>'),('d1e3dfdf-dfac-4693-bb79-fa08d8aad9fc','1000002',_binary '\0',NULL,'2025-07-04 07:28:08.003470',NULL,'2025-07-04 07:30:36.341795','1000002','2025-02-15 17:00:00.000000','2025-02-10 17:00:00.000000','2025-02-09 17:00:00.000000',10,'Khái niệm và kiến thức liên quan','792e6f85-582a-4f65-a50d-e7c59cefb7b2','<p>- Business Model : B2C, B2B</p><p>- Keyword Business</p><p>- Business Plan</p><p>- Các kiến thức liên quan đến doanh thu, vốn.</p><p>- Các yêu cầu kỹ thuật cần thiết cho thương mại điện tử</p>'),('d7111352-035f-46fa-9d96-85812f81b0f4','1000003',_binary '\0',NULL,'2025-07-04 08:26:19.061390',NULL,'2025-07-04 08:26:19.061390','1000003','2025-03-28 17:00:00.000000','2025-03-18 17:00:00.000000','2025-03-15 17:00:00.000000',20,'Hiện thực Business Module','139b821a-f5d0-49c8-9f26-da68e54d59a2','<p>- Hiện thực các chức năng chuyên biệt theo đề tài đã chọn</p>'),('dd34ecaf-9783-4b03-b211-edc72a3e5f31','1000004',_binary '\0',NULL,'2025-07-04 08:39:43.705417',NULL,'2025-07-04 08:39:43.705417','1000004','2025-03-21 17:00:00.000000','2025-03-16 17:00:00.000000','2025-03-15 17:00:00.000000',10,'Học và ứng dụng Factory Method và Abstract Factory pattern','7271fe01-d53f-498f-9d87-2042d6f524ab','<p>- Chọn chức năng phù hợp với mẫu và hiện thực</p><p>- Ghi tài liệu</p>'),('de1a9928-7d90-4b22-9f2c-1c1977a9b1d3','1000005',_binary '\0',NULL,'2025-07-04 08:54:40.635421',NULL,'2025-07-04 08:54:40.635421','1000005','2025-02-21 17:00:00.000000','2025-02-16 17:00:00.000000','2025-02-15 17:00:00.000000',12,'Phân tích yêu cầu và chuẩn bị kiến thức','3d4c23db-a9f0-41d2-aa6e-5254b7f48277','<p>- Phân tích yêu cầu và chuẩn bị kiến thức</p><p>- Xây dựng ERD</p>'),('dea18fd8-488a-4ba4-ab67-465749cc8498','1000003',_binary '\0',NULL,'2025-07-04 08:23:12.561275',NULL,'2025-07-04 08:23:12.561275','1000003','2025-03-07 17:00:00.000000','2025-03-02 17:00:00.000000','2025-03-01 17:00:00.000000',10,'Hiện thực Auth module','139b821a-f5d0-49c8-9f26-da68e54d59a2','<p>- Chọn cách thức xác thực người dùng (session hoặc token)</p><p>- Hiện thực chức năng đăng nhập</p><p>- Hiện thực chức năng đăng ký và xác thực người dùng</p><p>- Bảo vệ các trang mà người dùng không được truy cập</p>'),('e3fcd8e9-d658-4bbe-bb8f-6bf08a593ad3','1000003',_binary '\0',NULL,'2025-07-04 08:24:11.881899',NULL,'2025-07-04 08:24:11.881899','1000003','2025-03-14 17:00:00.000000','2025-03-09 17:00:00.000000','2025-03-08 17:00:00.000000',10,'Hiện thực User Module','139b821a-f5d0-49c8-9f26-da68e54d59a2','<p>- Hiện thực cập nhập thông tin người dùng</p><p>- Hiện thực chức năng đổi mật khẩu</p>'),('eb648995-761c-42b7-9a55-2e2a8d67acae','1000002',_binary '\0',NULL,'2025-07-04 07:49:56.718423',NULL,'2025-07-04 07:49:56.718423','1000002','2025-03-14 17:00:00.000000','2025-03-10 17:00:00.000000','2025-03-08 17:00:00.000000',10,'Hiện thực chức người dùng','792e6f85-582a-4f65-a50d-e7c59cefb7b2','<p>- Đăng nhập, đăng ký, phâ quyền (tối thiểu 3 vai trò)</p><p>- Thay đổi thông tin cá nhân, avatar</p><p>- Thay đổi mật khẩu, quên mật khẩu</p><p>- Quản lý người dùng cho admin</p>'),('ed56cfbc-3019-48c5-9109-e97c30d0e4f5','1000001',_binary '\0',NULL,'2025-07-04 05:56:20.074907',NULL,'2025-07-04 06:20:13.514216','1000001','2025-02-16 17:00:00.000000','2025-02-11 17:00:00.000000','2025-02-09 17:00:00.000000',12,'Chọn đề tài và chuẩn bị','88e830a7-f240-4d0f-b8f3-bd08cfb69607','<p>- Chọn đề tài</p><p>- Xây dựng yêu cầu cần đạt đối với đề tài đã chọn</p><p>- Chuẩn bị các kiến thức cần thiết đối với các mô hình sẽ thực hiện</p><p>- Chuẩn bị không gian lưu trữ document và source code (sử dụng google collab)</p><p>- Chọn các dataset có khả năng thực thi đối với đề tài (Quan trọng)</p>'),('f19b6b33-be76-4d2b-b85d-dbd4caf3da1d','1000004',_binary '\0',NULL,'2025-07-04 08:36:13.239436',NULL,'2025-07-04 08:36:26.919322','1000004','2025-03-07 17:00:00.000000','2025-03-02 17:00:00.000000','2025-03-01 17:00:00.000000',8,'Học và ứng dụng Strategy','7271fe01-d53f-498f-9d87-2042d6f524ab','<p>- Chọn chức năng phù hợp với mẫu và hiện thực</p><p>- Ghi tài liệu</p>'),('f47550be-910c-44a4-b293-eab3ee6aca92','1000002',_binary '\0',NULL,'2025-07-04 07:52:30.935276',NULL,'2025-07-04 07:52:30.935276','1000002','2025-03-28 17:00:00.000000','2025-03-18 17:00:00.000000','2025-03-15 17:00:00.000000',20,'Hiện thực chức năng  liên quan đến sản phẩm kinh doanh','792e6f85-582a-4f65-a50d-e7c59cefb7b2','<p>- Hiển thị danh sách sản phẩm, hỗ trợ lọc theo giá, thể loại,... thông qua URL</p><p>- Xem chi tiết sản phẩm, có phần thống kê đánh giá, bình luận</p><p>- Xây dựng một số trang hiển thị sản phẩm đặc biệt như sản phẩm bán chạy, sản phẩm mới</p><p>- Quản lý sản phẩm dành cho admin</p>'),('f4b01b71-8ab6-4291-8fee-135a8f7c0d94','1000003',_binary '\0',NULL,'2025-07-04 08:27:43.280819',NULL,'2025-07-04 08:27:43.280819','1000003','2025-04-18 17:00:00.000000','2025-04-13 17:00:00.000000','2025-04-12 17:00:00.000000',10,'Kiểm thử và đóng gói','139b821a-f5d0-49c8-9f26-da68e54d59a2','<p>- Kiểm thử toàn bộ luồng chạy của ứng dụng</p><p>- Fix các lỗi liên quan đến giao diện và business nếu có</p><p>- Có thể lựa chọn đóng gói ứng dụng </p>'),('f87463f4-3d2c-49f1-9f20-a4510eb0728f','1000002',_binary '\0',NULL,'2025-07-04 07:34:14.409154',NULL,'2025-07-04 07:34:14.409154','1000002','2025-02-22 17:00:00.000000','2025-02-18 17:00:00.000000','2025-02-16 17:00:00.000000',16,'Chuẩn bị bài toán','792e6f85-582a-4f65-a50d-e7c59cefb7b2','<p>- Lựa chọn lĩnh vực kinh doanh</p><p>- Thiết kế slide thuyết trình để trình bày dự án</p><p>- Lựa chọn công nghệ và nền tảng hiện thực</p><p>- Lựa chọn chức năng, vẽ usecase diagram</p>'),('f8bdf08c-c32d-4863-86b2-44a36a756fac','1000002',_binary '\0',NULL,'2025-07-04 07:57:06.189675',NULL,'2025-07-04 07:57:06.189675','1000002','2025-04-11 17:00:00.000000','2025-04-01 17:00:00.000000','2025-03-29 17:00:00.000000',20,'Hiện thực chức năng cho đơn hành  và thanh toán','792e6f85-582a-4f65-a50d-e7c59cefb7b2','<p>- Hiện thực giỏ hàng</p><p>- Tạo đơn hàng, ghi nhận lại các thông tin người nhận và không được thay đổi</p><p>- Lấy địa chỉ tỉnh thành, có thể lựa chọn tính giá vận chuyển</p><p>- Tích hợp thanh toán của ví điện từ phổ biến</p><p>- Trang quản lý đơn hàng cho khách hàng và admin</p><p>- Admin được thay đổi trạng thái đơn hàng với các ràng buộc</p>');
/*!40000 ALTER TABLE `sprints` ENABLE KEYS */;
UNLOCK TABLES;

--
-- Dumping data for table `user_course_relation`
--

LOCK TABLES `user_course_relation` WRITE;
/*!40000 ALTER TABLE `user_course_relation` DISABLE KEYS */;
INSERT INTO `user_course_relation` VALUES (8,'a15b361c-54c1-11f0-b992-0242ac150005','29494edf-a498-48f4-85e1-e33775976468'),(5,'a15b361c-54c1-11f0-b992-0242ac150005','4527de36-9be4-4ba3-994d-f6276f6c67c0'),(5,'a15b361c-54c1-11f0-b992-0242ac150005','877fd8ab-c4ee-4109-812c-965f17c590f1'),(8,'a15b37e6-54c1-11f0-b992-0242ac150005','29494edf-a498-48f4-85e1-e33775976468'),(10,'a15b37e6-54c1-11f0-b992-0242ac150005','4527de36-9be4-4ba3-994d-f6276f6c67c0'),(5,'a15b37e6-54c1-11f0-b992-0242ac150005','877fd8ab-c4ee-4109-812c-965f17c590f1'),(8,'a15b3924-54c1-11f0-b992-0242ac150005','29494edf-a498-48f4-85e1-e33775976468'),(10,'a15b3924-54c1-11f0-b992-0242ac150005','4527de36-9be4-4ba3-994d-f6276f6c67c0'),(5,'a15b3924-54c1-11f0-b992-0242ac150005','877fd8ab-c4ee-4109-812c-965f17c590f1'),(8,'a15b3aa2-54c1-11f0-b992-0242ac150005','29494edf-a498-48f4-85e1-e33775976468'),(8,'a15b3bbe-54c1-11f0-b992-0242ac150005','29494edf-a498-48f4-85e1-e33775976468');
/*!40000 ALTER TABLE `user_course_relation` ENABLE KEYS */;
UNLOCK TABLES;

--
-- Dumping data for table `users`
--

LOCK TABLES `users` WRITE;
/*!40000 ALTER TABLE `users` DISABLE KEYS */;
INSERT INTO `users` VALUES ('0efffdb4-b730-4f32-b930-79dddc45554a','anonymousUser',_binary '\0',NULL,'2025-05-16 17:24:12.065055',NULL,'2025-05-16 17:24:12.065055','anonymousUser',NULL,'21130319@st.hcmuaf.edu.vn','Trịnh Trần Sỹ Đông','$2a$10$DNl5D7ZxuJt9LK.BOUpOM.ncezCBHlAuvnYjA7QM7iD6QZON05/fG','21130319',NULL,'f7b5f96a-0874-11f0-91a0-0242ac120002',NULL),('17194877-c523-475f-9bf6-e627293e916f','anonymousUser',_binary '\0',NULL,'2025-05-16 17:24:05.626550',NULL,'2025-05-16 17:24:05.626550','anonymousUser',NULL,'21130416@st.hcmuaf.edu.vn','Nguyễn Đình Lam','$2a$10$t0/3uSnsZPimOVrlCyaNv.v5AHMkhgeIwrqczDHsl6OZnqjrjy3R2','21130416',NULL,'f7b5f96a-0874-11f0-91a0-0242ac120002',NULL),('29494edf-a498-48f4-85e1-e33775976468','anonymousUser',_binary '\0',NULL,'2025-05-16 17:23:55.186752',NULL,'2025-05-16 17:23:55.186752','anonymousUser',NULL,'21130320@st.hcmuaf.edu.vn','Lê Anh Đức','$2a$10$XxxPvMRDzV97FhiKmwndK.KtzC2IkKctcyHyaiLPcwMaBx3Hq7.kO','21130320',NULL,'f7b5f96a-0874-11f0-91a0-0242ac120002',NULL),('4527de36-9be4-4ba3-994d-f6276f6c67c0','anonymousUser',_binary '\0',NULL,'2025-05-16 17:24:08.710758',NULL,'2025-05-16 17:24:08.710758','anonymousUser',NULL,'21130451@st.hcmuaf.edu.vn','Nguyễn Thị Chúc Ngân','$2a$10$VgI0tSaQkpfENMt8/sHZpuZwqf2eQrICMgR1gs2LR1iS9ujbEm60O','21130451',NULL,'f7b5f96a-0874-11f0-91a0-0242ac120002',NULL),('56ecb8b8-6a8a-471a-826f-3a827025e524','anonymousUser',_binary '\0',NULL,'2025-05-16 17:24:02.373895',NULL,'2025-05-16 17:24:02.373895','anonymousUser',NULL,'21130444@st.hcmuaf.edu.vn','Dư Thành Minh','$2a$10$EM9iJr/mN3l5.6cE2HLd3ep/0bG0qygrF6ohrQt4yDJDLngKmqu7e','21130444',NULL,'f7b5f96a-0874-11f0-91a0-0242ac120002',NULL),('7cc9eb1e-b051-4fc4-9b5d-0dd423b9b723','anonymousUser',_binary '\0',NULL,'2025-05-16 17:25:20.208985',NULL,'2025-05-16 17:25:20.208985','anonymousUser',NULL,'21130509@st.hcmuaf.edu.vn','Liêu Thị Diễm Quỳnh','$2a$10$b7ZcqZmkOPMzW5MUD3nNXOJLb5rszwtQk7PJWW4hD.xadYzu0EpfK','21130509',NULL,'f7b5f96a-0874-11f0-91a0-0242ac120002',NULL),('877fd8ab-c4ee-4109-812c-965f17c590f1','anonymousUser',_binary '\0',NULL,'2025-05-16 17:23:52.043537',NULL,'2025-05-16 17:23:52.043537','anonymousUser',NULL,'21130601@st.hcmuaf.edu.vn','Nguyễn Quốc Anh Tuấn','$2a$10$o8SfLM1hVYXh6IIUNX3oLuCjNGxun/7.lfB2C2v9TGfPvEjlqggHy','21130601',NULL,'f7b5f96a-0874-11f0-91a0-0242ac120002',NULL),('aece6254-3942-4a02-be99-782106eb4a52','anonymousUser',_binary '\0',NULL,'2025-05-16 17:25:39.101283',NULL,'2025-05-16 17:25:39.101283','anonymousUser',NULL,'21130612@st.hcmuaf.edu.vn','Lưu Nguyễn Thanh Vũ','$2a$10$I29SwBW0cTVrkbq2jPTuuOLSw2TOiAQJwcOrqnpLqfh1q5.tMR3cO','21130612',NULL,'f7b5f96a-0874-11f0-91a0-0242ac120002',NULL),('cf1781cc-fd98-477f-8fb9-da0b45544521','anonymousUser',_binary '\0',NULL,'2025-05-16 17:25:33.799171',NULL,'2025-05-16 17:25:33.799171','anonymousUser',NULL,'21130219@st.hcmuaf.edu.vn','Nguyễn Thanh Bình','$2a$10$QFxGImjEJ1qh0M7gdzQw1.JerVu2QIaZvJPYkbtmODp.g.1LkK/Wi','21130219',NULL,'f7b5f96a-0874-11f0-91a0-0242ac120002',NULL),('d1aca7d1-1754-4931-a600-e6d30953b632','anonymousUser',_binary '\0',NULL,'2025-05-16 17:25:26.366459',NULL,'2025-05-16 17:25:26.366459','anonymousUser',NULL,'21130363@st.hcmuaf.edu.vn','Võ Phi Hoàng','$2a$10$q7DFXqtw8tWh9.OnT6K48.sWUE.z0IJSLDkzeSN26nC2OGJbqhkG6','21130363',NULL,'f7b5f96a-0874-11f0-91a0-0242ac120002',NULL),('d22a81b9-1297-4971-a5b1-2ea027e0fa8d','anonymousUser',_binary '\0',NULL,'2025-05-16 17:23:58.183961',NULL,'2025-05-16 17:23:58.183961','anonymousUser',NULL,'21130304@st.hcmuaf.edu.vn','Phạm Đức Đại','$2a$10$HRjLg5LeyevUyYk0VSCsc.SU5a8Ys9aixhbh55/IEDYY3rNtU2c3a','21130175',NULL,'f7b5f96a-0874-11f0-91a0-0242ac120002',NULL),('f3ee7d4d-d82b-45d8-8c46-6756b1b6ea69','anonymousUser',_binary '\0',NULL,'2025-05-16 17:23:42.614644',NULL,'2025-05-16 17:23:42.614644','anonymousUser',NULL,'lab.dunguyen@gmail.com','Nguyễn Văn Dũ','$2a$10$eM9DFOftkDiJ8WK/1iIlwOfwF188DliSt07dimOkE4SFpf1Vc4Yxe','1000001',NULL,'f7b5f76b-0874-11f0-91a0-0242ac120002',NULL),('f3ee7d4d-d82b-45d8-8c46-6756b1b6ea79','anonymousUser',_binary '\0',NULL,'2025-05-16 17:23:42.614644',NULL,'2025-05-16 17:23:42.614644','anonymousUser',NULL,'haichau.khuong@gmail.com','Khương Hải Châu','$2a$10$eM9DFOftkDiJ8WK/1iIlwOfwF188DliSt07dimOkE4SFpf1Vc4Yxe','1000002',NULL,'f7b5f76b-0874-11f0-91a0-0242ac120002',NULL),('f3ee7d4d-d82b-45d8-8c46-6756b1b6ea81','anonymousUser',_binary '\0',NULL,'2025-05-16 17:23:42.614644',NULL,'2025-05-16 17:23:42.614644','anonymousUser',NULL,'vttoan@hcmuaf.edu.vn','Võ Tấn Toàn','$2a$10$eM9DFOftkDiJ8WK/1iIlwOfwF188DliSt07dimOkE4SFpf1Vc4Yxe','1000003',NULL,'f7b5f76b-0874-11f0-91a0-0242ac120002',NULL),('f3ee7d4d-d82b-45d8-8c46-6756b1b6ea87','anonymousUser',_binary '\0',NULL,'2025-05-16 17:23:42.614644',NULL,'2025-05-16 17:23:42.614644','anonymousUser',NULL,'ntptram@hcmuaf.edu.vn','Nguyễn Thị Phương Trâm ','$2a$10$eM9DFOftkDiJ8WK/1iIlwOfwF188DliSt07dimOkE4SFpf1Vc4Yxe','1000004',NULL,'f7b5f76b-0874-11f0-91a0-0242ac120002',NULL),('f3ee7d4d-d82b-45d8-8c46-6756b1b6ea88','anonymousUser',_binary '\0',NULL,'2025-05-16 17:23:42.614644',NULL,'2025-05-16 17:23:42.614644','anonymousUser',NULL,'21130171@st.hcmuaf.edu.vn','Đặng Minh Tấn ','$2a$10$eM9DFOftkDiJ8WK/1iIlwOfwF188DliSt07dimOkE4SFpf1Vc4Yxe','21130171',NULL,'f7b5f76b-0874-11f0-91a0-0242ac120002',NULL),('f3ee7d4d-d82b-45d8-8c46-6756b1b6ea89','anonymousUser',_binary '\0',NULL,'2025-05-16 17:23:42.614644',NULL,'2025-05-16 17:23:42.614644','anonymousUser',NULL,'phandinhlong@hcmuaf.edu.vn','Phan Đình Long','$2a$10$eM9DFOftkDiJ8WK/1iIlwOfwF188DliSt07dimOkE4SFpf1Vc4Yxe','1000005',NULL,'f7b5f76b-0874-11f0-91a0-0242ac120002',NULL);
/*!40000 ALTER TABLE `users` ENABLE KEYS */;
UNLOCK TABLES;

--
-- Dumping data for table `workspaces`
--

LOCK TABLES `workspaces` WRITE;
/*!40000 ALTER TABLE `workspaces` DISABLE KEYS */;
INSERT INTO `workspaces` VALUES ('139b821a-f5d0-49c8-9f26-da68e54d59a2','1000003',_binary '\0',NULL,'2025-07-04 08:16:02.078012',NULL,'2025-07-04 08:16:02.078012','1000003','<p>- Có các kiến thức cơ bản về lập trình thiết bị di động nói chung và android nói riêng</p><p>- Các kỹ thuật xây dựng giao diện băng XML, các mẫu thiết kế cho android</p><p>- Xây dựng ứng dung với các API của hệ điều hành thuộc Android bằng ngôn ngữ Java</p>','2025-04-25 17:00:00.000000','Thực tập Lập trình trên Thiết bị di động','2025-02-08 17:00:00.000000','f3ee7d4d-d82b-45d8-8c46-6756b1b6ea81','a15b3c2e-54c1-11f0-b992-0242ac150005'),('3d4c23db-a9f0-41d2-aa6e-5254b7f48277','1000005',_binary '\0',NULL,'2025-07-04 08:50:29.504689',NULL,'2025-07-04 08:50:29.504689','1000005','<p>- Xây dựng các ứng dụng web-based dựa trên 2 công nghệ Servlet và JSP trong J2EE framework</p><p>- Bộ thẻ JSTL, giúp cải tiến code cho các trang JSP</p><p>- Mô hình MVC, kết hợp 2 công nghệ Servlet và JSP</p><p>- Hiện thực các chức năng cơ bản đối với website bán hàng, các chức năng nghiệp vụ đối với các bài toàn khác nhau</p>','2025-05-14 17:00:00.000000','Thực tập Lập trình WEB','2025-03-08 17:00:00.000000','f3ee7d4d-d82b-45d8-8c46-6756b1b6ea89','a15b3bbe-54c1-11f0-b992-0242ac150005'),('7271fe01-d53f-498f-9d87-2042d6f524ab','1000004',_binary '\0',NULL,'2025-07-04 08:30:52.051959',NULL,'2025-07-04 08:30:52.051959','1000004','<p>- Nắm được 4 nguyên tắc chính trong OOP</p><p>- Hiểu biết cơ bản về 12 mẫu thiết kế và mô hình MVC trong phát triển ứng dụng</p><p>- Có khả năng ứng dụng mẫu vào ứng dụng</p><p>- Có khả năng thiết kế Class diagram và kết hợp nhiều mẫu thiết kế với nhau</p>','2025-05-09 17:00:00.000000','Thiêt kế hướng đối tượng','2025-02-08 17:00:00.000000','f3ee7d4d-d82b-45d8-8c46-6756b1b6ea87','a15b3a4e-54c1-11f0-b992-0242ac150005'),('792e6f85-582a-4f65-a50d-e7c59cefb7b2','1000002',_binary '\0',NULL,'2025-07-04 06:32:20.288462',NULL,'2025-07-04 06:32:20.288462','1000002','<p>- Có các kiến thức cơ bản về Website thương mại điện từ</p><p>- Hiểu biết về các khái niệm, kỹ thuật và mô hình mà các sàn thương mại điện tử hiện nay đang áp dụng</p><p>- Kiến thức để tự lên kế hoạch cho quá trinh xây dựng thương mại điện tử</p><p>- Sản phẩm website thương mại điện tử</p>','2025-04-26 17:00:00.000000','Thương mại điện tử','2025-02-09 17:00:00.000000','f3ee7d4d-d82b-45d8-8c46-6756b1b6ea79','a15b5475-54c1-11f0-b992-0242ac150005'),('88e830a7-f240-4d0f-b8f3-bd08cfb69607','1000001',_binary '\0',NULL,'2025-07-04 04:55:18.335657',NULL,'2025-07-04 04:55:18.335657','1000001','<p>- Có kiến thức cơ bản về Machine Learning chung</p><p>- Hiểu biết cơ bản về các mô hình phổ biến như SVM, CNN, Logistic Regression, Linear Regression</p><p>- Phân loại được các bài toán liên quan Machine Learning như dự đoán, phân loại, học tăng cường</p><p>- Có khả năng đánh giá được mô hình theo nhiều khía cạnh</p><p>- Hiểu biết về quy trình giải quyết bài toán liên quan đến Machine Learning</p><p>- Có khả năng xử dụng ngôn ngữ Python để xử dụng các thư viện cho việc xử lý dữ liệu và sử dụng mô hình Machine Learning</p>','2025-04-19 17:00:00.000000','Machine Learning','2025-02-09 17:00:00.000000','f3ee7d4d-d82b-45d8-8c46-6756b1b6ea69','a15b3eee-54c1-11f0-b992-0242ac150005');
/*!40000 ALTER TABLE `workspaces` ENABLE KEYS */;
UNLOCK TABLES;

--
-- Dumping data for table `workspaces_users_projects`
--

LOCK TABLES `workspaces_users_projects` WRITE;
/*!40000 ALTER TABLE `workspaces_users_projects` DISABLE KEYS */;
INSERT INTO `workspaces_users_projects` VALUES (_binary '','0efffdb4-b730-4f32-b930-79dddc45554a','139b821a-f5d0-49c8-9f26-da68e54d59a2','821a94e2-eccb-4704-a2d6-2bd63068469a','f7b5f96a-0874-11f0-91a0-0242ac120011',_binary '\0'),(_binary '','0efffdb4-b730-4f32-b930-79dddc45554a','3d4c23db-a9f0-41d2-aa6e-5254b7f48277','caf9e00b-e1c5-4b0f-9c49-2eac892a327e','f7b5f96a-0874-11f0-91a0-0242ac120011',_binary '\0'),(_binary '','0efffdb4-b730-4f32-b930-79dddc45554a','7271fe01-d53f-498f-9d87-2042d6f524ab','7d783967-3144-4c76-ae91-0bcb3ebab45b','f7b5f96a-0874-11f0-91a0-0242ac120011',_binary '\0'),(_binary '','0efffdb4-b730-4f32-b930-79dddc45554a','792e6f85-582a-4f65-a50d-e7c59cefb7b2','f38f59b8-297c-4dfb-886d-e6ff1c87545f','f7b5f96a-0874-11f0-91a0-0242ac120011',_binary '\0'),(_binary '','0efffdb4-b730-4f32-b930-79dddc45554a','88e830a7-f240-4d0f-b8f3-bd08cfb69607','66fb3db5-3f1f-41b6-9ee9-c7c01a801de8','f7b5f96a-0874-11f0-91a0-0242ac120011',_binary '\0'),(_binary '','17194877-c523-475f-9bf6-e627293e916f','139b821a-f5d0-49c8-9f26-da68e54d59a2','821a94e2-eccb-4704-a2d6-2bd63068469a','f7b5f96a-0874-11f0-91a0-0242ac120011',_binary '\0'),(_binary '','17194877-c523-475f-9bf6-e627293e916f','3d4c23db-a9f0-41d2-aa6e-5254b7f48277','caf9e00b-e1c5-4b0f-9c49-2eac892a327e','f7b5f96a-0874-11f0-91a0-0242ac120011',_binary '\0'),(_binary '','17194877-c523-475f-9bf6-e627293e916f','7271fe01-d53f-498f-9d87-2042d6f524ab','7d783967-3144-4c76-ae91-0bcb3ebab45b','f7b5f96a-0874-11f0-91a0-0242ac120011',_binary '\0'),(_binary '','17194877-c523-475f-9bf6-e627293e916f','792e6f85-582a-4f65-a50d-e7c59cefb7b2','f38f59b8-297c-4dfb-886d-e6ff1c87545f','f7b5f96a-0874-11f0-91a0-0242ac120011',_binary '\0'),(_binary '','17194877-c523-475f-9bf6-e627293e916f','88e830a7-f240-4d0f-b8f3-bd08cfb69607','66fb3db5-3f1f-41b6-9ee9-c7c01a801de8','f7b5f96a-0874-11f0-91a0-0242ac120011',_binary '\0'),(_binary '','29494edf-a498-48f4-85e1-e33775976468','139b821a-f5d0-49c8-9f26-da68e54d59a2','821a94e2-eccb-4704-a2d6-2bd63068469a','f7b5f8f8-0874-11f0-91a0-0242ac120002',_binary '\0'),(_binary '','29494edf-a498-48f4-85e1-e33775976468','3d4c23db-a9f0-41d2-aa6e-5254b7f48277','caf9e00b-e1c5-4b0f-9c49-2eac892a327e','f7b5f8f8-0874-11f0-91a0-0242ac120002',_binary '\0'),(_binary '','29494edf-a498-48f4-85e1-e33775976468','7271fe01-d53f-498f-9d87-2042d6f524ab','7d783967-3144-4c76-ae91-0bcb3ebab45b','f7b5f8f8-0874-11f0-91a0-0242ac120002',_binary '\0'),(_binary '','29494edf-a498-48f4-85e1-e33775976468','792e6f85-582a-4f65-a50d-e7c59cefb7b2','f38f59b8-297c-4dfb-886d-e6ff1c87545f','f7b5f8f8-0874-11f0-91a0-0242ac120002',_binary '\0'),(_binary '','29494edf-a498-48f4-85e1-e33775976468','88e830a7-f240-4d0f-b8f3-bd08cfb69607','66fb3db5-3f1f-41b6-9ee9-c7c01a801de8','f7b5f8f8-0874-11f0-91a0-0242ac120002',_binary '\0'),(_binary '','4527de36-9be4-4ba3-994d-f6276f6c67c0','139b821a-f5d0-49c8-9f26-da68e54d59a2','a07e9b37-4131-49bc-9b4a-f341ceb75e3c','f7b5f8f8-0874-11f0-91a0-0242ac120002',_binary '\0'),(_binary '','4527de36-9be4-4ba3-994d-f6276f6c67c0','3d4c23db-a9f0-41d2-aa6e-5254b7f48277','8f109a77-484b-4f39-a076-6b2a44b8137a','f7b5f8f8-0874-11f0-91a0-0242ac120002',_binary '\0'),(_binary '','4527de36-9be4-4ba3-994d-f6276f6c67c0','7271fe01-d53f-498f-9d87-2042d6f524ab','eb2cff67-6672-4ad6-8b2f-829a547c2595','f7b5f8f8-0874-11f0-91a0-0242ac120002',_binary '\0'),(_binary '','4527de36-9be4-4ba3-994d-f6276f6c67c0','792e6f85-582a-4f65-a50d-e7c59cefb7b2','9d8280d3-4095-4b0a-a51d-df8cabea7248','f7b5f8f8-0874-11f0-91a0-0242ac120002',_binary '\0'),(_binary '','4527de36-9be4-4ba3-994d-f6276f6c67c0','88e830a7-f240-4d0f-b8f3-bd08cfb69607','5090ec43-8787-4d26-8bc2-7c760a4d93ff','f7b5f8f8-0874-11f0-91a0-0242ac120002',_binary '\0'),(_binary '','56ecb8b8-6a8a-471a-826f-3a827025e524','139b821a-f5d0-49c8-9f26-da68e54d59a2','a07e9b37-4131-49bc-9b4a-f341ceb75e3c','f7b5f96a-0874-11f0-91a0-0242ac120011',_binary '\0'),(_binary '','56ecb8b8-6a8a-471a-826f-3a827025e524','3d4c23db-a9f0-41d2-aa6e-5254b7f48277','8f109a77-484b-4f39-a076-6b2a44b8137a','f7b5f96a-0874-11f0-91a0-0242ac120011',_binary '\0'),(_binary '','56ecb8b8-6a8a-471a-826f-3a827025e524','7271fe01-d53f-498f-9d87-2042d6f524ab','eb2cff67-6672-4ad6-8b2f-829a547c2595','f7b5f96a-0874-11f0-91a0-0242ac120011',_binary '\0'),(_binary '','56ecb8b8-6a8a-471a-826f-3a827025e524','792e6f85-582a-4f65-a50d-e7c59cefb7b2','9d8280d3-4095-4b0a-a51d-df8cabea7248','f7b5f96a-0874-11f0-91a0-0242ac120011',_binary '\0'),(_binary '','56ecb8b8-6a8a-471a-826f-3a827025e524','88e830a7-f240-4d0f-b8f3-bd08cfb69607','5090ec43-8787-4d26-8bc2-7c760a4d93ff','f7b5f96a-0874-11f0-91a0-0242ac120011',_binary '\0'),(_binary '','7cc9eb1e-b051-4fc4-9b5d-0dd423b9b723','139b821a-f5d0-49c8-9f26-da68e54d59a2','a07e9b37-4131-49bc-9b4a-f341ceb75e3c','f7b5f96a-0874-11f0-91a0-0242ac120011',_binary '\0'),(_binary '','7cc9eb1e-b051-4fc4-9b5d-0dd423b9b723','3d4c23db-a9f0-41d2-aa6e-5254b7f48277','8f109a77-484b-4f39-a076-6b2a44b8137a','f7b5f96a-0874-11f0-91a0-0242ac120011',_binary '\0'),(_binary '','7cc9eb1e-b051-4fc4-9b5d-0dd423b9b723','7271fe01-d53f-498f-9d87-2042d6f524ab','eb2cff67-6672-4ad6-8b2f-829a547c2595','f7b5f96a-0874-11f0-91a0-0242ac120011',_binary '\0'),(_binary '','7cc9eb1e-b051-4fc4-9b5d-0dd423b9b723','792e6f85-582a-4f65-a50d-e7c59cefb7b2','9d8280d3-4095-4b0a-a51d-df8cabea7248','f7b5f96a-0874-11f0-91a0-0242ac120011',_binary '\0'),(_binary '','7cc9eb1e-b051-4fc4-9b5d-0dd423b9b723','88e830a7-f240-4d0f-b8f3-bd08cfb69607','5090ec43-8787-4d26-8bc2-7c760a4d93ff','f7b5f96a-0874-11f0-91a0-0242ac120011',_binary '\0'),(_binary '','877fd8ab-c4ee-4109-812c-965f17c590f1','139b821a-f5d0-49c8-9f26-da68e54d59a2','44a9f8f3-f606-4e67-bd4e-60565f542204','f7b5f8f8-0874-11f0-91a0-0242ac120002',_binary '\0'),(_binary '','877fd8ab-c4ee-4109-812c-965f17c590f1','3d4c23db-a9f0-41d2-aa6e-5254b7f48277','f5dbc1df-3827-4a90-b9fb-8e1e5736c8c9','f7b5f8f8-0874-11f0-91a0-0242ac120002',_binary '\0'),(_binary '','877fd8ab-c4ee-4109-812c-965f17c590f1','7271fe01-d53f-498f-9d87-2042d6f524ab','9b798a7c-1d24-47c0-9795-ddad74ba510c','f7b5f8f8-0874-11f0-91a0-0242ac120002',_binary '\0'),(_binary '','877fd8ab-c4ee-4109-812c-965f17c590f1','792e6f85-582a-4f65-a50d-e7c59cefb7b2','eb7eb335-236d-47f6-82b6-7ae51d847898','f7b5f8f8-0874-11f0-91a0-0242ac120002',_binary '\0'),(_binary '','877fd8ab-c4ee-4109-812c-965f17c590f1','88e830a7-f240-4d0f-b8f3-bd08cfb69607','110a66d2-e995-4219-8bae-7f67a62f2702','f7b5f8f8-0874-11f0-91a0-0242ac120002',_binary '\0'),(_binary '','aece6254-3942-4a02-be99-782106eb4a52','139b821a-f5d0-49c8-9f26-da68e54d59a2','44a9f8f3-f606-4e67-bd4e-60565f542204','f7b5f96a-0874-11f0-91a0-0242ac120011',_binary '\0'),(_binary '','aece6254-3942-4a02-be99-782106eb4a52','3d4c23db-a9f0-41d2-aa6e-5254b7f48277','f5dbc1df-3827-4a90-b9fb-8e1e5736c8c9','f7b5f96a-0874-11f0-91a0-0242ac120011',_binary '\0'),(_binary '','aece6254-3942-4a02-be99-782106eb4a52','7271fe01-d53f-498f-9d87-2042d6f524ab','9b798a7c-1d24-47c0-9795-ddad74ba510c','f7b5f96a-0874-11f0-91a0-0242ac120011',_binary '\0'),(_binary '','aece6254-3942-4a02-be99-782106eb4a52','792e6f85-582a-4f65-a50d-e7c59cefb7b2','eb7eb335-236d-47f6-82b6-7ae51d847898','f7b5f96a-0874-11f0-91a0-0242ac120011',_binary '\0'),(_binary '','aece6254-3942-4a02-be99-782106eb4a52','88e830a7-f240-4d0f-b8f3-bd08cfb69607','110a66d2-e995-4219-8bae-7f67a62f2702','f7b5f96a-0874-11f0-91a0-0242ac120011',_binary '\0'),(_binary '','cf1781cc-fd98-477f-8fb9-da0b45544521','139b821a-f5d0-49c8-9f26-da68e54d59a2','44a9f8f3-f606-4e67-bd4e-60565f542204','f7b5f96a-0874-11f0-91a0-0242ac120011',_binary '\0'),(_binary '','cf1781cc-fd98-477f-8fb9-da0b45544521','3d4c23db-a9f0-41d2-aa6e-5254b7f48277','f5dbc1df-3827-4a90-b9fb-8e1e5736c8c9','f7b5f96a-0874-11f0-91a0-0242ac120011',_binary '\0'),(_binary '','cf1781cc-fd98-477f-8fb9-da0b45544521','7271fe01-d53f-498f-9d87-2042d6f524ab','9b798a7c-1d24-47c0-9795-ddad74ba510c','f7b5f96a-0874-11f0-91a0-0242ac120011',_binary '\0'),(_binary '','cf1781cc-fd98-477f-8fb9-da0b45544521','792e6f85-582a-4f65-a50d-e7c59cefb7b2','eb7eb335-236d-47f6-82b6-7ae51d847898','f7b5f96a-0874-11f0-91a0-0242ac120011',_binary '\0'),(_binary '','cf1781cc-fd98-477f-8fb9-da0b45544521','88e830a7-f240-4d0f-b8f3-bd08cfb69607','110a66d2-e995-4219-8bae-7f67a62f2702','f7b5f96a-0874-11f0-91a0-0242ac120011',_binary '\0'),(_binary '','d1aca7d1-1754-4931-a600-e6d30953b632','139b821a-f5d0-49c8-9f26-da68e54d59a2','da74a26f-8184-4270-b594-cb1a11fdcb78','f7b5f8f8-0874-11f0-91a0-0242ac120002',_binary '\0'),(_binary '','d1aca7d1-1754-4931-a600-e6d30953b632','3d4c23db-a9f0-41d2-aa6e-5254b7f48277','3bff699d-9121-413b-8896-49b00f0952a3','f7b5f8f8-0874-11f0-91a0-0242ac120002',_binary '\0'),(_binary '','d1aca7d1-1754-4931-a600-e6d30953b632','7271fe01-d53f-498f-9d87-2042d6f524ab','6b81a458-f76b-45dc-8a8c-c06876ac9d1b','f7b5f8f8-0874-11f0-91a0-0242ac120002',_binary '\0'),(_binary '','d1aca7d1-1754-4931-a600-e6d30953b632','792e6f85-582a-4f65-a50d-e7c59cefb7b2','e56aedc9-6a5d-4a11-b77a-8f5dcc208469','f7b5f8f8-0874-11f0-91a0-0242ac120002',_binary '\0'),(_binary '','d1aca7d1-1754-4931-a600-e6d30953b632','88e830a7-f240-4d0f-b8f3-bd08cfb69607','e46adbb0-d8c4-49e3-8903-975ab6d818f5','f7b5f8f8-0874-11f0-91a0-0242ac120002',_binary '\0'),(_binary '','d22a81b9-1297-4971-a5b1-2ea027e0fa8d','139b821a-f5d0-49c8-9f26-da68e54d59a2','da74a26f-8184-4270-b594-cb1a11fdcb78','f7b5f96a-0874-11f0-91a0-0242ac120011',_binary '\0'),(_binary '','d22a81b9-1297-4971-a5b1-2ea027e0fa8d','3d4c23db-a9f0-41d2-aa6e-5254b7f48277','3bff699d-9121-413b-8896-49b00f0952a3','f7b5f96a-0874-11f0-91a0-0242ac120011',_binary '\0'),(_binary '','d22a81b9-1297-4971-a5b1-2ea027e0fa8d','7271fe01-d53f-498f-9d87-2042d6f524ab','6b81a458-f76b-45dc-8a8c-c06876ac9d1b','f7b5f96a-0874-11f0-91a0-0242ac120011',_binary '\0'),(_binary '','d22a81b9-1297-4971-a5b1-2ea027e0fa8d','792e6f85-582a-4f65-a50d-e7c59cefb7b2','e56aedc9-6a5d-4a11-b77a-8f5dcc208469','f7b5f96a-0874-11f0-91a0-0242ac120011',_binary '\0'),(_binary '','d22a81b9-1297-4971-a5b1-2ea027e0fa8d','88e830a7-f240-4d0f-b8f3-bd08cfb69607','110a66d2-e995-4219-8bae-7f67a62f2702','f7b5f96a-0874-11f0-91a0-0242ac120011',_binary '\0'),(_binary '','f3ee7d4d-d82b-45d8-8c46-6756b1b6ea88','139b821a-f5d0-49c8-9f26-da68e54d59a2','da74a26f-8184-4270-b594-cb1a11fdcb78','f7b5f96a-0874-11f0-91a0-0242ac120011',_binary '\0'),(_binary '','f3ee7d4d-d82b-45d8-8c46-6756b1b6ea88','3d4c23db-a9f0-41d2-aa6e-5254b7f48277','3bff699d-9121-413b-8896-49b00f0952a3','f7b5f96a-0874-11f0-91a0-0242ac120011',_binary '\0'),(_binary '','f3ee7d4d-d82b-45d8-8c46-6756b1b6ea88','7271fe01-d53f-498f-9d87-2042d6f524ab','6b81a458-f76b-45dc-8a8c-c06876ac9d1b','f7b5f96a-0874-11f0-91a0-0242ac120011',_binary '\0'),(_binary '','f3ee7d4d-d82b-45d8-8c46-6756b1b6ea88','792e6f85-582a-4f65-a50d-e7c59cefb7b2','e56aedc9-6a5d-4a11-b77a-8f5dcc208469','f7b5f96a-0874-11f0-91a0-0242ac120011',_binary '\0'),(_binary '','f3ee7d4d-d82b-45d8-8c46-6756b1b6ea88','88e830a7-f240-4d0f-b8f3-bd08cfb69607','110a66d2-e995-4219-8bae-7f67a62f2702','f7b5f96a-0874-11f0-91a0-0242ac120011',_binary '\0');
/*!40000 ALTER TABLE `workspaces_users_projects` ENABLE KEYS */;
UNLOCK TABLES;
/*!40103 SET TIME_ZONE=@OLD_TIME_ZONE */;

/*!40101 SET SQL_MODE=@OLD_SQL_MODE */;
/*!40014 SET FOREIGN_KEY_CHECKS=@OLD_FOREIGN_KEY_CHECKS */;
/*!40014 SET UNIQUE_CHECKS=@OLD_UNIQUE_CHECKS */;
/*!40101 SET CHARACTER_SET_CLIENT=@OLD_CHARACTER_SET_CLIENT */;
/*!40101 SET CHARACTER_SET_RESULTS=@OLD_CHARACTER_SET_RESULTS */;
/*!40101 SET COLLATION_CONNECTION=@OLD_COLLATION_CONNECTION */;
/*!40111 SET SQL_NOTES=@OLD_SQL_NOTES */;

-- Dump completed on 2025-07-08  7:27:56
