-- MySQL dump 10.13  Distrib 8.0.42, for Linux (x86_64)
--
-- Host: 127.0.0.1    Database: kltn
-- ------------------------------------------------------
-- Server version	8.0.42

/*!40101 SET @OLD_CHARACTER_SET_CLIENT=@@CHARACTER_SET_CLIENT */;
/*!40101 SET @OLD_CHARACTER_SET_RESULTS=@@CHARACTER_SET_RESULTS */;
/*!40101 SET @OLD_COLLATION_CONNECTION=@@COLLATION_CONNECTION */;
/*!50503 SET NAMES utf8mb4 */;
/*!40103 SET @OLD_TIME_ZONE=@@TIME_ZONE */;
/*!40103 SET TIME_ZONE='+00:00' */;
/*!40014 SET @OLD_UNIQUE_CHECKS=@@UNIQUE_CHECKS, UNIQUE_CHECKS=0 */;
/*!40014 SET @OLD_FOREIGN_KEY_CHECKS=@@FOREIGN_KEY_CHECKS, FOREIGN_KEY_CHECKS=0 */;
/*!40101 SET @OLD_SQL_MODE=@@SQL_MODE, SQL_MODE='NO_AUTO_VALUE_ON_ZERO' */;
/*!40111 SET @OLD_SQL_NOTES=@@SQL_NOTES, SQL_NOTES=0 */;

--
-- Dumping data for table `issue_relation`
--

LOCK TABLES `issue_relation` WRITE;
/*!40000 ALTER TABLE `issue_relation` DISABLE KEYS */;
/*!40000 ALTER TABLE `issue_relation` ENABLE KEYS */;
UNLOCK TABLES;

--
-- Dumping data for table `issues`
--

LOCK TABLES `issues` WRITE;
/*!40000 ALTER TABLE `issues` DISABLE KEYS */;
INSERT INTO `issues` VALUES ('5aea7dbc-e82c-4ab4-933d-46944d84c0d6','21130320',_binary '\0',NULL,'2025-05-26 02:41:40.901835',NULL,'2025-05-30 15:14:11.178943','21130320',0,'<p><br></p>','2025-05-21 17:00:00.000000',NULL,'2025-05-01 17:00:00.000000','issue-1',0,0,0,'CRITICAL','BACKLOG',NULL,'18b24966-2841-4832-ae6d-6897738e78df','5036e7c6-0539-4365-a678-dfdcc8605552','18b24966-2841-4832-ae6d-6897738e78df',NULL);
/*!40000 ALTER TABLE `issues` ENABLE KEYS */;
UNLOCK TABLES;

--
-- Dumping data for table `permissions`
--

LOCK TABLES `permissions` WRITE;
/*!40000 ALTER TABLE `permissions` DISABLE KEYS */;
INSERT INTO `permissions` VALUES ('e79e184d-0874-11f0-91a0-0242ac120002','manage_roles'),('e79e70d0-0874-11f0-91a0-0242ac120002','create_account'),('e79e7242-0874-11f0-91a0-0242ac120002','update_account'),('e79e72a7-0874-11f0-91a0-0242ac120002','deactivate_account'),('e79e72d7-0874-11f0-91a0-0242ac120002','delete_account'),('e79e72ff-0874-11f0-91a0-0242ac120002','assign_role'),('e79e7327-0874-11f0-91a0-0242ac120002','remove_role'),('e79e734c-0874-11f0-91a0-0242ac120002','create_workspace'),('e79e7378-0874-11f0-91a0-0242ac120002','update_workspace'),('e79e739e-0874-11f0-91a0-0242ac120002','deactivate_workspace'),('e79e73c1-0874-11f0-91a0-0242ac120002','delete_workspace'),('e79e73e3-0874-11f0-91a0-0242ac120002','manage_workspace_members'),('e79e7408-0874-11f0-91a0-0242ac120002','create_project'),('e79e742d-0874-11f0-91a0-0242ac120002','update_project'),('e79e7bea-0874-11f0-91a0-0242ac120002','delete_project'),('e79e7c2a-0874-11f0-91a0-0242ac120002','archive_project'),('e79e7c52-0874-11f0-91a0-0242ac120002','assign_project_members'),('e79e7c75-0874-11f0-91a0-0242ac120002','remove_project_members'),('e79e7c9b-0874-11f0-91a0-0242ac120002','create_sprint'),('e79e7cc2-0874-11f0-91a0-0242ac120002','update_sprint'),('e79e7ce5-0874-11f0-91a0-0242ac120002','delete_sprint'),('e79e7d08-0874-11f0-91a0-0242ac120002','start_sprint'),('e79e7d29-0874-11f0-91a0-0242ac120002','complete_sprint'),('e79e7d4a-0874-11f0-91a0-0242ac120002','sprint_backlog'),('e79e7d6e-0874-11f0-91a0-0242ac120002','sprint_retrospect'),('e79e7d93-0874-11f0-91a0-0242ac120002','create_task'),('e79e7db5-0874-11f0-91a0-0242ac120002','update_task'),('e79e7dd9-0874-11f0-91a0-0242ac120002','delete_task'),('e79e7df9-0874-11f0-91a0-0242ac120002','assign_task'),('e79e7e18-0874-11f0-91a0-0242ac120002','change_task_status'),('e79e7e3a-0874-11f0-91a0-0242ac120002','estimate_task_effort'),('e79e7e5d-0874-11f0-91a0-0242ac120002','view_student_progress'),('e79e7e81-0874-11f0-91a0-0242ac120002','evaluate_project'),('e79e7ea4-0874-11f0-91a0-0242ac120002','import_sprint_backlog'),('e79e7ec6-0874-11f0-91a0-0242ac120002','download_sprint_backlog'),('e79e7ee9-0874-11f0-91a0-0242ac120002','audit_logs'),('e79e7f0b-0874-11f0-91a0-0242ac120002','view_sprint_report');
/*!40000 ALTER TABLE `permissions` ENABLE KEYS */;
UNLOCK TABLES;

--
-- Dumping data for table `project_sprint`
--

LOCK TABLES `project_sprint` WRITE;
/*!40000 ALTER TABLE `project_sprint` DISABLE KEYS */;
INSERT INTO `project_sprint` VALUES (NULL,NULL,'5036e7c6-0539-4365-a678-dfdcc8605552','13fc4aee-0cb6-42ed-8ab5-c8602024824b',NULL),(NULL,NULL,'5036e7c6-0539-4365-a678-dfdcc8605552','37b9083d-cd4c-4eb1-8dec-c732f11b4215',NULL),(NULL,NULL,'5036e7c6-0539-4365-a678-dfdcc8605552','5164158f-fef4-4419-a0ab-5ac134e38959',NULL),(NULL,NULL,'5036e7c6-0539-4365-a678-dfdcc8605552','9302994f-a843-438e-b97d-224486670411',NULL),(NULL,NULL,'5036e7c6-0539-4365-a678-dfdcc8605552','dff9f146-83aa-4812-ba15-8538cf37f54a',NULL),(NULL,NULL,'5036e7c6-0539-4365-a678-dfdcc8605552','e36339e9-1500-489c-9cb1-066ba777b58d',NULL);
/*!40000 ALTER TABLE `project_sprint` ENABLE KEYS */;
UNLOCK TABLES;

--
-- Dumping data for table `projects`
--

LOCK TABLES `projects` WRITE;
/*!40000 ALTER TABLE `projects` DISABLE KEYS */;
INSERT INTO `projects` VALUES ('5036e7c6-0539-4365-a678-dfdcc8605552','21130320',_binary '\0',NULL,'2025-05-21 06:05:41.478332',NULL,'2025-05-21 06:05:41.478332','21130320','Nhóm 1','Nhóm 1'),('5ac3127f-9f39-447d-92c5-fb108cc4281a','21130320',_binary '\0',NULL,'2025-05-21 06:05:16.053939',NULL,'2025-05-21 06:05:16.053939','21130320','Nhóm 1','Nhóm 1'),('821a6771-86ba-44c2-a3f6-e8241c2e5a7f','21130320',_binary '\0',NULL,'2025-05-21 06:05:08.893306',NULL,'2025-05-21 06:05:08.893306','21130320','Nhóm 1','Nhóm 1'),('f8535a53-757b-4fa2-b967-790abcba31fb','21130320',_binary '\0',NULL,'2025-05-21 06:04:59.783788',NULL,'2025-05-21 06:04:59.783788','21130320','','Nhóm 1');
/*!40000 ALTER TABLE `projects` ENABLE KEYS */;
UNLOCK TABLES;

--
-- Dumping data for table `resources`
--

LOCK TABLES `resources` WRITE;
/*!40000 ALTER TABLE `resources` DISABLE KEYS */;
INSERT INTO `resources` VALUES ('7285a1dd-a828-4e30-9b29-90d3abb72c08','21130320',_binary '\0',NULL,'2025-06-02 10:53:49.502027',NULL,'2025-06-02 10:53:49.502027','21130320','IMAGE','png','Screenshot from 2025-01-30 09-32-45',NULL,25641,'5aea7dbc-e82c-4ab4-933d-46944d84c0d6',NULL,'18b24966-2841-4832-ae6d-6897738e78df',NULL,NULL),('9c19ae6c-6636-4c92-9550-0aec0f42701c','21130320',_binary '\0',NULL,'2025-06-02 10:51:09.805788',NULL,'2025-06-02 10:51:09.805788','21130320','IMAGE','png','Screenshot from 2025-01-30 09-34-28',NULL,200318,'5aea7dbc-e82c-4ab4-933d-46944d84c0d6',NULL,'18b24966-2841-4832-ae6d-6897738e78df',NULL,NULL),('e29442df-c49f-4e5b-a727-27d9deedcca9','21130320',_binary '\0',NULL,'2025-06-02 10:33:50.550692',NULL,'2025-06-02 10:33:50.550692','21130320','IMAGE','png','Screenshot from 2025-01-30 09-32-45',NULL,25641,'5aea7dbc-e82c-4ab4-933d-46944d84c0d6',NULL,'18b24966-2841-4832-ae6d-6897738e78df',NULL,NULL),('fef3ab74-f5f4-46ef-85ba-e9265b01090b','21130320',_binary '\0',NULL,'2025-06-02 10:59:58.973367',NULL,'2025-06-02 10:59:58.973367','21130320','IMAGE','png','Screenshot from 2025-01-30 09-32-45',NULL,25641,'5aea7dbc-e82c-4ab4-933d-46944d84c0d6',NULL,'18b24966-2841-4832-ae6d-6897738e78df',NULL,NULL);
/*!40000 ALTER TABLE `resources` ENABLE KEYS */;
UNLOCK TABLES;

--
-- Dumping data for table `roles`
--

LOCK TABLES `roles` WRITE;
/*!40000 ALTER TABLE `roles` DISABLE KEYS */;
INSERT INTO `roles` VALUES (_binary '\0',NULL,NULL,NULL,NULL,NULL,'Quản trị hệ thống','f7b59d23-0874-11f0-91a0-0242ac120002',NULL,'admin'),(_binary '\0',NULL,NULL,NULL,NULL,NULL,'Giáo viên hướng dẫn','f7b5f76b-0874-11f0-91a0-0242ac120002',NULL,'teacher'),(_binary '\0',NULL,NULL,NULL,NULL,NULL,'Trưởng nhóm','f7b5f8f8-0874-11f0-91a0-0242ac120002',NULL,'leader'),(_binary '\0',NULL,NULL,NULL,NULL,NULL,'Thành viên','f7b5f96a-0874-11f0-91a0-0242ac120001',NULL,'member'),(_binary '\0',NULL,NULL,NULL,NULL,NULL,'Sinh viên','f7b5f96a-0874-11f0-91a0-0242ac120002',NULL,'student');
/*!40000 ALTER TABLE `roles` ENABLE KEYS */;
UNLOCK TABLES;

--
-- Dumping data for table `roles_permissions`
--

LOCK TABLES `roles_permissions` WRITE;
/*!40000 ALTER TABLE `roles_permissions` DISABLE KEYS */;
INSERT INTO `roles_permissions` VALUES ('e79e184d-0874-11f0-91a0-0242ac120002','f7b59d23-0874-11f0-91a0-0242ac120002'),('e79e70d0-0874-11f0-91a0-0242ac120002','f7b59d23-0874-11f0-91a0-0242ac120002'),('e79e7242-0874-11f0-91a0-0242ac120002','f7b59d23-0874-11f0-91a0-0242ac120002'),('e79e72a7-0874-11f0-91a0-0242ac120002','f7b59d23-0874-11f0-91a0-0242ac120002'),('e79e72d7-0874-11f0-91a0-0242ac120002','f7b59d23-0874-11f0-91a0-0242ac120002'),('e79e72ff-0874-11f0-91a0-0242ac120002','f7b59d23-0874-11f0-91a0-0242ac120002'),('e79e7327-0874-11f0-91a0-0242ac120002','f7b59d23-0874-11f0-91a0-0242ac120002'),('e79e7378-0874-11f0-91a0-0242ac120002','f7b59d23-0874-11f0-91a0-0242ac120002'),('e79e7ce5-0874-11f0-91a0-0242ac120002','f7b59d23-0874-11f0-91a0-0242ac120002'),('e79e7e5d-0874-11f0-91a0-0242ac120002','f7b59d23-0874-11f0-91a0-0242ac120002'),('e79e7e81-0874-11f0-91a0-0242ac120002','f7b59d23-0874-11f0-91a0-0242ac120002'),('e79e7ec6-0874-11f0-91a0-0242ac120002','f7b59d23-0874-11f0-91a0-0242ac120002'),('e79e7ee9-0874-11f0-91a0-0242ac120002','f7b59d23-0874-11f0-91a0-0242ac120002'),('e79e7f0b-0874-11f0-91a0-0242ac120002','f7b59d23-0874-11f0-91a0-0242ac120002'),('e79e734c-0874-11f0-91a0-0242ac120002','f7b5f76b-0874-11f0-91a0-0242ac120002'),('e79e7378-0874-11f0-91a0-0242ac120002','f7b5f76b-0874-11f0-91a0-0242ac120002'),('e79e739e-0874-11f0-91a0-0242ac120002','f7b5f76b-0874-11f0-91a0-0242ac120002'),('e79e73e3-0874-11f0-91a0-0242ac120002','f7b5f76b-0874-11f0-91a0-0242ac120002'),('e79e7c9b-0874-11f0-91a0-0242ac120002','f7b5f76b-0874-11f0-91a0-0242ac120002'),('e79e7cc2-0874-11f0-91a0-0242ac120002','f7b5f76b-0874-11f0-91a0-0242ac120002'),('e79e7ce5-0874-11f0-91a0-0242ac120002','f7b5f76b-0874-11f0-91a0-0242ac120002'),('e79e7d08-0874-11f0-91a0-0242ac120002','f7b5f76b-0874-11f0-91a0-0242ac120002'),('e79e7e3a-0874-11f0-91a0-0242ac120002','f7b5f76b-0874-11f0-91a0-0242ac120002'),('e79e7e5d-0874-11f0-91a0-0242ac120002','f7b5f76b-0874-11f0-91a0-0242ac120002'),('e79e7e81-0874-11f0-91a0-0242ac120002','f7b5f76b-0874-11f0-91a0-0242ac120002'),('e79e7ec6-0874-11f0-91a0-0242ac120002','f7b5f76b-0874-11f0-91a0-0242ac120002'),('e79e7f0b-0874-11f0-91a0-0242ac120002','f7b5f76b-0874-11f0-91a0-0242ac120002'),('e79e742d-0874-11f0-91a0-0242ac120002','f7b5f8f8-0874-11f0-91a0-0242ac120002'),('e79e7bea-0874-11f0-91a0-0242ac120002','f7b5f8f8-0874-11f0-91a0-0242ac120002'),('e79e7c52-0874-11f0-91a0-0242ac120002','f7b5f8f8-0874-11f0-91a0-0242ac120002'),('e79e7c75-0874-11f0-91a0-0242ac120002','f7b5f8f8-0874-11f0-91a0-0242ac120002'),('e79e7d08-0874-11f0-91a0-0242ac120002','f7b5f8f8-0874-11f0-91a0-0242ac120002'),('e79e7d29-0874-11f0-91a0-0242ac120002','f7b5f8f8-0874-11f0-91a0-0242ac120002'),('e79e7d4a-0874-11f0-91a0-0242ac120002','f7b5f8f8-0874-11f0-91a0-0242ac120002'),('e79e7d6e-0874-11f0-91a0-0242ac120002','f7b5f8f8-0874-11f0-91a0-0242ac120002'),('e79e7d93-0874-11f0-91a0-0242ac120002','f7b5f8f8-0874-11f0-91a0-0242ac120002'),('e79e7db5-0874-11f0-91a0-0242ac120002','f7b5f8f8-0874-11f0-91a0-0242ac120002'),('e79e7dd9-0874-11f0-91a0-0242ac120002','f7b5f8f8-0874-11f0-91a0-0242ac120002'),('e79e7df9-0874-11f0-91a0-0242ac120002','f7b5f8f8-0874-11f0-91a0-0242ac120002'),('e79e7e18-0874-11f0-91a0-0242ac120002','f7b5f8f8-0874-11f0-91a0-0242ac120002'),('e79e7ea4-0874-11f0-91a0-0242ac120002','f7b5f8f8-0874-11f0-91a0-0242ac120002'),('e79e7408-0874-11f0-91a0-0242ac120002','f7b5f96a-0874-11f0-91a0-0242ac120002'),('e79e7d93-0874-11f0-91a0-0242ac120002','f7b5f96a-0874-11f0-91a0-0242ac120002'),('e79e7db5-0874-11f0-91a0-0242ac120002','f7b5f96a-0874-11f0-91a0-0242ac120002'),('e79e7df9-0874-11f0-91a0-0242ac120002','f7b5f96a-0874-11f0-91a0-0242ac120002'),('e79e7e18-0874-11f0-91a0-0242ac120002','f7b5f96a-0874-11f0-91a0-0242ac120002');
/*!40000 ALTER TABLE `roles_permissions` ENABLE KEYS */;
UNLOCK TABLES;

--
-- Dumping data for table `sprints`
--

LOCK TABLES `sprints` WRITE;
/*!40000 ALTER TABLE `sprints` DISABLE KEYS */;
INSERT INTO `sprints` VALUES ('13fc4aee-0cb6-42ed-8ab5-c8602024824b','21130321',_binary '\0',NULL,'2025-06-04 07:43:32.870602',NULL,'2025-06-04 07:43:32.870602','21130321','2025-07-01 17:00:00.000000','2025-06-26 17:00:00.000000','2025-06-24 17:00:00.000000',10,4000,'Implementation core business (product)','8e8fa63f-227a-4486-b73d-2e649f3d0488'),('37b9083d-cd4c-4eb1-8dec-c732f11b4215','21130321',_binary '\0',NULL,'2025-06-04 07:42:03.007190',NULL,'2025-06-04 07:42:03.007190','21130321','2025-06-17 17:00:00.000000','2025-06-11 17:00:00.000000','2025-06-10 17:00:00.000000',10,2000,'Phân tích hệ thống','8e8fa63f-227a-4486-b73d-2e649f3d0488'),('5164158f-fef4-4419-a0ab-5ac134e38959','21130321',_binary '\0',NULL,'2025-06-04 07:46:57.998052',NULL,'2025-06-04 07:46:57.998052','21130321','2025-07-15 17:00:00.000000','2025-07-09 17:00:00.000000','2025-07-08 17:00:00.000000',10,6000,'Implementation Admin business (user)','8e8fa63f-227a-4486-b73d-2e649f3d0488'),('9302994f-a843-438e-b97d-224486670411','21130321',_binary '\0',NULL,'2025-06-04 07:41:38.045316',NULL,'2025-06-04 07:41:38.045316','21130321','2025-06-11 07:40:57.756000','2025-06-08 17:00:00.000000','2025-06-05 07:40:57.000000',10,1000,'Tìm hiểu bài toán','8e8fa63f-227a-4486-b73d-2e649f3d0488'),('dff9f146-83aa-4812-ba15-8538cf37f54a','21130321',_binary '\0',NULL,'2025-06-04 07:42:33.461381',NULL,'2025-06-04 07:42:33.461381','21130321','2025-06-24 17:00:00.000000','2025-06-19 17:00:00.000000','2025-06-17 17:00:00.000000',10,3000,'Implementation Auth Module, Error handling global','8e8fa63f-227a-4486-b73d-2e649f3d0488'),('e36339e9-1500-489c-9cb1-066ba777b58d','21130321',_binary '\0',NULL,'2025-06-04 07:44:22.783289',NULL,'2025-06-04 07:44:22.783289','21130321','2025-07-08 17:00:00.000000','2025-07-03 17:00:00.000000','2025-07-01 17:00:00.000000',10,5000,'Implementation core business (order)','8e8fa63f-227a-4486-b73d-2e649f3d0488');
/*!40000 ALTER TABLE `sprints` ENABLE KEYS */;
UNLOCK TABLES;

--
-- Dumping data for table `users`
--

LOCK TABLES `users` WRITE;
/*!40000 ALTER TABLE `users` DISABLE KEYS */;
INSERT INTO `users` VALUES (_binary '\0','2025-04-10 03:15:25.798336',NULL,'2025-04-10 03:15:25.798336',NULL,NULL,NULL,'18b24966-2841-4832-ae6d-6897738e78df',NULL,'Le Anh Duc','$2a$10$XxxPvMRDzV97FhiKmwndK.KtzC2IkKctcyHyaiLPcwMaBx3Hq7.kO','f7b5f96a-0874-11f0-91a0-0242ac120002','21130320',NULL,NULL),(_binary '\0','2025-05-02 04:46:08.421389',NULL,'2025-05-02 04:46:08.421389','anonymousUser',NULL,NULL,'36dbcca1-fd08-4315-832d-ce18751dfbf7','anonymousUser','Nguyen Thi Phuong Tram','$2a$10$yHKf2xQL6SjWrtH7yBk1FelOEVK0e.LRfeTOFCnswk2mglwPTjAii','f7b5f76b-0874-11f0-91a0-0242ac120002','21130321',NULL,NULL);
/*!40000 ALTER TABLE `users` ENABLE KEYS */;
UNLOCK TABLES;

--
-- Dumping data for table `workspaces`
--

LOCK TABLES `workspaces` WRITE;
/*!40000 ALTER TABLE `workspaces` DISABLE KEYS */;
INSERT INTO `workspaces` VALUES ('8e8fa63f-227a-4486-b73d-2e649f3d0488','21130321',_binary '\0',NULL,'2025-05-21 06:04:18.001680',NULL,'2025-05-21 06:04:18.001680','21130321','Workspace dành cho lập trình web 2025','2025-06-10 06:02:28.763000','Lập trình  Web 2025',10,'2025-05-21 06:02:28.763000',7,'36dbcca1-fd08-4315-832d-ce18751dfbf7'),('a9203e65-5028-45f3-82d6-114d659ffef0','21130321',_binary '\0',NULL,'2025-06-04 07:29:06.524800',NULL,'2025-06-04 07:29:06.524800','21130321','description of workspace-creation test-1','2025-05-24 08:15:41.747000','workspace-creation test-1',0,'2025-04-30 08:15:41.747000',7,'36dbcca1-fd08-4315-832d-ce18751dfbf7');
/*!40000 ALTER TABLE `workspaces` ENABLE KEYS */;
UNLOCK TABLES;

--
-- Dumping data for table `workspaces_users_projects`
--

LOCK TABLES `workspaces_users_projects` WRITE;
/*!40000 ALTER TABLE `workspaces_users_projects` DISABLE KEYS */;
INSERT INTO `workspaces_users_projects` VALUES (_binary '',_binary '','18b24966-2841-4832-ae6d-6897738e78df','8e8fa63f-227a-4486-b73d-2e649f3d0488','5036e7c6-0539-4365-a678-dfdcc8605552','f7b5f8f8-0874-11f0-91a0-0242ac120002');
/*!40000 ALTER TABLE `workspaces_users_projects` ENABLE KEYS */;
UNLOCK TABLES;
/*!40103 SET TIME_ZONE=@OLD_TIME_ZONE */;

/*!40101 SET SQL_MODE=@OLD_SQL_MODE */;
/*!40014 SET FOREIGN_KEY_CHECKS=@OLD_FOREIGN_KEY_CHECKS */;
/*!40014 SET UNIQUE_CHECKS=@OLD_UNIQUE_CHECKS */;
/*!40101 SET CHARACTER_SET_CLIENT=@OLD_CHARACTER_SET_CLIENT */;
/*!40101 SET CHARACTER_SET_RESULTS=@OLD_CHARACTER_SET_RESULTS */;
/*!40101 SET COLLATION_CONNECTION=@OLD_COLLATION_CONNECTION */;
/*!40111 SET SQL_NOTES=@OLD_SQL_NOTES */;

-- Dump completed on 2025-06-04 16:27:00
