-- MySQL dump 10.13  Distrib 8.0.42, for Linux (x86_64)
--
-- Host: 127.0.0.1    Database: kltn
-- ------------------------------------------------------
-- Server version	8.0.42

/*!40101 SET @OLD_CHARACTER_SET_CLIENT=@@CHARACTER_SET_CLIENT */;
/*!40101 SET @OLD_CHARACTER_SET_RESULTS=@@CHARACTER_SET_RESULTS */;
/*!40101 SET @OLD_COLLATION_CONNECTION=@@COLLATION_CONNECTION */;
/*!50503 SET NAMES utf8mb4 */;
/*!40103 SET @OLD_TIME_ZONE=@@TIME_ZONE */;
/*!40103 SET TIME_ZONE='+00:00' */;
/*!40014 SET @OLD_UNIQUE_CHECKS=@@UNIQUE_CHECKS, UNIQUE_CHECKS=0 */;
/*!40014 SET @OLD_FOREIGN_KEY_CHECKS=@@FOREIGN_KEY_CHECKS, FOREIGN_KEY_CHECKS=0 */;
/*!40101 SET @OLD_SQL_MODE=@@SQL_MODE, SQL_MODE='NO_AUTO_VALUE_ON_ZERO' */;
/*!40111 SET @OLD_SQL_NOTES=@@SQL_NOTES, SQL_NOTES=0 */;

--
-- Dumping data for table `course`
--

LOCK TABLES `course` WRITE;
/*!40000 ALTER TABLE `course` DISABLE KEYS */;
INSERT INTO `course` VALUES ('a15abf92-54c1-11f0-b992-0242ac150005',NULL,_binary '\0',NULL,'2025-05-16 17:24:12.065055',NULL,NULL,NULL,'200101','Triết học Mác Lênin'),('a15b33a4-54c1-11f0-b992-0242ac150005',NULL,_binary '\0',NULL,'2025-05-16 17:24:12.065055',NULL,NULL,NULL,'202108','Toán cao cấp A1'),('a15b3524-54c1-11f0-b992-0242ac150005',NULL,_binary '\0',NULL,'2025-05-16 17:24:12.065055',NULL,NULL,NULL,'202109','Toán cao cấp A2'),('a15b3561-54c1-11f0-b992-0242ac150005',NULL,_binary '\0',NULL,'2025-05-16 17:24:12.065055',NULL,NULL,NULL,'202206','Vật lý 2'),('a15b3596-54c1-11f0-b992-0242ac150005',NULL,_binary '\0',NULL,'2025-05-16 17:24:12.065055',NULL,NULL,NULL,'202501','Giáo dục thể chất 1*'),('a15b35c7-54c1-11f0-b992-0242ac150005',NULL,_binary '\0',NULL,'2025-05-16 17:24:12.065055',NULL,NULL,NULL,'213603','Anh văn 1*'),('a15b35f2-54c1-11f0-b992-0242ac150005',NULL,_binary '\0',NULL,'2025-05-16 17:24:12.065055',NULL,NULL,NULL,'214201','Nhập môn tin học'),('a15b361c-54c1-11f0-b992-0242ac150005',NULL,_binary '\0',NULL,'2025-05-16 17:24:12.065055',NULL,NULL,NULL,'214321','Lập trình cơ bản'),('a15b3652-54c1-11f0-b992-0242ac150005',NULL,_binary '\0',NULL,'2025-05-16 17:24:12.065055',NULL,NULL,NULL,'200102','Kinh tế chính trị Mác- Lênin'),('a15b3683-54c1-11f0-b992-0242ac150005',NULL,_binary '\0',NULL,'2025-05-16 17:24:12.065055',NULL,NULL,NULL,'200201','Quân sự 1 (lý thuyết)*'),('a15b36ad-54c1-11f0-b992-0242ac150005',NULL,_binary '\0',NULL,'2025-05-16 17:24:12.065055',NULL,NULL,NULL,'200202','Quân sự 2 (thực hành)*'),('a15b3704-54c1-11f0-b992-0242ac150005',NULL,_binary '\0',NULL,'2025-05-16 17:24:12.065055',NULL,NULL,NULL,'202110','Toán cao cấp A3'),('a15b372d-54c1-11f0-b992-0242ac150005',NULL,_binary '\0',NULL,'2025-05-16 17:24:12.065055',NULL,NULL,NULL,'202502','Giáo dục thể chất 2*'),('a15b3763-54c1-11f0-b992-0242ac150005',NULL,_binary '\0',NULL,'2025-05-16 17:24:12.065055',NULL,NULL,NULL,'213604','Anh văn 2*'),('a15b378c-54c1-11f0-b992-0242ac150005',NULL,_binary '\0',NULL,'2025-05-16 17:24:12.065055',NULL,NULL,NULL,'214231','Cấu trúc máy tính'),('a15b37bb-54c1-11f0-b992-0242ac150005',NULL,_binary '\0',NULL,'2025-05-16 17:24:12.065055',NULL,NULL,NULL,'214242','Nhập môn hệ điều hành'),('a15b37e6-54c1-11f0-b992-0242ac150005',NULL,_binary '\0',NULL,'2025-05-16 17:24:12.065055',NULL,NULL,NULL,'214331','Lập trình nâng cao'),('a15b3811-54c1-11f0-b992-0242ac150005',NULL,_binary '\0',NULL,'2025-05-16 17:24:12.065055',NULL,NULL,NULL,'200103','Chủ nghĩa xã hội khoa học'),('a15b3838-54c1-11f0-b992-0242ac150005',NULL,_binary '\0',NULL,'2025-05-16 17:24:12.065055',NULL,NULL,NULL,'202121','Xác suất thống kê'),('a15b385e-54c1-11f0-b992-0242ac150005',NULL,_binary '\0',NULL,'2025-05-16 17:24:12.065055',NULL,NULL,NULL,'202620','Kỹ năng giao tiếp'),('a15b3884-54c1-11f0-b992-0242ac150005',NULL,_binary '\0',NULL,'2025-05-16 17:24:12.065055',NULL,NULL,NULL,'202622','Pháp luật đại cương'),('a15b38f8-54c1-11f0-b992-0242ac150005',NULL,_binary '\0',NULL,'2025-05-16 17:24:12.065055',NULL,NULL,NULL,'208453','Marketing căn bản'),('a15b3924-54c1-11f0-b992-0242ac150005',NULL,_binary '\0',NULL,'2025-05-16 17:24:12.065055',NULL,NULL,NULL,'214241','Mạng máy tính cơ bản'),('a15b394d-54c1-11f0-b992-0242ac150005',NULL,_binary '\0',NULL,'2025-05-16 17:24:12.065055',NULL,NULL,NULL,'214361','Giao tiếp người _máy'),('a15b3978-54c1-11f0-b992-0242ac150005',NULL,_binary '\0',NULL,'2025-05-16 17:24:12.065055',NULL,NULL,NULL,'214389','Toán rời rạc'),('a15b39a3-54c1-11f0-b992-0242ac150005',NULL,_binary '\0',NULL,'2025-05-16 17:24:12.065055',NULL,NULL,NULL,'214441','Cấu trúc dữ liệu'),('a15b39cd-54c1-11f0-b992-0242ac150005',NULL,_binary '\0',NULL,'2025-05-16 17:24:12.065055',NULL,NULL,NULL,'200107','Tư tưởng Hồ Chí Minh'),('a15b39fb-54c1-11f0-b992-0242ac150005',NULL,_binary '\0',NULL,'2025-05-16 17:24:12.065055',NULL,NULL,NULL,'214251','Hệ điều hành nâng cao'),('a15b3a22-54c1-11f0-b992-0242ac150005',NULL,_binary '\0',NULL,'2025-05-16 17:24:12.065055',NULL,NULL,NULL,'214351','Lý thuyết đồ thị'),('a15b3a4e-54c1-11f0-b992-0242ac150005',NULL,_binary '\0',NULL,'2025-05-16 17:24:12.065055',NULL,NULL,NULL,'214352','Thiết kế hướng đối tượng'),('a15b3a79-54c1-11f0-b992-0242ac150005',NULL,_binary '\0',NULL,'2025-05-16 17:24:12.065055',NULL,NULL,NULL,'214353','Đồ họa máy tính'),('a15b3aa2-54c1-11f0-b992-0242ac150005',NULL,_binary '\0',NULL,'2025-05-16 17:24:12.065055',NULL,NULL,NULL,'214442','Nhập môn cơ sở dữ liệu'),('a15b3ace-54c1-11f0-b992-0242ac150005',NULL,_binary '\0',NULL,'2025-05-16 17:24:12.065055',NULL,NULL,NULL,'200105','Lịch sử Đảng Cộng sản Việt Nam'),('a15b3afb-54c1-11f0-b992-0242ac150005',NULL,_binary '\0',NULL,'2025-05-16 17:24:12.065055',NULL,NULL,NULL,'214252','Lập trình mạng'),('a15b3b23-54c1-11f0-b992-0242ac150005',NULL,_binary '\0',NULL,'2025-05-16 17:24:12.065055',NULL,NULL,NULL,'214282','Mạng máy tính nâng cao'),('a15b3b4a-54c1-11f0-b992-0242ac150005',NULL,_binary '\0',NULL,'2025-05-16 17:24:12.065055',NULL,NULL,NULL,'214372','Lập trình .NET'),('a15b3b74-54c1-11f0-b992-0242ac150005',NULL,_binary '\0',NULL,'2025-05-16 17:24:12.065055',NULL,NULL,NULL,'214386','Lập trình PHP'),('a15b3b98-54c1-11f0-b992-0242ac150005',NULL,_binary '\0',NULL,'2025-05-16 17:24:12.065055',NULL,NULL,NULL,'214451','Hệ quản trị cơ sở dữ liệu'),('a15b3bbe-54c1-11f0-b992-0242ac150005',NULL,_binary '\0',NULL,'2025-05-16 17:24:12.065055',NULL,NULL,NULL,'214462','Lập trình Web'),('a15b3be2-54c1-11f0-b992-0242ac150005',NULL,_binary '\0',NULL,'2025-05-16 17:24:12.065055',NULL,NULL,NULL,'214463','Nhập môn trí tuệ nhân tạo'),('a15b3c05-54c1-11f0-b992-0242ac150005',NULL,_binary '\0',NULL,'2025-05-16 17:24:12.065055',NULL,NULL,NULL,'214273','Lập trình mạng nâng cao'),('a15b3c2e-54c1-11f0-b992-0242ac150005',NULL,_binary '\0',NULL,'2025-05-16 17:24:12.065055',NULL,NULL,NULL,'214274','Lập trình trên thiết bị di động'),('a15b3e4f-54c1-11f0-b992-0242ac150005',NULL,_binary '\0',NULL,'2025-05-16 17:24:12.065055',NULL,NULL,NULL,'214370','Nhập môn công nghệ phần mềm'),('a15b3e7b-54c1-11f0-b992-0242ac150005',NULL,_binary '\0',NULL,'2025-05-16 17:24:12.065055',NULL,NULL,NULL,'214388','Lập trình Front End'),('a15b3e9f-54c1-11f0-b992-0242ac150005',NULL,_binary '\0',NULL,'2025-05-16 17:24:12.065055',NULL,NULL,NULL,'214461','Phân tích và thiết kế hệ thống thông tin'),('a15b3ec8-54c1-11f0-b992-0242ac150005',NULL,_binary '\0',NULL,'2025-05-16 17:24:12.065055',NULL,NULL,NULL,'214471','Hệ thống thông tin quản lý'),('a15b3eee-54c1-11f0-b992-0242ac150005',NULL,_binary '\0',NULL,'2025-05-16 17:24:12.065055',NULL,NULL,NULL,'214492','Máy học'),('a15b3f17-54c1-11f0-b992-0242ac150005',NULL,_binary '\0',NULL,'2025-05-16 17:24:12.065055',NULL,NULL,NULL,'214493','Thực tập lập trình Web'),('a15b3f40-54c1-11f0-b992-0242ac150005',NULL,_binary '\0',NULL,'2025-05-16 17:24:12.065055',NULL,NULL,NULL,'208407','Khởi nghiệp'),('a15b3f6f-54c1-11f0-b992-0242ac150005',NULL,_binary '\0',NULL,'2025-05-16 17:24:12.065055',NULL,NULL,NULL,'214290','IoT'),('a15b4ebe-54c1-11f0-b992-0242ac150005',NULL,_binary '\0',NULL,'2025-05-16 17:24:12.065055',NULL,NULL,NULL,'214292','An ninh mạng'),('a15b4f75-54c1-11f0-b992-0242ac150005',NULL,_binary '\0',NULL,'2025-05-16 17:24:12.065055',NULL,NULL,NULL,'214293','Thực tập lập trình trên thiết bị di động'),('a15b4fcf-54c1-11f0-b992-0242ac150005',NULL,_binary '\0',NULL,'2025-05-16 17:24:12.065055',NULL,NULL,NULL,'214379','Đảm bảo chất lượng và kiểm thử phần mềm'),('a15b501f-54c1-11f0-b992-0242ac150005',NULL,_binary '\0',NULL,'2025-05-16 17:24:12.065055',NULL,NULL,NULL,'214383','Quản lý dự án phần mềm'),('a15b506c-54c1-11f0-b992-0242ac150005',NULL,_binary '\0',NULL,'2025-05-16 17:24:12.065055',NULL,NULL,NULL,'214464','An toàn và bảo mật hệ thống thông tin'),('a15b50b2-54c1-11f0-b992-0242ac150005',NULL,_binary '\0',NULL,'2025-05-16 17:24:12.065055',NULL,NULL,NULL,'214465','Hệ thống thông tin địa lý ứng dụng'),('a15b50f5-54c1-11f0-b992-0242ac150005',NULL,_binary '\0',NULL,'2025-05-16 17:24:12.065055',NULL,NULL,NULL,'214485','Data Mining'),('a15b513b-54c1-11f0-b992-0242ac150005',NULL,_binary '\0',NULL,'2025-05-16 17:24:12.065055',NULL,NULL,NULL,'214491','Data Warehouse'),('a15b518a-54c1-11f0-b992-0242ac150005',NULL,_binary '\0',NULL,'2025-05-16 17:24:12.065055',NULL,NULL,NULL,'214271','Quản trị mạng'),('a15b51be-54c1-11f0-b992-0242ac150005',NULL,_binary '\0',NULL,'2025-05-16 17:24:12.065055',NULL,NULL,NULL,'214285','Giải pháp mạng cho doanh nghiệp'),('a15b51f2-54c1-11f0-b992-0242ac150005',NULL,_binary '\0',NULL,'2025-05-16 17:24:12.065055',NULL,NULL,NULL,'214286','Chuyên đề Java'),('a15b5221-54c1-11f0-b992-0242ac150005',NULL,_binary '\0',NULL,'2025-05-16 17:24:12.065055',NULL,NULL,NULL,'214291','Xử lý ảnh và thị giác máy tính'),('a15b541d-54c1-11f0-b992-0242ac150005',NULL,_binary '\0',NULL,'2025-05-16 17:24:12.065055',NULL,NULL,NULL,'214374','Chuyên đề WEB'),('a15b544a-54c1-11f0-b992-0242ac150005',NULL,_binary '\0',NULL,'2025-05-16 17:24:12.065055',NULL,NULL,NULL,'214387','Chuyên đề mã nguồn mở'),('a15b5475-54c1-11f0-b992-0242ac150005',NULL,_binary '\0',NULL,'2025-05-16 17:24:12.065055',NULL,NULL,NULL,'214483','Thương mại điện tử'),('a15b54a2-54c1-11f0-b992-0242ac150005',NULL,_binary '\0',NULL,'2025-05-16 17:24:12.065055',NULL,NULL,NULL,'214490','Phân tích dữ liệu lớn'),('a15b54c7-54c1-11f0-b992-0242ac150005',NULL,_binary '\0',NULL,'2025-05-16 17:24:12.065055',NULL,NULL,NULL,'214986','Đồ án Công nghệ phần mềm'),('a15b54f4-54c1-11f0-b992-0242ac150005',NULL,_binary '\0',NULL,'2025-05-16 17:24:12.065055',NULL,NULL,NULL,'214987','Khóa luận tốt nghiệp'),('a15b551c-54c1-11f0-b992-0242ac150005',NULL,_binary '\0',NULL,'2025-05-16 17:24:12.065055',NULL,NULL,NULL,'214988','Tiểu luận tốt nghiệp');
/*!40000 ALTER TABLE `course` ENABLE KEYS */;
UNLOCK TABLES;

--
-- Dumping data for table `course_relation`
--

LOCK TABLES `course_relation` WRITE;
/*!40000 ALTER TABLE `course_relation` DISABLE KEYS */;
INSERT INTO `course_relation` VALUES ('a15b3652-54c1-11f0-b992-0242ac150005','a15abf92-54c1-11f0-b992-0242ac150005'),('a15b3978-54c1-11f0-b992-0242ac150005','a15b33a4-54c1-11f0-b992-0242ac150005'),('a15b37e6-54c1-11f0-b992-0242ac150005','a15b361c-54c1-11f0-b992-0242ac150005'),('a15b3978-54c1-11f0-b992-0242ac150005','a15b361c-54c1-11f0-b992-0242ac150005'),('a15b3811-54c1-11f0-b992-0242ac150005','a15b3652-54c1-11f0-b992-0242ac150005'),('a15b3838-54c1-11f0-b992-0242ac150005','a15b3704-54c1-11f0-b992-0242ac150005'),('a15b39fb-54c1-11f0-b992-0242ac150005','a15b37bb-54c1-11f0-b992-0242ac150005'),('a15b518a-54c1-11f0-b992-0242ac150005','a15b37bb-54c1-11f0-b992-0242ac150005'),('a15b51be-54c1-11f0-b992-0242ac150005','a15b37bb-54c1-11f0-b992-0242ac150005'),('a15b394d-54c1-11f0-b992-0242ac150005','a15b37e6-54c1-11f0-b992-0242ac150005'),('a15b39a3-54c1-11f0-b992-0242ac150005','a15b37e6-54c1-11f0-b992-0242ac150005'),('a15b39fb-54c1-11f0-b992-0242ac150005','a15b37e6-54c1-11f0-b992-0242ac150005'),('a15b3a22-54c1-11f0-b992-0242ac150005','a15b37e6-54c1-11f0-b992-0242ac150005'),('a15b3a4e-54c1-11f0-b992-0242ac150005','a15b37e6-54c1-11f0-b992-0242ac150005'),('a15b3afb-54c1-11f0-b992-0242ac150005','a15b37e6-54c1-11f0-b992-0242ac150005'),('a15b3b4a-54c1-11f0-b992-0242ac150005','a15b37e6-54c1-11f0-b992-0242ac150005'),('a15b3b74-54c1-11f0-b992-0242ac150005','a15b37e6-54c1-11f0-b992-0242ac150005'),('a15b3bbe-54c1-11f0-b992-0242ac150005','a15b37e6-54c1-11f0-b992-0242ac150005'),('a15b3be2-54c1-11f0-b992-0242ac150005','a15b37e6-54c1-11f0-b992-0242ac150005'),('a15b39cd-54c1-11f0-b992-0242ac150005','a15b3811-54c1-11f0-b992-0242ac150005'),('a15b3afb-54c1-11f0-b992-0242ac150005','a15b3924-54c1-11f0-b992-0242ac150005'),('a15b3b23-54c1-11f0-b992-0242ac150005','a15b3924-54c1-11f0-b992-0242ac150005'),('a15b3b4a-54c1-11f0-b992-0242ac150005','a15b3924-54c1-11f0-b992-0242ac150005'),('a15b3b74-54c1-11f0-b992-0242ac150005','a15b3924-54c1-11f0-b992-0242ac150005'),('a15b3bbe-54c1-11f0-b992-0242ac150005','a15b3924-54c1-11f0-b992-0242ac150005'),('a15b4ebe-54c1-11f0-b992-0242ac150005','a15b3924-54c1-11f0-b992-0242ac150005'),('a15b518a-54c1-11f0-b992-0242ac150005','a15b3924-54c1-11f0-b992-0242ac150005'),('a15b51be-54c1-11f0-b992-0242ac150005','a15b3924-54c1-11f0-b992-0242ac150005'),('a15b3a79-54c1-11f0-b992-0242ac150005','a15b39a3-54c1-11f0-b992-0242ac150005'),('a15b51f2-54c1-11f0-b992-0242ac150005','a15b39a3-54c1-11f0-b992-0242ac150005'),('a15b3ace-54c1-11f0-b992-0242ac150005','a15b39cd-54c1-11f0-b992-0242ac150005'),('a15b3e4f-54c1-11f0-b992-0242ac150005','a15b3a4e-54c1-11f0-b992-0242ac150005'),('a15b3e9f-54c1-11f0-b992-0242ac150005','a15b3a4e-54c1-11f0-b992-0242ac150005'),('a15b3afb-54c1-11f0-b992-0242ac150005','a15b3aa2-54c1-11f0-b992-0242ac150005'),('a15b3b4a-54c1-11f0-b992-0242ac150005','a15b3aa2-54c1-11f0-b992-0242ac150005'),('a15b3b98-54c1-11f0-b992-0242ac150005','a15b3aa2-54c1-11f0-b992-0242ac150005'),('a15b3e9f-54c1-11f0-b992-0242ac150005','a15b3aa2-54c1-11f0-b992-0242ac150005'),('a15b3ec8-54c1-11f0-b992-0242ac150005','a15b3aa2-54c1-11f0-b992-0242ac150005'),('a15b50b2-54c1-11f0-b992-0242ac150005','a15b3aa2-54c1-11f0-b992-0242ac150005'),('a15b50f5-54c1-11f0-b992-0242ac150005','a15b3aa2-54c1-11f0-b992-0242ac150005'),('a15b513b-54c1-11f0-b992-0242ac150005','a15b3aa2-54c1-11f0-b992-0242ac150005'),('a15b5475-54c1-11f0-b992-0242ac150005','a15b3aa2-54c1-11f0-b992-0242ac150005'),('a15b3c05-54c1-11f0-b992-0242ac150005','a15b3afb-54c1-11f0-b992-0242ac150005'),('a15b3c2e-54c1-11f0-b992-0242ac150005','a15b3afb-54c1-11f0-b992-0242ac150005'),('a15b3f6f-54c1-11f0-b992-0242ac150005','a15b3afb-54c1-11f0-b992-0242ac150005'),('a15b3e7b-54c1-11f0-b992-0242ac150005','a15b3bbe-54c1-11f0-b992-0242ac150005'),('a15b3f17-54c1-11f0-b992-0242ac150005','a15b3bbe-54c1-11f0-b992-0242ac150005'),('a15b506c-54c1-11f0-b992-0242ac150005','a15b3bbe-54c1-11f0-b992-0242ac150005'),('a15b541d-54c1-11f0-b992-0242ac150005','a15b3bbe-54c1-11f0-b992-0242ac150005'),('a15b5475-54c1-11f0-b992-0242ac150005','a15b3bbe-54c1-11f0-b992-0242ac150005'),('a15b3eee-54c1-11f0-b992-0242ac150005','a15b3be2-54c1-11f0-b992-0242ac150005'),('a15b5221-54c1-11f0-b992-0242ac150005','a15b3be2-54c1-11f0-b992-0242ac150005'),('a15b54a2-54c1-11f0-b992-0242ac150005','a15b3be2-54c1-11f0-b992-0242ac150005'),('a15b4f75-54c1-11f0-b992-0242ac150005','a15b3c2e-54c1-11f0-b992-0242ac150005'),('a15b4fcf-54c1-11f0-b992-0242ac150005','a15b3e4f-54c1-11f0-b992-0242ac150005'),('a15b501f-54c1-11f0-b992-0242ac150005','a15b3e4f-54c1-11f0-b992-0242ac150005'),('a15b544a-54c1-11f0-b992-0242ac150005','a15b3e4f-54c1-11f0-b992-0242ac150005');
/*!40000 ALTER TABLE `course_relation` ENABLE KEYS */;
UNLOCK TABLES;

--
-- Dumping data for table `issue_relation`
--

LOCK TABLES `issue_relation` WRITE;
/*!40000 ALTER TABLE `issue_relation` DISABLE KEYS */;
INSERT INTO `issue_relation` VALUES ('IS_BLOCKED_BY','890aae7c-fe6a-4651-bcfd-224e30527d52','5aea7dbc-e82c-4ab4-933d-46944d84c0d6'),('IS_BLOCKED_BY','890aae7c-fe6a-4651-bcfd-224e30527d52','5f6f6c4e-9d44-4514-b782-c258898fdb46'),('IS_SUPERSEDED_BY','890aae7c-fe6a-4651-bcfd-224e30527d52','e476363d-0079-40c9-88e1-4c75db62a408'),('IS_BLOCKED_BY','93bea925-b56c-464e-b2ee-a3e6efe35c00','318c4c67-82c4-42ad-b608-343e76d7b120');
/*!40000 ALTER TABLE `issue_relation` ENABLE KEYS */;
UNLOCK TABLES;

--
-- Dumping data for table `issue_resources`
--

LOCK TABLES `issue_resources` WRITE;
/*!40000 ALTER TABLE `issue_resources` DISABLE KEYS */;
INSERT INTO `issue_resources` VALUES ('318c4c67-82c4-42ad-b608-343e76d7b120','7ff40b15-30b4-4af5-a67e-48eec5ee3a12');
/*!40000 ALTER TABLE `issue_resources` ENABLE KEYS */;
UNLOCK TABLES;

--
-- Dumping data for table `issues`
--

LOCK TABLES `issues` WRITE;
/*!40000 ALTER TABLE `issues` DISABLE KEYS */;
INSERT INTO `issues` VALUES ('0a3531e4-4bc1-4101-8454-a29aae9447e2','21130320',_binary '\0',NULL,'2025-06-15 13:37:20.655595',NULL,'2025-06-19 01:30:38.193503','21130320',0,'<p><br></p>','2025-06-24 17:00:00.000000',NULL,'2025-06-17 17:00:00.000000','Issue backlog test 1',0,0,'','CRITICAL','TODO','THEORY','18b24966-2841-4832-ae6d-6897738e78df','5036e7c6-0539-4365-a678-dfdcc8605552',NULL,'dff9f146-83aa-4812-ba15-8538cf37f54a',_binary '\0'),('0e6eda09-9190-400d-8063-35846c5466e0','21130320',_binary '\0',NULL,'2025-06-24 06:02:20.398378',NULL,'2025-07-01 16:10:53.217593','21130320',0,'<p><br></p>','2025-07-08 17:00:00.000000',NULL,'2025-07-01 17:00:00.000000','Lê Anh Đức',0,0,'0','CRITICAL','TODO','THEORY',NULL,'5036e7c6-0539-4365-a678-dfdcc8605552',NULL,'e36339e9-1500-489c-9cb1-066ba777b58d',_binary ''),('318c4c67-82c4-42ad-b608-343e76d7b120','21130320',_binary '\0',NULL,'2025-06-24 06:10:04.626107',NULL,'2025-07-02 02:32:39.428537','21130320',0,'<p><br></p>','2025-07-01 17:00:00.000000',NULL,'2025-06-24 17:00:00.000000','issue 1',0,0,'0','CRITICAL','BACKLOG','THEORY','38df2fe0-bb9e-4b01-b41c-4af19ed6161f','5036e7c6-0539-4365-a678-dfdcc8605552','18b24966-2841-4832-ae6d-6897738e78df','13fc4aee-0cb6-42ed-8ab5-c8602024824b',_binary ''),('57619a96-41b4-45c9-a104-27405a007fc9','21130320',_binary '\0',NULL,'2025-06-28 01:55:59.865948',NULL,'2025-06-29 04:09:08.004877','21130320',0,'<p><br></p>','2025-07-01 08:01:45.080000',NULL,'2025-06-26 08:01:45.080000','hello1',0,0,'','CRITICAL','TODO','THEORY',NULL,'96e0a97f-475a-43b1-809d-2863781898b9',NULL,'8f9aea08-bfa3-4463-ada4-e72599bb1ecd',_binary ''),('5aea7dbc-e82c-4ab4-933d-46944d84c0d6','21130320',_binary '\0',NULL,'2025-05-26 02:41:40.901835',NULL,'2025-06-14 05:59:29.375636','21130320',0,'<p>hello</p>','2025-06-12 17:00:00.000000',NULL,'2025-06-17 17:00:00.000000','issue-2',0,0,NULL,'MAJOR','BACKLOG',NULL,'18b24966-2841-4832-ae6d-6897738e78df','5036e7c6-0539-4365-a678-dfdcc8605552','18b24966-2841-4832-ae6d-6897738e78df','1486762f-4088-477a-8fd5-3a9bf3e7d837',_binary '\0'),('5f6f6c4e-9d44-4514-b782-c258898fdb46','21130320',_binary '\0',NULL,'2025-06-05 08:02:21.567051',NULL,'2025-06-14 04:05:18.038590','21130320',0,NULL,'2025-06-10 17:00:00.000000',NULL,'2025-06-03 17:00:00.000000','Các actor tham gia',0,0,'','BLOCKED','TODO','THEORY',NULL,'5036e7c6-0539-4365-a678-dfdcc8605552',NULL,'1486762f-4088-477a-8fd5-3a9bf3e7d837',_binary '\0'),('890aae7c-fe6a-4651-bcfd-224e30527d52','21130320',_binary '\0',NULL,'2025-06-05 08:02:34.464813',NULL,'2025-06-16 02:53:59.246900','21130320',0,'<p><br></p>','2025-06-10 17:00:00.000000',NULL,'2025-06-03 17:00:00.000000','Chức năng chính',0,0,'','BLOCKED','TODO','THEORY',NULL,'5036e7c6-0539-4365-a678-dfdcc8605552',NULL,'1486762f-4088-477a-8fd5-3a9bf3e7d837',_binary '\0'),('93bea925-b56c-464e-b2ee-a3e6efe35c00','21130320',_binary '\0',NULL,'2025-06-16 14:49:03.006059',NULL,'2025-07-02 02:32:39.443623','21130320',0,'<p><br></p>','2025-07-01 17:00:00.000000',NULL,'2025-06-26 17:00:00.000000','Issue test backlog 2',0,0,'','CRITICAL','BACKLOG','THEORY','18b24966-2841-4832-ae6d-6897738e78df','5036e7c6-0539-4365-a678-dfdcc8605552',NULL,'13fc4aee-0cb6-42ed-8ab5-c8602024824b',_binary ''),('d2479bfa-976c-46e1-adb4-4d1e04405295','21130320',_binary '\0',NULL,'2025-06-27 05:03:02.828430',NULL,'2025-06-27 13:32:38.310291','21130320',0,'<p><br></p>','2025-07-08 17:00:00.000000',NULL,'2025-07-01 17:00:00.000000','Issue Test 3',0,0,'0','CRITICAL','TODO','THEORY',NULL,'5036e7c6-0539-4365-a678-dfdcc8605552',NULL,'e36339e9-1500-489c-9cb1-066ba777b58d',_binary ''),('d969dfa7-0dc8-4482-acbe-ee751ae8d648','21130320',_binary '\0',NULL,'2025-06-24 06:09:45.141969',NULL,'2025-07-01 16:07:06.708568','21130320',0,'<p><br></p>','2025-07-08 17:00:00.000000',NULL,'2025-07-01 17:00:00.000000','Generic H2 (Embedded)',0,0,'','CRITICAL','INPROCESS','THEORY',NULL,'5036e7c6-0539-4365-a678-dfdcc8605552',NULL,'e36339e9-1500-489c-9cb1-066ba777b58d',_binary ''),('e476363d-0079-40c9-88e1-4c75db62a408','21130320',_binary '\0',NULL,'2025-06-05 08:01:59.530389',NULL,'2025-06-14 05:29:50.541840','21130320',0,'<p>111111111111asdasd</p>','2025-06-10 17:00:00.000000',NULL,'2025-06-03 17:00:00.000000','Mục đích lựa chọn bài ',0,0,'','CRITICAL','INPROCESS','THEORY','18b24966-2841-4832-ae6d-6897738e78df','5036e7c6-0539-4365-a678-dfdcc8605552','18b24966-2841-4832-ae6d-6897738e78df','1486762f-4088-477a-8fd5-3a9bf3e7d837',_binary '\0');
/*!40000 ALTER TABLE `issues` ENABLE KEYS */;
UNLOCK TABLES;

--
-- Dumping data for table `permissions`
--

LOCK TABLES `permissions` WRITE;
/*!40000 ALTER TABLE `permissions` DISABLE KEYS */;
INSERT INTO `permissions` VALUES ('e79e184d-0874-11f0-91a0-0242ac120002','manage_roles'),('e79e70d0-0874-11f0-91a0-0242ac120002','create_account'),('e79e7242-0874-11f0-91a0-0242ac120002','update_account'),('e79e72a7-0874-11f0-91a0-0242ac120002','deactivate_account'),('e79e72d7-0874-11f0-91a0-0242ac120002','delete_account'),('e79e72ff-0874-11f0-91a0-0242ac120002','assign_role'),('e79e7327-0874-11f0-91a0-0242ac120002','remove_role'),('e79e734c-0874-11f0-91a0-0242ac120002','create_workspace'),('e79e7378-0874-11f0-91a0-0242ac120002','update_workspace'),('e79e739e-0874-11f0-91a0-0242ac120002','deactivate_workspace'),('e79e73c1-0874-11f0-91a0-0242ac120002','delete_workspace'),('e79e73e3-0874-11f0-91a0-0242ac120002','manage_workspace_members'),('e79e7408-0874-11f0-91a0-0242ac120002','create_project'),('e79e742d-0874-11f0-91a0-0242ac120002','update_project'),('e79e7bea-0874-11f0-91a0-0242ac120002','delete_project'),('e79e7c2a-0874-11f0-91a0-0242ac120002','archive_project'),('e79e7c52-0874-11f0-91a0-0242ac120002','assign_project_members'),('e79e7c75-0874-11f0-91a0-0242ac120002','remove_project_members'),('e79e7c9b-0874-11f0-91a0-0242ac120002','create_sprint'),('e79e7cc2-0874-11f0-91a0-0242ac120002','update_sprint'),('e79e7ce5-0874-11f0-91a0-0242ac120002','delete_sprint'),('e79e7d08-0874-11f0-91a0-0242ac120002','start_sprint'),('e79e7d29-0874-11f0-91a0-0242ac120002','complete_sprint'),('e79e7d4a-0874-11f0-91a0-0242ac120002','sprint_backlog'),('e79e7d6e-0874-11f0-91a0-0242ac120002','sprint_retrospect'),('e79e7d93-0874-11f0-91a0-0242ac120002','create_task'),('e79e7db5-0874-11f0-91a0-0242ac120002','update_task'),('e79e7dd9-0874-11f0-91a0-0242ac120002','delete_task'),('e79e7df9-0874-11f0-91a0-0242ac120002','assign_task'),('e79e7e18-0874-11f0-91a0-0242ac120002','change_task_status'),('e79e7e3a-0874-11f0-91a0-0242ac120002','estimate_task_effort'),('e79e7e5d-0874-11f0-91a0-0242ac120002','view_student_progress'),('e79e7e81-0874-11f0-91a0-0242ac120002','evaluate_project'),('e79e7ea4-0874-11f0-91a0-0242ac120002','import_sprint_backlog'),('e79e7ec6-0874-11f0-91a0-0242ac120002','download_sprint_backlog'),('e79e7ee9-0874-11f0-91a0-0242ac120002','audit_logs'),('e79e7f0b-0874-11f0-91a0-0242ac120002','view_sprint_report');
/*!40000 ALTER TABLE `permissions` ENABLE KEYS */;
UNLOCK TABLES;

--
-- Dumping data for table `personal_skill`
--

LOCK TABLES `personal_skill` WRITE;
/*!40000 ALTER TABLE `personal_skill` DISABLE KEYS */;
INSERT INTO `personal_skill` VALUES (1,'4264d7e8-c5b6-48b1-959f-53c25f80cfe8','18b24966-2841-4832-ae6d-6897738e78df');
/*!40000 ALTER TABLE `personal_skill` ENABLE KEYS */;
UNLOCK TABLES;

--
-- Dumping data for table `project_sprint`
--

LOCK TABLES `project_sprint` WRITE;
/*!40000 ALTER TABLE `project_sprint` DISABLE KEYS */;
INSERT INTO `project_sprint` VALUES (NULL,NULL,'5036e7c6-0539-4365-a678-dfdcc8605552','13fc4aee-0cb6-42ed-8ab5-c8602024824b',NULL),(NULL,NULL,'5036e7c6-0539-4365-a678-dfdcc8605552','1486762f-4088-477a-8fd5-3a9bf3e7d837','696ff099-c89e-4399-ab50-35a1a939e340'),(NULL,NULL,'5036e7c6-0539-4365-a678-dfdcc8605552','37b9083d-cd4c-4eb1-8dec-c732f11b4215',NULL),(NULL,NULL,'5036e7c6-0539-4365-a678-dfdcc8605552','dff9f146-83aa-4812-ba15-8538cf37f54a',NULL),(NULL,NULL,'5036e7c6-0539-4365-a678-dfdcc8605552','e36339e9-1500-489c-9cb1-066ba777b58d',NULL),(NULL,NULL,'96e0a97f-475a-43b1-809d-2863781898b9','8f9aea08-bfa3-4463-ada4-e72599bb1ecd',NULL);
/*!40000 ALTER TABLE `project_sprint` ENABLE KEYS */;
UNLOCK TABLES;

--
-- Dumping data for table `projects`
--

LOCK TABLES `projects` WRITE;
/*!40000 ALTER TABLE `projects` DISABLE KEYS */;
INSERT INTO `projects` VALUES ('5036e7c6-0539-4365-a678-dfdcc8605552','21130320',_binary '\0',NULL,'2025-05-21 06:05:41.478332',NULL,'2025-05-21 06:05:41.478332','21130320','Nhóm 1','Nhóm 1'),('5ac3127f-9f39-447d-92c5-fb108cc4281a','21130320',_binary '\0',NULL,'2025-05-21 06:05:16.053939',NULL,'2025-05-21 06:05:16.053939','21130320','Nhóm 1','Nhóm 1'),('821a6771-86ba-44c2-a3f6-e8241c2e5a7f','21130320',_binary '\0',NULL,'2025-05-21 06:05:08.893306',NULL,'2025-05-21 06:05:08.893306','21130320','Nhóm 1','Nhóm 1'),('96e0a97f-475a-43b1-809d-2863781898b9','21130320',_binary '\0',NULL,'2025-06-24 08:08:09.359058',NULL,'2025-06-24 08:08:09.359058','21130320','<p><br></p>','Nhóm 1'),('f8535a53-757b-4fa2-b967-790abcba31fb','21130320',_binary '\0',NULL,'2025-05-21 06:04:59.783788',NULL,'2025-05-21 06:04:59.783788','21130320','','Nhóm 1');
/*!40000 ALTER TABLE `projects` ENABLE KEYS */;
UNLOCK TABLES;

--
-- Dumping data for table `resources`
--

LOCK TABLES `resources` WRITE;
/*!40000 ALTER TABLE `resources` DISABLE KEYS */;
INSERT INTO `resources` VALUES ('127fa919-e28c-4ddc-b90e-f3015ad13347','21130320',_binary '\0',NULL,'2025-06-05 04:51:16.440290',NULL,'2025-06-05 04:51:16.440290','21130320','IMAGE','png','Screenshot from 2025-01-30 09-31-46','ISSUE',175327,'5aea7dbc-e82c-4ab4-933d-46944d84c0d6',NULL,'18b24966-2841-4832-ae6d-6897738e78df',NULL,'KLTN/5036e7c6-0539-4365-a678-dfdcc8605552/5aea7dbc-e82c-4ab4-933d-46944d84c0d6/21130320/Screenshot_from_2025-01-30_09-31-46_z6iuyq'),('1a416cf2-631e-4261-9342-7c1e8f0b4e34','21130320',_binary '\0',NULL,'2025-06-18 06:20:51.244919',NULL,'2025-06-18 06:20:51.244919','21130320','IMAGE','jpg','alex-mccarthy-RGKdWJOUFH0-unsplash.jpg','AVATAR',3380649,NULL,NULL,'18b24966-2841-4832-ae6d-6897738e78df',NULL,'KLTN/user/21130320/alex-mccarthy-RGKdWJOUFH0-unsplash_jq3isq'),('33b4e363-6add-4f92-b92b-f118515ed7a1','21130320',_binary '\0',NULL,'2025-06-17 10:12:48.087024',NULL,'2025-06-17 10:12:48.087024','21130320','FILE','pdf','sgcWebSocketApps','PROJECT',133979,NULL,NULL,'18b24966-2841-4832-ae6d-6897738e78df',NULL,'KLTN/5036e7c6-0539-4365-a678-dfdcc8605552/_report/21130320/sgcWebSocketApps_tvcthc'),('34ee99ff-2477-4beb-95e3-d1329aff438f','21130320',_binary '\0',NULL,'2025-06-17 08:15:15.189664',NULL,'2025-06-17 08:15:15.189664','21130320','FILE','pdf','sgcWebSocketApps','PROJECT',133979,NULL,NULL,'18b24966-2841-4832-ae6d-6897738e78df',NULL,'KLTN/5036e7c6-0539-4365-a678-dfdcc8605552/_report/21130320/sgcWebSocketApps_wlehw8'),('503e7544-e0e8-4f71-8f89-a78220ef71da','21130320',_binary '\0',NULL,'2025-06-18 06:36:09.059901',NULL,'2025-06-18 06:36:09.059901','21130320','IMAGE','jpg','alex-mccarthy-RGKdWJOUFH0-unsplash.jpg','AVATAR',3380649,NULL,NULL,'18b24966-2841-4832-ae6d-6897738e78df',NULL,'KLTN/user/21130320/alex-mccarthy-RGKdWJOUFH0-unsplash_dz0n2l'),('57cb777f-5a03-4c18-a9c9-5a70940f5227','21130320',_binary '\0',NULL,'2025-06-17 08:14:53.883536',NULL,'2025-06-17 08:14:53.883536','21130320','FILE','pdf','sgcWebSocketApps','PROJECT',133979,NULL,NULL,'18b24966-2841-4832-ae6d-6897738e78df',NULL,'KLTN/5036e7c6-0539-4365-a678-dfdcc8605552/_report/21130320/sgcWebSocketApps_wlstto'),('5845337e-c61c-4658-9140-8191f5f33ff0','21130320',_binary '\0',NULL,'2025-06-17 02:28:53.732924',NULL,'2025-06-17 02:28:53.732924','21130320','FILE','jpg','resized-image-Promo-_1_','PROJECT',35856,NULL,NULL,'18b24966-2841-4832-ae6d-6897738e78df',NULL,'KLTN/5036e7c6-0539-4365-a678-dfdcc8605552/_report/21130320/resized-image-Promo-_1__efsslc'),('696ff099-c89e-4399-ab50-35a1a939e340','21130320',_binary '\0',NULL,'2025-06-17 08:20:02.365465',NULL,'2025-06-17 08:20:02.365465','21130320','FILE','pdf','sgcWebSocketApps','PROJECT',133979,NULL,NULL,'18b24966-2841-4832-ae6d-6897738e78df',NULL,'KLTN/5036e7c6-0539-4365-a678-dfdcc8605552/_report/21130320/sgcWebSocketApps_qpqfku'),('6eda539d-a554-4e34-b724-77caff35f591','21130320',_binary '\0',NULL,'2025-06-06 10:39:48.513169',NULL,'2025-06-06 10:39:48.513169','21130320','IMAGE','png','Screenshot from 2025-01-28 21-33-24','ISSUE',180577,'e476363d-0079-40c9-88e1-4c75db62a408',NULL,'18b24966-2841-4832-ae6d-6897738e78df',NULL,'KLTN/5036e7c6-0539-4365-a678-dfdcc8605552/e476363d-0079-40c9-88e1-4c75db62a408/21130320/Screenshot_from_2025-01-28_21-33-24_siw1oe'),('7a13a59b-1e3b-4131-a1d7-a170be7abae0','21130320',_binary '\0',NULL,'2025-06-17 02:34:07.162984',NULL,'2025-06-17 02:34:07.162984','21130320','FILE','jpg','resized-image-Promo-_1_','PROJECT',35856,NULL,NULL,'18b24966-2841-4832-ae6d-6897738e78df',NULL,'KLTN/5036e7c6-0539-4365-a678-dfdcc8605552/_report/21130320/resized-image-Promo-_1__xlqzm6'),('7cfec79c-dfca-404e-9851-bfdf7a7aed54','21130320',_binary '\0',NULL,'2025-06-17 02:30:01.174022',NULL,'2025-06-17 02:30:01.174022','21130320','FILE','jpg','resized-image-Promo-_1_','PROJECT',35856,NULL,NULL,'18b24966-2841-4832-ae6d-6897738e78df',NULL,'KLTN/5036e7c6-0539-4365-a678-dfdcc8605552/_report/21130320/resized-image-Promo-_1__z2ojrx'),('7fa4f09a-3643-4462-b690-5a26011e02bd','21130320',_binary '\0',NULL,'2025-06-18 06:36:26.594432',NULL,'2025-06-18 06:36:26.594432','21130320','IMAGE','jpg','alex-mccarthy-RGKdWJOUFH0-unsplash.jpg','AVATAR',3380649,NULL,NULL,'18b24966-2841-4832-ae6d-6897738e78df',NULL,'KLTN/user/21130320/alex-mccarthy-RGKdWJOUFH0-unsplash_ujokng'),('7ff40b15-30b4-4af5-a67e-48eec5ee3a12','21130320',_binary '\0',NULL,'2025-06-29 03:32:13.345107',NULL,'2025-06-29 03:32:13.345107','21130320','IMAGE','pdf','CV','ISSUE',123291,NULL,NULL,'18b24966-2841-4832-ae6d-6897738e78df',NULL,'KLTN/5036e7c6-0539-4365-a678-dfdcc8605552/318c4c67-82c4-42ad-b608-343e76d7b120/21130320/CV_w8ewdy'),('8b52c1ac-9a28-4cfe-ab5c-45d3ab9ecd81','21130320',_binary '\0',NULL,'2025-06-18 06:36:21.489953',NULL,'2025-06-18 06:36:21.489953','21130320','IMAGE','jpg','alex-mccarthy-RGKdWJOUFH0-unsplash.jpg','AVATAR',3380649,NULL,NULL,'18b24966-2841-4832-ae6d-6897738e78df',NULL,'KLTN/user/21130320/alex-mccarthy-RGKdWJOUFH0-unsplash_bhjptc'),('adc7e62b-c7a5-4beb-b521-8833785f55d1','21130320',_binary '\0',NULL,'2025-06-18 06:33:42.245101',NULL,'2025-06-18 06:33:42.245101','21130320','IMAGE','jpg','alex-mccarthy-RGKdWJOUFH0-unsplash.jpg','AVATAR',3380649,NULL,NULL,'18b24966-2841-4832-ae6d-6897738e78df',NULL,'KLTN/user/21130320/alex-mccarthy-RGKdWJOUFH0-unsplash_u8ftlv'),('aeb6bee5-6ef3-4d8a-be58-08a6b8de6a76','21130320',_binary '\0',NULL,'2025-06-17 08:15:03.921561',NULL,'2025-06-17 08:15:03.921561','21130320','FILE','pdf','sgcWebSocketApps','PROJECT',133979,NULL,NULL,'18b24966-2841-4832-ae6d-6897738e78df',NULL,'KLTN/5036e7c6-0539-4365-a678-dfdcc8605552/_report/21130320/sgcWebSocketApps_frk9wd'),('b2e03566-4a30-4395-9c59-392f9f3dc040','21130320',_binary '\0',NULL,'2025-06-27 13:33:43.314780',NULL,'2025-06-27 13:33:43.314780','21130320','FILE',NULL,'BÁO CÁO TỔNG KẾT','PROJECT',0,NULL,NULL,'18b24966-2841-4832-ae6d-6897738e78df',NULL,NULL),('b8909432-8554-4ab3-9ff6-6f0fa5e64c02','21130320',_binary '\0',NULL,'2025-06-05 07:39:20.217610',NULL,'2025-06-05 07:39:20.217610','21130320','IMAGE','png','Screenshot from 2025-01-30 09-46-01','ISSUE',192376,'5aea7dbc-e82c-4ab4-933d-46944d84c0d6',NULL,'18b24966-2841-4832-ae6d-6897738e78df',NULL,'KLTN/5036e7c6-0539-4365-a678-dfdcc8605552/5aea7dbc-e82c-4ab4-933d-46944d84c0d6/21130320/Screenshot_from_2025-01-30_09-46-01_i0giiw'),('c3a9a641-20b5-4e70-8afa-25607a10a890','21130320',_binary '\0',NULL,'2025-06-17 03:14:37.832528',NULL,'2025-06-17 03:14:37.832528','21130320','FILE','jpg','resized-image-Promo (1)','PROJECT',35856,NULL,NULL,'18b24966-2841-4832-ae6d-6897738e78df',NULL,'KLTN/5036e7c6-0539-4365-a678-dfdcc8605552/_report/21130320/resized-image-Promo_1_t9tym0'),('c61f2293-fa02-4d6e-94c5-7656bd52324e','21130320',_binary '\0',NULL,'2025-06-18 06:34:20.505877',NULL,'2025-06-18 06:34:20.505877','21130320','IMAGE','jpg','alex-mccarthy-RGKdWJOUFH0-unsplash.jpg','AVATAR',3380649,NULL,NULL,'18b24966-2841-4832-ae6d-6897738e78df',NULL,'KLTN/user/21130320/alex-mccarthy-RGKdWJOUFH0-unsplash_vh8uc3'),('f507012f-71ae-456d-850f-c6091376e0c9','21130320',_binary '\0',NULL,'2025-06-18 06:36:53.831386',NULL,'2025-06-18 06:36:53.831386','21130320','IMAGE','jpg','alex-mccarthy-RGKdWJOUFH0-unsplash.jpg','AVATAR',3380649,NULL,NULL,'18b24966-2841-4832-ae6d-6897738e78df',NULL,'KLTN/user/21130320/alex-mccarthy-RGKdWJOUFH0-unsplash_kxmh4v');
/*!40000 ALTER TABLE `resources` ENABLE KEYS */;
UNLOCK TABLES;

--
-- Dumping data for table `roles`
--

LOCK TABLES `roles` WRITE;
/*!40000 ALTER TABLE `roles` DISABLE KEYS */;
INSERT INTO `roles` VALUES (_binary '\0',NULL,NULL,NULL,NULL,NULL,'Quản trị hệ thống','f7b59d23-0874-11f0-91a0-0242ac120002',NULL,'admin'),(_binary '\0',NULL,NULL,NULL,NULL,NULL,'Giáo viên hướng dẫn','f7b5f76b-0874-11f0-91a0-0242ac120002',NULL,'teacher'),(_binary '\0',NULL,NULL,NULL,NULL,NULL,'Trưởng nhóm','f7b5f8f8-0874-11f0-91a0-0242ac120002',NULL,'leader'),(_binary '\0',NULL,NULL,NULL,NULL,NULL,'Thành viên','f7b5f96a-0874-11f0-91a0-0242ac120001',NULL,'member'),(_binary '\0',NULL,NULL,NULL,NULL,NULL,'Sinh viên','f7b5f96a-0874-11f0-91a0-0242ac120002',NULL,'student');
/*!40000 ALTER TABLE `roles` ENABLE KEYS */;
UNLOCK TABLES;

--
-- Dumping data for table `roles_permissions`
--

LOCK TABLES `roles_permissions` WRITE;
/*!40000 ALTER TABLE `roles_permissions` DISABLE KEYS */;
INSERT INTO `roles_permissions` VALUES ('e79e184d-0874-11f0-91a0-0242ac120002','f7b59d23-0874-11f0-91a0-0242ac120002'),('e79e70d0-0874-11f0-91a0-0242ac120002','f7b59d23-0874-11f0-91a0-0242ac120002'),('e79e7242-0874-11f0-91a0-0242ac120002','f7b59d23-0874-11f0-91a0-0242ac120002'),('e79e72a7-0874-11f0-91a0-0242ac120002','f7b59d23-0874-11f0-91a0-0242ac120002'),('e79e72d7-0874-11f0-91a0-0242ac120002','f7b59d23-0874-11f0-91a0-0242ac120002'),('e79e72ff-0874-11f0-91a0-0242ac120002','f7b59d23-0874-11f0-91a0-0242ac120002'),('e79e7327-0874-11f0-91a0-0242ac120002','f7b59d23-0874-11f0-91a0-0242ac120002'),('e79e7378-0874-11f0-91a0-0242ac120002','f7b59d23-0874-11f0-91a0-0242ac120002'),('e79e7ce5-0874-11f0-91a0-0242ac120002','f7b59d23-0874-11f0-91a0-0242ac120002'),('e79e7e5d-0874-11f0-91a0-0242ac120002','f7b59d23-0874-11f0-91a0-0242ac120002'),('e79e7e81-0874-11f0-91a0-0242ac120002','f7b59d23-0874-11f0-91a0-0242ac120002'),('e79e7ec6-0874-11f0-91a0-0242ac120002','f7b59d23-0874-11f0-91a0-0242ac120002'),('e79e7ee9-0874-11f0-91a0-0242ac120002','f7b59d23-0874-11f0-91a0-0242ac120002'),('e79e7f0b-0874-11f0-91a0-0242ac120002','f7b59d23-0874-11f0-91a0-0242ac120002'),('e79e734c-0874-11f0-91a0-0242ac120002','f7b5f76b-0874-11f0-91a0-0242ac120002'),('e79e7378-0874-11f0-91a0-0242ac120002','f7b5f76b-0874-11f0-91a0-0242ac120002'),('e79e739e-0874-11f0-91a0-0242ac120002','f7b5f76b-0874-11f0-91a0-0242ac120002'),('e79e73e3-0874-11f0-91a0-0242ac120002','f7b5f76b-0874-11f0-91a0-0242ac120002'),('e79e7c9b-0874-11f0-91a0-0242ac120002','f7b5f76b-0874-11f0-91a0-0242ac120002'),('e79e7cc2-0874-11f0-91a0-0242ac120002','f7b5f76b-0874-11f0-91a0-0242ac120002'),('e79e7ce5-0874-11f0-91a0-0242ac120002','f7b5f76b-0874-11f0-91a0-0242ac120002'),('e79e7d08-0874-11f0-91a0-0242ac120002','f7b5f76b-0874-11f0-91a0-0242ac120002'),('e79e7e3a-0874-11f0-91a0-0242ac120002','f7b5f76b-0874-11f0-91a0-0242ac120002'),('e79e7e5d-0874-11f0-91a0-0242ac120002','f7b5f76b-0874-11f0-91a0-0242ac120002'),('e79e7e81-0874-11f0-91a0-0242ac120002','f7b5f76b-0874-11f0-91a0-0242ac120002'),('e79e7ec6-0874-11f0-91a0-0242ac120002','f7b5f76b-0874-11f0-91a0-0242ac120002'),('e79e7f0b-0874-11f0-91a0-0242ac120002','f7b5f76b-0874-11f0-91a0-0242ac120002'),('e79e742d-0874-11f0-91a0-0242ac120002','f7b5f8f8-0874-11f0-91a0-0242ac120002'),('e79e7bea-0874-11f0-91a0-0242ac120002','f7b5f8f8-0874-11f0-91a0-0242ac120002'),('e79e7c52-0874-11f0-91a0-0242ac120002','f7b5f8f8-0874-11f0-91a0-0242ac120002'),('e79e7c75-0874-11f0-91a0-0242ac120002','f7b5f8f8-0874-11f0-91a0-0242ac120002'),('e79e7d08-0874-11f0-91a0-0242ac120002','f7b5f8f8-0874-11f0-91a0-0242ac120002'),('e79e7d29-0874-11f0-91a0-0242ac120002','f7b5f8f8-0874-11f0-91a0-0242ac120002'),('e79e7d4a-0874-11f0-91a0-0242ac120002','f7b5f8f8-0874-11f0-91a0-0242ac120002'),('e79e7d6e-0874-11f0-91a0-0242ac120002','f7b5f8f8-0874-11f0-91a0-0242ac120002'),('e79e7d93-0874-11f0-91a0-0242ac120002','f7b5f8f8-0874-11f0-91a0-0242ac120002'),('e79e7db5-0874-11f0-91a0-0242ac120002','f7b5f8f8-0874-11f0-91a0-0242ac120002'),('e79e7dd9-0874-11f0-91a0-0242ac120002','f7b5f8f8-0874-11f0-91a0-0242ac120002'),('e79e7df9-0874-11f0-91a0-0242ac120002','f7b5f8f8-0874-11f0-91a0-0242ac120002'),('e79e7e18-0874-11f0-91a0-0242ac120002','f7b5f8f8-0874-11f0-91a0-0242ac120002'),('e79e7ea4-0874-11f0-91a0-0242ac120002','f7b5f8f8-0874-11f0-91a0-0242ac120002'),('e79e7408-0874-11f0-91a0-0242ac120002','f7b5f96a-0874-11f0-91a0-0242ac120002'),('e79e7d93-0874-11f0-91a0-0242ac120002','f7b5f96a-0874-11f0-91a0-0242ac120002'),('e79e7db5-0874-11f0-91a0-0242ac120002','f7b5f96a-0874-11f0-91a0-0242ac120002'),('e79e7df9-0874-11f0-91a0-0242ac120002','f7b5f96a-0874-11f0-91a0-0242ac120002'),('e79e7e18-0874-11f0-91a0-0242ac120002','f7b5f96a-0874-11f0-91a0-0242ac120002');
/*!40000 ALTER TABLE `roles_permissions` ENABLE KEYS */;
UNLOCK TABLES;

--
-- Dumping data for table `skills`
--

LOCK TABLES `skills` WRITE;
/*!40000 ALTER TABLE `skills` DISABLE KEYS */;
INSERT INTO `skills` VALUES ('056dde6b-7bb1-4b2f-9123-f9605bcc3901',NULL,_binary '\0',NULL,'2025-06-15 09:52:51.449162',NULL,NULL,NULL,'Machine Learning'),('0aa8aab5-257b-4908-9d5e-d3a6ad408a6f',NULL,_binary '\0',NULL,'2025-06-15 09:52:51.447607',NULL,NULL,NULL,'HTML'),('2237eec2-51fd-46b8-aca9-4cc7f4a24b70',NULL,_binary '\0',NULL,'2025-06-15 09:52:51.447721',NULL,NULL,NULL,'CSS'),('28a7af70-04ff-45fc-af20-aefd9e8b0678',NULL,_binary '\0',NULL,'2025-06-15 09:52:51.448809',NULL,NULL,NULL,'Node.js'),('33d44096-acc2-4c5e-8c65-d5cc96706be0','21130320',_binary '\0',NULL,'2025-06-15 04:47:52.975068',NULL,'2025-06-15 04:47:52.975068','21130320','Bash'),('3645eda7-56ad-4214-a457-9ef7ac078f8f','21130320',_binary '\0',NULL,'2025-06-15 04:55:32.251256',NULL,'2025-06-15 04:55:32.251256','21130320','WORD'),('4264d7e8-c5b6-48b1-959f-53c25f80cfe8',NULL,_binary '\0',NULL,'2025-06-15 09:52:51.448244',NULL,NULL,NULL,'Docker'),('4dfa3cfb-7577-404b-85a7-b107ab34ab12',NULL,_binary '\0',NULL,'2025-06-15 09:52:51.448437',NULL,NULL,NULL,'AWS'),('5260e75f-8140-4dcc-bfe4-452d036d0536',NULL,_binary '\0',NULL,'2025-06-15 09:52:51.448626',NULL,NULL,NULL,'TensorFlow'),('58cfd595-b984-41e5-b55e-d72cd625a4d5',NULL,_binary '\0',NULL,'2025-06-15 09:52:51.448985',NULL,NULL,NULL,'Agile'),('7d6ad730-a9b4-4496-bc0e-45f7912fc8a1',NULL,_binary '\0',NULL,'2025-06-15 09:52:51.448897',NULL,NULL,NULL,'Linux'),('7e559a77-9a47-4cb6-bc8f-214974f980bc',NULL,_binary '\0',NULL,'2025-06-15 09:52:51.448053',NULL,NULL,NULL,'C++'),('849ba93b-afce-44cc-b023-699f1af2977a',NULL,_binary '\0',NULL,'2025-06-15 09:52:51.447454',NULL,NULL,NULL,'JavaScript'),('85f722fb-4f99-4d2c-8464-98e14abad6ea',NULL,_binary '\0',NULL,'2025-06-15 09:52:51.448153',NULL,NULL,NULL,'Git'),('89c88379-e3d9-4739-a090-8074d446296f',NULL,_binary '\0',NULL,'2025-06-15 09:52:51.447130',NULL,NULL,NULL,'Python'),('8eddae7f-c240-4e93-a731-7894e944be9e',NULL,_binary '\0',NULL,'2025-06-15 09:52:51.449073',NULL,NULL,NULL,'Scrum'),('a0478f83-9823-44f0-9acc-a58fceaf4d31',NULL,_binary '\0',NULL,'2025-06-15 09:52:51.447826',NULL,NULL,NULL,'SQL'),('b2b5710d-96ba-46b9-aab0-fd9391c8720e',NULL,_binary '\0',NULL,'2025-06-15 09:52:51.447926',NULL,NULL,NULL,'Java'),('c7f8876b-8d53-4785-ba2e-71e687fa10cc',NULL,_binary '\0',NULL,'2025-06-15 09:52:51.448529',NULL,NULL,NULL,'Azure'),('d943460a-ca61-44e8-b0dd-320afd711f16',NULL,_binary '\0',NULL,'2025-06-15 09:52:51.448334',NULL,NULL,NULL,'Kubernetes'),('f9651c35-fccf-4a89-85d6-7c311619db78',NULL,_binary '\0',NULL,'2025-06-15 09:52:51.448717',NULL,NULL,NULL,'React'),('fc9e1aeb-2bfd-4581-8e34-e42551a01a22',NULL,_binary '\0',NULL,'2025-06-15 09:52:51.449251',NULL,NULL,NULL,'Data Analysis');
/*!40000 ALTER TABLE `skills` ENABLE KEYS */;
UNLOCK TABLES;

--
-- Dumping data for table `sprint_resource`
--

LOCK TABLES `sprint_resource` WRITE;
/*!40000 ALTER TABLE `sprint_resource` DISABLE KEYS */;
INSERT INTO `sprint_resource` VALUES ('5036e7c6-0539-4365-a678-dfdcc8605552','1486762f-4088-477a-8fd5-3a9bf3e7d837','57cb777f-5a03-4c18-a9c9-5a70940f5227'),('5036e7c6-0539-4365-a678-dfdcc8605552','1486762f-4088-477a-8fd5-3a9bf3e7d837','aeb6bee5-6ef3-4d8a-be58-08a6b8de6a76'),('5036e7c6-0539-4365-a678-dfdcc8605552','13fc4aee-0cb6-42ed-8ab5-c8602024824b','33b4e363-6add-4f92-b92b-f118515ed7a1'),('5036e7c6-0539-4365-a678-dfdcc8605552','13fc4aee-0cb6-42ed-8ab5-c8602024824b','b2e03566-4a30-4395-9c59-392f9f3dc040');
/*!40000 ALTER TABLE `sprint_resource` ENABLE KEYS */;
UNLOCK TABLES;

--
-- Dumping data for table `sprints`
--

LOCK TABLES `sprints` WRITE;
/*!40000 ALTER TABLE `sprints` DISABLE KEYS */;
INSERT INTO `sprints` VALUES ('13fc4aee-0cb6-42ed-8ab5-c8602024824b','21130321',_binary '\0',NULL,'2025-06-04 07:43:32.870602',NULL,'2025-06-04 07:43:32.870602','21130321','2025-07-01 17:00:00.000000','2025-06-26 17:00:00.000000','2025-06-24 17:00:00.000000','Implementation core business (product)','8e8fa63f-227a-4486-b73d-2e649f3d0488',0),('1486762f-4088-477a-8fd5-3a9bf3e7d837','21130321',_binary '\0',NULL,'2025-06-05 03:48:27.427103',NULL,'2025-06-05 03:48:27.427103','21130321','2025-06-18 17:00:00.000000','2025-06-09 03:47:35.867000','2025-06-03 17:00:00.000000','Phân tích bài toán','8e8fa63f-227a-4486-b73d-2e649f3d0488',0),('24114ed0-9c03-4928-9b62-391b25772ad6','21130321',_binary '\0',NULL,'2025-06-16 01:44:40.253061',NULL,'2025-06-16 01:44:40.253061','21130321','2025-06-23 01:44:26.152000','2025-06-20 01:44:26.152000','2025-06-19 17:00:00.000000','Phân tích kiến trúc','e0e63e14-8bd9-4de2-938d-5dfa67c12a38',10),('37b9083d-cd4c-4eb1-8dec-c732f11b4215','21130321',_binary '\0',NULL,'2025-06-04 07:42:03.007190',NULL,'2025-06-04 07:42:03.007190','21130321','2025-06-17 17:00:00.000000','2025-06-10 17:00:00.000000','2025-06-10 17:00:00.000000','Phân tích hệ thống','8e8fa63f-227a-4486-b73d-2e649f3d0488',0),('8f9aea08-bfa3-4463-ada4-e72599bb1ecd','21130321',_binary '\0',NULL,'2025-06-24 08:01:54.893924',NULL,'2025-06-24 08:01:54.893924','21130321','2025-07-01 08:01:45.080000','2025-06-28 08:01:45.080000','2025-06-26 08:01:45.080000','Chuẩn bị','05f5135e-1ed8-4c1f-8c2e-09ad75276cf1',20),('dff9f146-83aa-4812-ba15-8538cf37f54a','21130321',_binary '\0',NULL,'2025-06-04 07:42:33.461381',NULL,'2025-06-04 07:42:33.461381','21130321','2025-06-24 17:00:00.000000','2025-06-19 17:00:00.000000','2025-06-17 17:00:00.000000','Implementation Auth Module, Error handling global','8e8fa63f-227a-4486-b73d-2e649f3d0488',0),('e36339e9-1500-489c-9cb1-066ba777b58d','21130321',_binary '\0',NULL,'2025-06-04 07:44:22.783289',NULL,'2025-06-04 07:44:22.783289','21130321','2025-07-08 17:00:00.000000','2025-07-03 17:00:00.000000','2025-07-02 17:00:00.000000','Implementation core business (order)','8e8fa63f-227a-4486-b73d-2e649f3d0488',0),('fe45df9e-da75-422f-9349-dda45f0a71d7','21130321',_binary '\0',NULL,'2025-06-12 07:37:58.619929',NULL,'2025-06-12 07:37:58.619929','21130321','2025-06-19 07:34:35.424000','2025-06-16 07:34:35.424000','2025-06-12 07:34:35.424000','Tìm hiểu công nghệ sử dụng cho TBDĐ','e0e63e14-8bd9-4de2-938d-5dfa67c12a38',20);
/*!40000 ALTER TABLE `sprints` ENABLE KEYS */;
UNLOCK TABLES;

--
-- Dumping data for table `user_course_relation`
--

LOCK TABLES `user_course_relation` WRITE;
/*!40000 ALTER TABLE `user_course_relation` DISABLE KEYS */;
INSERT INTO `user_course_relation` VALUES (7.2,'a15abf92-54c1-11f0-b992-0242ac150005','18b24966-2841-4832-ae6d-6897738e78df'),(10,'a15b35c7-54c1-11f0-b992-0242ac150005','18b24966-2841-4832-ae6d-6897738e78df'),(1,'a15b35f2-54c1-11f0-b992-0242ac150005','18b24966-2841-4832-ae6d-6897738e78df'),(9.8,'a15b361c-54c1-11f0-b992-0242ac150005','18b24966-2841-4832-ae6d-6897738e78df'),(10,'a15b37e6-54c1-11f0-b992-0242ac150005','18b24966-2841-4832-ae6d-6897738e78df'),(10,'a15b3924-54c1-11f0-b992-0242ac150005','18b24966-2841-4832-ae6d-6897738e78df');
/*!40000 ALTER TABLE `user_course_relation` ENABLE KEYS */;
UNLOCK TABLES;

--
-- Dumping data for table `users`
--

LOCK TABLES `users` WRITE;
/*!40000 ALTER TABLE `users` DISABLE KEYS */;
INSERT INTO `users` VALUES (_binary '\0','2025-04-10 03:15:25.798336',NULL,'2025-06-18 06:36:53.842576',NULL,NULL,NULL,'18b24966-2841-4832-ae6d-6897738e78df','21130320','Le Anh Duc','$2a$10$XxxPvMRDzV97FhiKmwndK.KtzC2IkKctcyHyaiLPcwMaBx3Hq7.kO','f7b5f96a-0874-11f0-91a0-0242ac120002','21130320',NULL,NULL,'f507012f-71ae-456d-850f-c6091376e0c9'),(_binary '\0','2025-05-02 04:46:08.421389',NULL,'2025-05-02 04:46:08.421389','anonymousUser',NULL,NULL,'36dbcca1-fd08-4315-832d-ce18751dfbf7','anonymousUser','Nguyen Thi Phuong Tram','$2a$10$yHKf2xQL6SjWrtH7yBk1FelOEVK0e.LRfeTOFCnswk2mglwPTjAii','f7b5f76b-0874-11f0-91a0-0242ac120002','21130321',NULL,NULL,NULL),(_binary '\0','2025-06-23 05:22:21.769827',NULL,'2025-06-23 05:22:21.769827','anonymousUser',NULL,'21130322@st.hcmuaf.edu.vn','38df2fe0-bb9e-4b01-b41c-4af19ed6161f','anonymousUser','Nguyễn Văn An','$2a$10$JgSxMi1/7FFUaUdbdeO9weZzkVA/mMEUW0L6kf/hU8T4MEu412Qru','f7b5f96a-0874-11f0-91a0-0242ac120002','21130322',NULL,NULL,NULL);
/*!40000 ALTER TABLE `users` ENABLE KEYS */;
UNLOCK TABLES;

--
-- Dumping data for table `workspaces`
--

LOCK TABLES `workspaces` WRITE;
/*!40000 ALTER TABLE `workspaces` DISABLE KEYS */;
INSERT INTO `workspaces` VALUES ('05f5135e-1ed8-4c1f-8c2e-09ad75276cf1','21130321',_binary '\0',NULL,'2025-06-24 07:34:04.629949',NULL,'2025-06-28 03:27:56.084655','21130321','<p><br></p>','2025-07-26 17:00:00.000000','Machine Learning','2025-06-24 07:33:51.573000','36dbcca1-fd08-4315-832d-ce18751dfbf7','a15abf92-54c1-11f0-b992-0242ac150005'),('3b6f4fd7-a0c4-4a8c-bbb5-7e3a0bc3dffd','21130321',_binary '\0',NULL,'2025-06-25 14:49:07.799175',NULL,'2025-06-25 14:49:07.799175','21130321','<p><br></p>','2025-07-25 17:00:00.000000','Thiết kế hướng đối tương','2025-06-25 14:48:40.096000','36dbcca1-fd08-4315-832d-ce18751dfbf7','a15b3524-54c1-11f0-b992-0242ac150005'),('8e8fa63f-227a-4486-b73d-2e649f3d0488','21130321',_binary '\0',NULL,'2025-05-21 06:04:18.001680',NULL,'2025-06-28 04:48:40.401819','21130321','<p>Workspace dành cho lập trình web 2025</p>','2025-06-10 06:02:28.763000','Lập trình  Web 2025','2025-05-21 06:02:28.763000','36dbcca1-fd08-4315-832d-ce18751dfbf7','a15b3b74-54c1-11f0-b992-0242ac150005'),('a9203e65-5028-45f3-82d6-114d659ffef0','21130321',_binary '\0',NULL,'2025-06-04 07:29:06.524800',NULL,'2025-06-04 07:29:06.524800','21130321','description of workspace-creation test-1','2025-05-24 08:15:41.747000','workspace-creation test-1','2025-04-30 08:15:41.747000','36dbcca1-fd08-4315-832d-ce18751dfbf7','a15b3704-54c1-11f0-b992-0242ac150005'),('b5a3332a-73bd-4093-9d1f-63d283a0a852','21130321',_binary '\0',NULL,'2025-07-02 03:10:08.550725',NULL,'2025-07-02 03:10:08.550725','21130321','<p><br></p>','2025-08-29 17:00:00.000000','Thương mại điện tử','2025-06-28 17:00:00.000000','36dbcca1-fd08-4315-832d-ce18751dfbf7','a15b3bbe-54c1-11f0-b992-0242ac150005'),('e0e63e14-8bd9-4de2-938d-5dfa67c12a38','21130321',_binary '\0',NULL,'2025-06-12 05:46:37.508292',NULL,'2025-06-12 05:46:37.508292','21130321','<p>LẬP TRÌNH TBDĐ 2025</p>','2025-07-18 17:00:00.000000','LẬP TRÌNH TBDĐ 2025','2025-06-12 05:42:15.944000','36dbcca1-fd08-4315-832d-ce18751dfbf7','a15b3652-54c1-11f0-b992-0242ac150005');
/*!40000 ALTER TABLE `workspaces` ENABLE KEYS */;
UNLOCK TABLES;

--
-- Dumping data for table `workspaces_users_projects`
--

LOCK TABLES `workspaces_users_projects` WRITE;
/*!40000 ALTER TABLE `workspaces_users_projects` DISABLE KEYS */;
INSERT INTO `workspaces_users_projects` VALUES (_binary '',_binary '','18b24966-2841-4832-ae6d-6897738e78df','05f5135e-1ed8-4c1f-8c2e-09ad75276cf1','96e0a97f-475a-43b1-809d-2863781898b9','f7b5f8f8-0874-11f0-91a0-0242ac120002'),(_binary '\0',_binary '','18b24966-2841-4832-ae6d-6897738e78df','3b6f4fd7-a0c4-4a8c-bbb5-7e3a0bc3dffd',NULL,NULL),(_binary '',_binary '','18b24966-2841-4832-ae6d-6897738e78df','8e8fa63f-227a-4486-b73d-2e649f3d0488','5036e7c6-0539-4365-a678-dfdcc8605552','f7b5f8f8-0874-11f0-91a0-0242ac120002'),(_binary '\0',_binary '','38df2fe0-bb9e-4b01-b41c-4af19ed6161f','05f5135e-1ed8-4c1f-8c2e-09ad75276cf1',NULL,NULL),(_binary '\0',_binary '\0','38df2fe0-bb9e-4b01-b41c-4af19ed6161f','8e8fa63f-227a-4486-b73d-2e649f3d0488','5036e7c6-0539-4365-a678-dfdcc8605552','f7b5f96a-0874-11f0-91a0-0242ac120001');
/*!40000 ALTER TABLE `workspaces_users_projects` ENABLE KEYS */;
UNLOCK TABLES;
/*!40103 SET TIME_ZONE=@OLD_TIME_ZONE */;

/*!40101 SET SQL_MODE=@OLD_SQL_MODE */;
/*!40014 SET FOREIGN_KEY_CHECKS=@OLD_FOREIGN_KEY_CHECKS */;
/*!40014 SET UNIQUE_CHECKS=@OLD_UNIQUE_CHECKS */;
/*!40101 SET CHARACTER_SET_CLIENT=@OLD_CHARACTER_SET_CLIENT */;
/*!40101 SET CHARACTER_SET_RESULTS=@OLD_CHARACTER_SET_RESULTS */;
/*!40101 SET COLLATION_CONNECTION=@OLD_COLLATION_CONNECTION */;
/*!40111 SET SQL_NOTES=@OLD_SQL_NOTES */;

-- Dump completed on 2025-07-02 16:45:02
