-- MySQL dump 10.13  Distrib 8.0.42, for Linux (x86_64)
--
-- Host: 127.0.0.1    Database: kltn
-- ------------------------------------------------------
-- Server version	9.3.0

/*!40101 SET @OLD_CHARACTER_SET_CLIENT=@@CHARACTER_SET_CLIENT */;
/*!40101 SET @OLD_CHARACTER_SET_RESULTS=@@CHARACTER_SET_RESULTS */;
/*!40101 SET @OLD_COLLATION_CONNECTION=@@COLLATION_CONNECTION */;
/*!50503 SET NAMES utf8mb4 */;
/*!40103 SET @OLD_TIME_ZONE=@@TIME_ZONE */;
/*!40103 SET TIME_ZONE='+00:00' */;
/*!40014 SET @OLD_UNIQUE_CHECKS=@@UNIQUE_CHECKS, UNIQUE_CHECKS=0 */;
/*!40014 SET @OLD_FOREIGN_KEY_CHECKS=@@FOREIGN_KEY_CHECKS, FOREIGN_KEY_CHECKS=0 */;
/*!40101 SET @OLD_SQL_MODE=@@SQL_MODE, SQL_MODE='NO_AUTO_VALUE_ON_ZERO' */;
/*!40111 SET @OLD_SQL_NOTES=@@SQL_NOTES, SQL_NOTES=0 */;

--
-- Dumping data for table `course`
--

LOCK TABLES `course` WRITE;
/*!40000 ALTER TABLE `course` DISABLE KEYS */;
INSERT INTO `course` VALUES ('a15abf92-54c1-11f0-b992-0242ac150005',NULL,_binary '\0',NULL,'2025-05-16 17:24:12.065055',NULL,NULL,NULL,'200101','Triết học Mác Lênin'),('a15b33a4-54c1-11f0-b992-0242ac150005',NULL,_binary '\0',NULL,'2025-05-16 17:24:12.065055',NULL,NULL,NULL,'202108','Toán cao cấp A1'),('a15b3524-54c1-11f0-b992-0242ac150005',NULL,_binary '\0',NULL,'2025-05-16 17:24:12.065055',NULL,NULL,NULL,'202109','Toán cao cấp A2'),('a15b3561-54c1-11f0-b992-0242ac150005',NULL,_binary '\0',NULL,'2025-05-16 17:24:12.065055',NULL,NULL,NULL,'202206','Vật lý 2'),('a15b3596-54c1-11f0-b992-0242ac150005',NULL,_binary '\0',NULL,'2025-05-16 17:24:12.065055',NULL,NULL,NULL,'202501','Giáo dục thể chất 1*'),('a15b35c7-54c1-11f0-b992-0242ac150005',NULL,_binary '\0',NULL,'2025-05-16 17:24:12.065055',NULL,NULL,NULL,'213603','Anh văn 1*'),('a15b35f2-54c1-11f0-b992-0242ac150005',NULL,_binary '\0',NULL,'2025-05-16 17:24:12.065055',NULL,NULL,NULL,'214201','Nhập môn tin học'),('a15b361c-54c1-11f0-b992-0242ac150005',NULL,_binary '\0',NULL,'2025-05-16 17:24:12.065055',NULL,NULL,NULL,'214321','Lập trình cơ bản'),('a15b3652-54c1-11f0-b992-0242ac150005',NULL,_binary '\0',NULL,'2025-05-16 17:24:12.065055',NULL,NULL,NULL,'200102','Kinh tế chính trị Mác- Lênin'),('a15b3683-54c1-11f0-b992-0242ac150005',NULL,_binary '\0',NULL,'2025-05-16 17:24:12.065055',NULL,NULL,NULL,'200201','Quân sự 1 (lý thuyết)*'),('a15b36ad-54c1-11f0-b992-0242ac150005',NULL,_binary '\0',NULL,'2025-05-16 17:24:12.065055',NULL,NULL,NULL,'200202','Quân sự 2 (thực hành)*'),('a15b3704-54c1-11f0-b992-0242ac150005',NULL,_binary '\0',NULL,'2025-05-16 17:24:12.065055',NULL,NULL,NULL,'202110','Toán cao cấp A3'),('a15b372d-54c1-11f0-b992-0242ac150005',NULL,_binary '\0',NULL,'2025-05-16 17:24:12.065055',NULL,NULL,NULL,'202502','Giáo dục thể chất 2*'),('a15b3763-54c1-11f0-b992-0242ac150005',NULL,_binary '\0',NULL,'2025-05-16 17:24:12.065055',NULL,NULL,NULL,'213604','Anh văn 2*'),('a15b378c-54c1-11f0-b992-0242ac150005',NULL,_binary '\0',NULL,'2025-05-16 17:24:12.065055',NULL,NULL,NULL,'214231','Cấu trúc máy tính'),('a15b37bb-54c1-11f0-b992-0242ac150005',NULL,_binary '\0',NULL,'2025-05-16 17:24:12.065055',NULL,NULL,NULL,'214242','Nhập môn hệ điều hành'),('a15b37e6-54c1-11f0-b992-0242ac150005',NULL,_binary '\0',NULL,'2025-05-16 17:24:12.065055',NULL,NULL,NULL,'214331','Lập trình nâng cao'),('a15b3811-54c1-11f0-b992-0242ac150005',NULL,_binary '\0',NULL,'2025-05-16 17:24:12.065055',NULL,NULL,NULL,'200103','Chủ nghĩa xã hội khoa học'),('a15b3838-54c1-11f0-b992-0242ac150005',NULL,_binary '\0',NULL,'2025-05-16 17:24:12.065055',NULL,NULL,NULL,'202121','Xác suất thống kê'),('a15b385e-54c1-11f0-b992-0242ac150005',NULL,_binary '\0',NULL,'2025-05-16 17:24:12.065055',NULL,NULL,NULL,'202620','Kỹ năng giao tiếp'),('a15b3884-54c1-11f0-b992-0242ac150005',NULL,_binary '\0',NULL,'2025-05-16 17:24:12.065055',NULL,NULL,NULL,'202622','Pháp luật đại cương'),('a15b38f8-54c1-11f0-b992-0242ac150005',NULL,_binary '\0',NULL,'2025-05-16 17:24:12.065055',NULL,NULL,NULL,'208453','Marketing căn bản'),('a15b3924-54c1-11f0-b992-0242ac150005',NULL,_binary '\0',NULL,'2025-05-16 17:24:12.065055',NULL,NULL,NULL,'214241','Mạng máy tính cơ bản'),('a15b394d-54c1-11f0-b992-0242ac150005',NULL,_binary '\0',NULL,'2025-05-16 17:24:12.065055',NULL,NULL,NULL,'214361','Giao tiếp người _máy'),('a15b3978-54c1-11f0-b992-0242ac150005',NULL,_binary '\0',NULL,'2025-05-16 17:24:12.065055',NULL,NULL,NULL,'214389','Toán rời rạc'),('a15b39a3-54c1-11f0-b992-0242ac150005',NULL,_binary '\0',NULL,'2025-05-16 17:24:12.065055',NULL,NULL,NULL,'214441','Cấu trúc dữ liệu'),('a15b39cd-54c1-11f0-b992-0242ac150005',NULL,_binary '\0',NULL,'2025-05-16 17:24:12.065055',NULL,NULL,NULL,'200107','Tư tưởng Hồ Chí Minh'),('a15b39fb-54c1-11f0-b992-0242ac150005',NULL,_binary '\0',NULL,'2025-05-16 17:24:12.065055',NULL,NULL,NULL,'214251','Hệ điều hành nâng cao'),('a15b3a22-54c1-11f0-b992-0242ac150005',NULL,_binary '\0',NULL,'2025-05-16 17:24:12.065055',NULL,NULL,NULL,'214351','Lý thuyết đồ thị'),('a15b3a4e-54c1-11f0-b992-0242ac150005',NULL,_binary '\0',NULL,'2025-05-16 17:24:12.065055',NULL,NULL,NULL,'214352','Thiết kế hướng đối tượng'),('a15b3a79-54c1-11f0-b992-0242ac150005',NULL,_binary '\0',NULL,'2025-05-16 17:24:12.065055',NULL,NULL,NULL,'214353','Đồ họa máy tính'),('a15b3aa2-54c1-11f0-b992-0242ac150005',NULL,_binary '\0',NULL,'2025-05-16 17:24:12.065055',NULL,NULL,NULL,'214442','Nhập môn cơ sở dữ liệu'),('a15b3ace-54c1-11f0-b992-0242ac150005',NULL,_binary '\0',NULL,'2025-05-16 17:24:12.065055',NULL,NULL,NULL,'200105','Lịch sử Đảng Cộng sản Việt Nam'),('a15b3afb-54c1-11f0-b992-0242ac150005',NULL,_binary '\0',NULL,'2025-05-16 17:24:12.065055',NULL,NULL,NULL,'214252','Lập trình mạng'),('a15b3b23-54c1-11f0-b992-0242ac150005',NULL,_binary '\0',NULL,'2025-05-16 17:24:12.065055',NULL,NULL,NULL,'214282','Mạng máy tính nâng cao'),('a15b3b4a-54c1-11f0-b992-0242ac150005',NULL,_binary '\0',NULL,'2025-05-16 17:24:12.065055',NULL,NULL,NULL,'214372','Lập trình .NET'),('a15b3b74-54c1-11f0-b992-0242ac150005',NULL,_binary '\0',NULL,'2025-05-16 17:24:12.065055',NULL,NULL,NULL,'214386','Lập trình PHP'),('a15b3b98-54c1-11f0-b992-0242ac150005',NULL,_binary '\0',NULL,'2025-05-16 17:24:12.065055',NULL,NULL,NULL,'214451','Hệ quản trị cơ sở dữ liệu'),('a15b3bbe-54c1-11f0-b992-0242ac150005',NULL,_binary '\0',NULL,'2025-05-16 17:24:12.065055',NULL,NULL,NULL,'214462','Lập trình Web'),('a15b3be2-54c1-11f0-b992-0242ac150005',NULL,_binary '\0',NULL,'2025-05-16 17:24:12.065055',NULL,NULL,NULL,'214463','Nhập môn trí tuệ nhân tạo'),('a15b3c05-54c1-11f0-b992-0242ac150005',NULL,_binary '\0',NULL,'2025-05-16 17:24:12.065055',NULL,NULL,NULL,'214273','Lập trình mạng nâng cao'),('a15b3c2e-54c1-11f0-b992-0242ac150005',NULL,_binary '\0',NULL,'2025-05-16 17:24:12.065055',NULL,NULL,NULL,'214274','Lập trình trên thiết bị di động'),('a15b3e4f-54c1-11f0-b992-0242ac150005',NULL,_binary '\0',NULL,'2025-05-16 17:24:12.065055',NULL,NULL,NULL,'214370','Nhập môn công nghệ phần mềm'),('a15b3e7b-54c1-11f0-b992-0242ac150005',NULL,_binary '\0',NULL,'2025-05-16 17:24:12.065055',NULL,NULL,NULL,'214388','Lập trình Front End'),('a15b3e9f-54c1-11f0-b992-0242ac150005',NULL,_binary '\0',NULL,'2025-05-16 17:24:12.065055',NULL,NULL,NULL,'214461','Phân tích và thiết kế hệ thống thông tin'),('a15b3ec8-54c1-11f0-b992-0242ac150005',NULL,_binary '\0',NULL,'2025-05-16 17:24:12.065055',NULL,NULL,NULL,'214471','Hệ thống thông tin quản lý'),('a15b3eee-54c1-11f0-b992-0242ac150005',NULL,_binary '\0',NULL,'2025-05-16 17:24:12.065055',NULL,NULL,NULL,'214492','Máy học'),('a15b3f17-54c1-11f0-b992-0242ac150005',NULL,_binary '\0',NULL,'2025-05-16 17:24:12.065055',NULL,NULL,NULL,'214493','Thực tập lập trình Web'),('a15b3f40-54c1-11f0-b992-0242ac150005',NULL,_binary '\0',NULL,'2025-05-16 17:24:12.065055',NULL,NULL,NULL,'208407','Khởi nghiệp'),('a15b3f6f-54c1-11f0-b992-0242ac150005',NULL,_binary '\0',NULL,'2025-05-16 17:24:12.065055',NULL,NULL,NULL,'214290','IoT'),('a15b4ebe-54c1-11f0-b992-0242ac150005',NULL,_binary '\0',NULL,'2025-05-16 17:24:12.065055',NULL,NULL,NULL,'214292','An ninh mạng'),('a15b4f75-54c1-11f0-b992-0242ac150005',NULL,_binary '\0',NULL,'2025-05-16 17:24:12.065055',NULL,NULL,NULL,'214293','Thực tập lập trình trên thiết bị di động'),('a15b4fcf-54c1-11f0-b992-0242ac150005',NULL,_binary '\0',NULL,'2025-05-16 17:24:12.065055',NULL,NULL,NULL,'214379','Đảm bảo chất lượng và kiểm thử phần mềm'),('a15b501f-54c1-11f0-b992-0242ac150005',NULL,_binary '\0',NULL,'2025-05-16 17:24:12.065055',NULL,NULL,NULL,'214383','Quản lý dự án phần mềm'),('a15b506c-54c1-11f0-b992-0242ac150005',NULL,_binary '\0',NULL,'2025-05-16 17:24:12.065055',NULL,NULL,NULL,'214464','An toàn và bảo mật hệ thống thông tin'),('a15b50b2-54c1-11f0-b992-0242ac150005',NULL,_binary '\0',NULL,'2025-05-16 17:24:12.065055',NULL,NULL,NULL,'214465','Hệ thống thông tin địa lý ứng dụng'),('a15b50f5-54c1-11f0-b992-0242ac150005',NULL,_binary '\0',NULL,'2025-05-16 17:24:12.065055',NULL,NULL,NULL,'214485','Data Mining'),('a15b513b-54c1-11f0-b992-0242ac150005',NULL,_binary '\0',NULL,'2025-05-16 17:24:12.065055',NULL,NULL,NULL,'214491','Data Warehouse'),('a15b518a-54c1-11f0-b992-0242ac150005',NULL,_binary '\0',NULL,'2025-05-16 17:24:12.065055',NULL,NULL,NULL,'214271','Quản trị mạng'),('a15b51be-54c1-11f0-b992-0242ac150005',NULL,_binary '\0',NULL,'2025-05-16 17:24:12.065055',NULL,NULL,NULL,'214285','Giải pháp mạng cho doanh nghiệp'),('a15b51f2-54c1-11f0-b992-0242ac150005',NULL,_binary '\0',NULL,'2025-05-16 17:24:12.065055',NULL,NULL,NULL,'214286','Chuyên đề Java'),('a15b5221-54c1-11f0-b992-0242ac150005',NULL,_binary '\0',NULL,'2025-05-16 17:24:12.065055',NULL,NULL,NULL,'214291','Xử lý ảnh và thị giác máy tính'),('a15b541d-54c1-11f0-b992-0242ac150005',NULL,_binary '\0',NULL,'2025-05-16 17:24:12.065055',NULL,NULL,NULL,'214374','Chuyên đề WEB'),('a15b544a-54c1-11f0-b992-0242ac150005',NULL,_binary '\0',NULL,'2025-05-16 17:24:12.065055',NULL,NULL,NULL,'214387','Chuyên đề mã nguồn mở'),('a15b5475-54c1-11f0-b992-0242ac150005',NULL,_binary '\0',NULL,'2025-05-16 17:24:12.065055',NULL,NULL,NULL,'214483','Thương mại điện tử'),('a15b54a2-54c1-11f0-b992-0242ac150005',NULL,_binary '\0',NULL,'2025-05-16 17:24:12.065055',NULL,NULL,NULL,'214490','Phân tích dữ liệu lớn'),('a15b54c7-54c1-11f0-b992-0242ac150005',NULL,_binary '\0',NULL,'2025-05-16 17:24:12.065055',NULL,NULL,NULL,'214986','Đồ án Công nghệ phần mềm'),('a15b54f4-54c1-11f0-b992-0242ac150005',NULL,_binary '\0',NULL,'2025-05-16 17:24:12.065055',NULL,NULL,NULL,'214987','Khóa luận tốt nghiệp'),('a15b551c-54c1-11f0-b992-0242ac150005',NULL,_binary '\0',NULL,'2025-05-16 17:24:12.065055',NULL,NULL,NULL,'214988','Tiểu luận tốt nghiệp');
/*!40000 ALTER TABLE `course` ENABLE KEYS */;
UNLOCK TABLES;

--
-- Dumping data for table `course_relation`
--

LOCK TABLES `course_relation` WRITE;
/*!40000 ALTER TABLE `course_relation` DISABLE KEYS */;
INSERT INTO `course_relation` VALUES ('a15b3652-54c1-11f0-b992-0242ac150005','a15abf92-54c1-11f0-b992-0242ac150005'),('a15b3978-54c1-11f0-b992-0242ac150005','a15b33a4-54c1-11f0-b992-0242ac150005'),('a15b37e6-54c1-11f0-b992-0242ac150005','a15b361c-54c1-11f0-b992-0242ac150005'),('a15b3978-54c1-11f0-b992-0242ac150005','a15b361c-54c1-11f0-b992-0242ac150005'),('a15b3811-54c1-11f0-b992-0242ac150005','a15b3652-54c1-11f0-b992-0242ac150005'),('a15b3838-54c1-11f0-b992-0242ac150005','a15b3704-54c1-11f0-b992-0242ac150005'),('a15b39fb-54c1-11f0-b992-0242ac150005','a15b37bb-54c1-11f0-b992-0242ac150005'),('a15b518a-54c1-11f0-b992-0242ac150005','a15b37bb-54c1-11f0-b992-0242ac150005'),('a15b51be-54c1-11f0-b992-0242ac150005','a15b37bb-54c1-11f0-b992-0242ac150005'),('a15b394d-54c1-11f0-b992-0242ac150005','a15b37e6-54c1-11f0-b992-0242ac150005'),('a15b39a3-54c1-11f0-b992-0242ac150005','a15b37e6-54c1-11f0-b992-0242ac150005'),('a15b39fb-54c1-11f0-b992-0242ac150005','a15b37e6-54c1-11f0-b992-0242ac150005'),('a15b3a22-54c1-11f0-b992-0242ac150005','a15b37e6-54c1-11f0-b992-0242ac150005'),('a15b3a4e-54c1-11f0-b992-0242ac150005','a15b37e6-54c1-11f0-b992-0242ac150005'),('a15b3afb-54c1-11f0-b992-0242ac150005','a15b37e6-54c1-11f0-b992-0242ac150005'),('a15b3b4a-54c1-11f0-b992-0242ac150005','a15b37e6-54c1-11f0-b992-0242ac150005'),('a15b3b74-54c1-11f0-b992-0242ac150005','a15b37e6-54c1-11f0-b992-0242ac150005'),('a15b3bbe-54c1-11f0-b992-0242ac150005','a15b37e6-54c1-11f0-b992-0242ac150005'),('a15b3be2-54c1-11f0-b992-0242ac150005','a15b37e6-54c1-11f0-b992-0242ac150005'),('a15b39cd-54c1-11f0-b992-0242ac150005','a15b3811-54c1-11f0-b992-0242ac150005'),('a15b3afb-54c1-11f0-b992-0242ac150005','a15b3924-54c1-11f0-b992-0242ac150005'),('a15b3b23-54c1-11f0-b992-0242ac150005','a15b3924-54c1-11f0-b992-0242ac150005'),('a15b3b4a-54c1-11f0-b992-0242ac150005','a15b3924-54c1-11f0-b992-0242ac150005'),('a15b3b74-54c1-11f0-b992-0242ac150005','a15b3924-54c1-11f0-b992-0242ac150005'),('a15b3bbe-54c1-11f0-b992-0242ac150005','a15b3924-54c1-11f0-b992-0242ac150005'),('a15b4ebe-54c1-11f0-b992-0242ac150005','a15b3924-54c1-11f0-b992-0242ac150005'),('a15b518a-54c1-11f0-b992-0242ac150005','a15b3924-54c1-11f0-b992-0242ac150005'),('a15b51be-54c1-11f0-b992-0242ac150005','a15b3924-54c1-11f0-b992-0242ac150005'),('a15b3a79-54c1-11f0-b992-0242ac150005','a15b39a3-54c1-11f0-b992-0242ac150005'),('a15b51f2-54c1-11f0-b992-0242ac150005','a15b39a3-54c1-11f0-b992-0242ac150005'),('a15b3ace-54c1-11f0-b992-0242ac150005','a15b39cd-54c1-11f0-b992-0242ac150005'),('a15b3e4f-54c1-11f0-b992-0242ac150005','a15b3a4e-54c1-11f0-b992-0242ac150005'),('a15b3e9f-54c1-11f0-b992-0242ac150005','a15b3a4e-54c1-11f0-b992-0242ac150005'),('a15b3afb-54c1-11f0-b992-0242ac150005','a15b3aa2-54c1-11f0-b992-0242ac150005'),('a15b3b4a-54c1-11f0-b992-0242ac150005','a15b3aa2-54c1-11f0-b992-0242ac150005'),('a15b3b98-54c1-11f0-b992-0242ac150005','a15b3aa2-54c1-11f0-b992-0242ac150005'),('a15b3e9f-54c1-11f0-b992-0242ac150005','a15b3aa2-54c1-11f0-b992-0242ac150005'),('a15b3ec8-54c1-11f0-b992-0242ac150005','a15b3aa2-54c1-11f0-b992-0242ac150005'),('a15b50b2-54c1-11f0-b992-0242ac150005','a15b3aa2-54c1-11f0-b992-0242ac150005'),('a15b50f5-54c1-11f0-b992-0242ac150005','a15b3aa2-54c1-11f0-b992-0242ac150005'),('a15b513b-54c1-11f0-b992-0242ac150005','a15b3aa2-54c1-11f0-b992-0242ac150005'),('a15b5475-54c1-11f0-b992-0242ac150005','a15b3aa2-54c1-11f0-b992-0242ac150005'),('a15b3c05-54c1-11f0-b992-0242ac150005','a15b3afb-54c1-11f0-b992-0242ac150005'),('a15b3c2e-54c1-11f0-b992-0242ac150005','a15b3afb-54c1-11f0-b992-0242ac150005'),('a15b3f6f-54c1-11f0-b992-0242ac150005','a15b3afb-54c1-11f0-b992-0242ac150005'),('a15b3e7b-54c1-11f0-b992-0242ac150005','a15b3bbe-54c1-11f0-b992-0242ac150005'),('a15b3f17-54c1-11f0-b992-0242ac150005','a15b3bbe-54c1-11f0-b992-0242ac150005'),('a15b506c-54c1-11f0-b992-0242ac150005','a15b3bbe-54c1-11f0-b992-0242ac150005'),('a15b541d-54c1-11f0-b992-0242ac150005','a15b3bbe-54c1-11f0-b992-0242ac150005'),('a15b5475-54c1-11f0-b992-0242ac150005','a15b3bbe-54c1-11f0-b992-0242ac150005'),('a15b3eee-54c1-11f0-b992-0242ac150005','a15b3be2-54c1-11f0-b992-0242ac150005'),('a15b5221-54c1-11f0-b992-0242ac150005','a15b3be2-54c1-11f0-b992-0242ac150005'),('a15b54a2-54c1-11f0-b992-0242ac150005','a15b3be2-54c1-11f0-b992-0242ac150005'),('a15b4f75-54c1-11f0-b992-0242ac150005','a15b3c2e-54c1-11f0-b992-0242ac150005'),('a15b4fcf-54c1-11f0-b992-0242ac150005','a15b3e4f-54c1-11f0-b992-0242ac150005'),('a15b501f-54c1-11f0-b992-0242ac150005','a15b3e4f-54c1-11f0-b992-0242ac150005'),('a15b544a-54c1-11f0-b992-0242ac150005','a15b3e4f-54c1-11f0-b992-0242ac150005');
/*!40000 ALTER TABLE `course_relation` ENABLE KEYS */;
UNLOCK TABLES;

--
-- Dumping data for table `issue_relation`
--

LOCK TABLES `issue_relation` WRITE;
/*!40000 ALTER TABLE `issue_relation` DISABLE KEYS */;
/*!40000 ALTER TABLE `issue_relation` ENABLE KEYS */;
UNLOCK TABLES;

--
-- Dumping data for table `issue_resources`
--

LOCK TABLES `issue_resources` WRITE;
/*!40000 ALTER TABLE `issue_resources` DISABLE KEYS */;
/*!40000 ALTER TABLE `issue_resources` ENABLE KEYS */;
UNLOCK TABLES;

--
-- Dumping data for table `issues`
--

LOCK TABLES `issues` WRITE;
/*!40000 ALTER TABLE `issues` DISABLE KEYS */;
INSERT INTO `issues` VALUES ('67bed9cc-f351-441c-a258-641a279e81b4','21130173',_binary '\0',NULL,'2025-06-28 05:19:28.551028',NULL,'2025-06-28 05:27:36.128682','21130173',0,'<p><br></p>','2025-07-12 17:00:00.000000',NULL,'2025-07-10 17:00:00.000000','sprint 2',0,1,_binary '','0','MAJOR','TODO','PRACTICE','877fd8ab-c4ee-4109-812c-965f17c590f1','086995b0-d8d2-41be-97b6-bab9e900d6e4','877fd8ab-c4ee-4109-812c-965f17c590f1','04625283-7bf8-463a-a449-ff75a940897e'),('ebef8648-91cf-42d5-82bb-423093e658ce','21130173',_binary '\0',NULL,'2025-06-28 05:12:39.008022',NULL,'2025-06-28 05:12:39.008022','21130173',0,'<p><br></p>','2025-07-05 05:02:59.151000',NULL,'2025-06-30 05:02:59.151000','issue 1',0,0,_binary '','0','CRITICAL','TODO','THEORY',NULL,'086995b0-d8d2-41be-97b6-bab9e900d6e4',NULL,'53d88525-5fcb-40f0-be30-4e2bd2bf7acc');
/*!40000 ALTER TABLE `issues` ENABLE KEYS */;
UNLOCK TABLES;

--
-- Dumping data for table `permissions`
--

LOCK TABLES `permissions` WRITE;
/*!40000 ALTER TABLE `permissions` DISABLE KEYS */;
INSERT INTO `permissions` VALUES ('e79e184d-0874-11f0-91a0-0242ac120002','manage_roles'),('e79e70d0-0874-11f0-91a0-0242ac120002','create_account'),('e79e7242-0874-11f0-91a0-0242ac120002','update_account'),('e79e72a7-0874-11f0-91a0-0242ac120002','deactivate_account'),('e79e72d7-0874-11f0-91a0-0242ac120002','delete_account'),('e79e72ff-0874-11f0-91a0-0242ac120002','assign_role'),('e79e7327-0874-11f0-91a0-0242ac120002','remove_role'),('e79e734c-0874-11f0-91a0-0242ac120002','create_workspace'),('e79e7378-0874-11f0-91a0-0242ac120002','update_workspace'),('e79e739e-0874-11f0-91a0-0242ac120002','deactivate_workspace'),('e79e73c1-0874-11f0-91a0-0242ac120002','delete_workspace'),('e79e73e3-0874-11f0-91a0-0242ac120002','manage_workspace_members'),('e79e7408-0874-11f0-91a0-0242ac120002','create_project'),('e79e742d-0874-11f0-91a0-0242ac120002','update_project'),('e79e7bea-0874-11f0-91a0-0242ac120002','delete_project'),('e79e7c2a-0874-11f0-91a0-0242ac120002','archive_project'),('e79e7c52-0874-11f0-91a0-0242ac120002','assign_project_members'),('e79e7c75-0874-11f0-91a0-0242ac120002','remove_project_members'),('e79e7c9b-0874-11f0-91a0-0242ac120002','create_sprint'),('e79e7cc2-0874-11f0-91a0-0242ac120002','update_sprint'),('e79e7ce5-0874-11f0-91a0-0242ac120002','delete_sprint'),('e79e7d08-0874-11f0-91a0-0242ac120002','start_sprint'),('e79e7d29-0874-11f0-91a0-0242ac120002','complete_sprint'),('e79e7d4a-0874-11f0-91a0-0242ac120002','sprint_backlog'),('e79e7d6e-0874-11f0-91a0-0242ac120002','sprint_retrospect'),('e79e7d93-0874-11f0-91a0-0242ac120002','create_task'),('e79e7db5-0874-11f0-91a0-0242ac120002','update_task'),('e79e7dd9-0874-11f0-91a0-0242ac120002','delete_task'),('e79e7df9-0874-11f0-91a0-0242ac120002','assign_task'),('e79e7e18-0874-11f0-91a0-0242ac120002','change_task_status'),('e79e7e3a-0874-11f0-91a0-0242ac120002','estimate_task_effort'),('e79e7e5d-0874-11f0-91a0-0242ac120002','view_student_progress'),('e79e7e81-0874-11f0-91a0-0242ac120002','evaluate_project'),('e79e7ea4-0874-11f0-91a0-0242ac120002','import_sprint_backlog'),('e79e7ec6-0874-11f0-91a0-0242ac120002','download_sprint_backlog'),('e79e7ee9-0874-11f0-91a0-0242ac120002','audit_logs'),('e79e7f0b-0874-11f0-91a0-0242ac120002','view_sprint_report');
/*!40000 ALTER TABLE `permissions` ENABLE KEYS */;
UNLOCK TABLES;

--
-- Dumping data for table `personal_skill`
--

LOCK TABLES `personal_skill` WRITE;
/*!40000 ALTER TABLE `personal_skill` DISABLE KEYS */;
/*!40000 ALTER TABLE `personal_skill` ENABLE KEYS */;
UNLOCK TABLES;

--
-- Dumping data for table `project_sprint`
--

LOCK TABLES `project_sprint` WRITE;
/*!40000 ALTER TABLE `project_sprint` DISABLE KEYS */;
INSERT INTO `project_sprint` VALUES (NULL,'086995b0-d8d2-41be-97b6-bab9e900d6e4','04625283-7bf8-463a-a449-ff75a940897e'),(NULL,'086995b0-d8d2-41be-97b6-bab9e900d6e4','53d88525-5fcb-40f0-be30-4e2bd2bf7acc'),(NULL,'086995b0-d8d2-41be-97b6-bab9e900d6e4','5ab04ff4-5805-485b-bed2-02bb7c785204');
/*!40000 ALTER TABLE `project_sprint` ENABLE KEYS */;
UNLOCK TABLES;

--
-- Dumping data for table `projects`
--

LOCK TABLES `projects` WRITE;
/*!40000 ALTER TABLE `projects` DISABLE KEYS */;
INSERT INTO `projects` VALUES ('086995b0-d8d2-41be-97b6-bab9e900d6e4','21130173',_binary '\0',NULL,'2025-06-28 05:10:55.774257',NULL,'2025-06-28 05:10:55.774257','21130173','<p><br></p>','Project 1');
/*!40000 ALTER TABLE `projects` ENABLE KEYS */;
UNLOCK TABLES;

--
-- Dumping data for table `resources`
--

LOCK TABLES `resources` WRITE;
/*!40000 ALTER TABLE `resources` DISABLE KEYS */;
INSERT INTO `resources` VALUES ('5c24b335-cf7d-4681-b9c8-152cfc3b88b9','21130172',_binary '\0',NULL,'2025-06-13 08:00:53.938277',NULL,'2025-06-13 08:00:53.938277','21130172','IMAGE','webp','8','ISSUE','KLTN/2ab80fde-7f81-4420-83e7-0acf9aec1a26/dbbb55f4-6b58-417c-bcf8-e66cdb8771eb/21130172/8_kk1eey',93026,'db2cc895-645a-49ca-a77a-6f53d5d85151');
/*!40000 ALTER TABLE `resources` ENABLE KEYS */;
UNLOCK TABLES;

--
-- Dumping data for table `roles`
--

LOCK TABLES `roles` WRITE;
/*!40000 ALTER TABLE `roles` DISABLE KEYS */;
INSERT INTO `roles` VALUES ('f7b59d23-0874-11f0-91a0-0242ac120002',NULL,_binary '\0',NULL,'2025-05-08 04:52:50.000000',NULL,NULL,NULL,'Quản trị hệ thống','admin'),('f7b5f76b-0874-11f0-91a0-0242ac120002',NULL,_binary '\0',NULL,'2025-05-08 04:52:50.000000',NULL,NULL,NULL,'Giáo viên hướng dẫn','teacher'),('f7b5f8f8-0874-11f0-91a0-0242ac120002',NULL,_binary '\0',NULL,'2025-05-08 04:52:50.000000',NULL,NULL,NULL,'Trưởng nhóm','leader'),('f7b5f96a-0874-11f0-91a0-0242ac120002',NULL,_binary '\0',NULL,'2025-05-08 04:52:50.000000',NULL,NULL,NULL,'Sinh viên','student');
/*!40000 ALTER TABLE `roles` ENABLE KEYS */;
UNLOCK TABLES;

--
-- Dumping data for table `roles_permissions`
--

LOCK TABLES `roles_permissions` WRITE;
/*!40000 ALTER TABLE `roles_permissions` DISABLE KEYS */;
INSERT INTO `roles_permissions` VALUES ('f7b59d23-0874-11f0-91a0-0242ac120002','e79e184d-0874-11f0-91a0-0242ac120002'),('f7b59d23-0874-11f0-91a0-0242ac120002','e79e70d0-0874-11f0-91a0-0242ac120002'),('f7b59d23-0874-11f0-91a0-0242ac120002','e79e7242-0874-11f0-91a0-0242ac120002'),('f7b59d23-0874-11f0-91a0-0242ac120002','e79e72a7-0874-11f0-91a0-0242ac120002'),('f7b59d23-0874-11f0-91a0-0242ac120002','e79e72d7-0874-11f0-91a0-0242ac120002'),('f7b59d23-0874-11f0-91a0-0242ac120002','e79e72ff-0874-11f0-91a0-0242ac120002'),('f7b59d23-0874-11f0-91a0-0242ac120002','e79e7327-0874-11f0-91a0-0242ac120002'),('f7b5f76b-0874-11f0-91a0-0242ac120002','e79e734c-0874-11f0-91a0-0242ac120002'),('f7b59d23-0874-11f0-91a0-0242ac120002','e79e7378-0874-11f0-91a0-0242ac120002'),('f7b5f76b-0874-11f0-91a0-0242ac120002','e79e7378-0874-11f0-91a0-0242ac120002'),('f7b5f76b-0874-11f0-91a0-0242ac120002','e79e739e-0874-11f0-91a0-0242ac120002'),('f7b5f76b-0874-11f0-91a0-0242ac120002','e79e73e3-0874-11f0-91a0-0242ac120002'),('f7b5f96a-0874-11f0-91a0-0242ac120002','e79e7408-0874-11f0-91a0-0242ac120002'),('f7b5f8f8-0874-11f0-91a0-0242ac120002','e79e742d-0874-11f0-91a0-0242ac120002'),('f7b5f8f8-0874-11f0-91a0-0242ac120002','e79e7bea-0874-11f0-91a0-0242ac120002'),('f7b5f8f8-0874-11f0-91a0-0242ac120002','e79e7c52-0874-11f0-91a0-0242ac120002'),('f7b5f8f8-0874-11f0-91a0-0242ac120002','e79e7c75-0874-11f0-91a0-0242ac120002'),('f7b5f76b-0874-11f0-91a0-0242ac120002','e79e7c9b-0874-11f0-91a0-0242ac120002'),('f7b5f76b-0874-11f0-91a0-0242ac120002','e79e7cc2-0874-11f0-91a0-0242ac120002'),('f7b5f8f8-0874-11f0-91a0-0242ac120002','e79e7cc2-0874-11f0-91a0-0242ac120002'),('f7b59d23-0874-11f0-91a0-0242ac120002','e79e7ce5-0874-11f0-91a0-0242ac120002'),('f7b5f76b-0874-11f0-91a0-0242ac120002','e79e7ce5-0874-11f0-91a0-0242ac120002'),('f7b5f76b-0874-11f0-91a0-0242ac120002','e79e7d08-0874-11f0-91a0-0242ac120002'),('f7b5f8f8-0874-11f0-91a0-0242ac120002','e79e7d08-0874-11f0-91a0-0242ac120002'),('f7b5f8f8-0874-11f0-91a0-0242ac120002','e79e7d29-0874-11f0-91a0-0242ac120002'),('f7b5f8f8-0874-11f0-91a0-0242ac120002','e79e7d4a-0874-11f0-91a0-0242ac120002'),('f7b5f8f8-0874-11f0-91a0-0242ac120002','e79e7d6e-0874-11f0-91a0-0242ac120002'),('f7b5f8f8-0874-11f0-91a0-0242ac120002','e79e7d93-0874-11f0-91a0-0242ac120002'),('f7b5f96a-0874-11f0-91a0-0242ac120002','e79e7d93-0874-11f0-91a0-0242ac120002'),('f7b5f8f8-0874-11f0-91a0-0242ac120002','e79e7db5-0874-11f0-91a0-0242ac120002'),('f7b5f96a-0874-11f0-91a0-0242ac120002','e79e7db5-0874-11f0-91a0-0242ac120002'),('f7b5f8f8-0874-11f0-91a0-0242ac120002','e79e7dd9-0874-11f0-91a0-0242ac120002'),('f7b5f8f8-0874-11f0-91a0-0242ac120002','e79e7df9-0874-11f0-91a0-0242ac120002'),('f7b5f96a-0874-11f0-91a0-0242ac120002','e79e7df9-0874-11f0-91a0-0242ac120002'),('f7b5f8f8-0874-11f0-91a0-0242ac120002','e79e7e18-0874-11f0-91a0-0242ac120002'),('f7b5f96a-0874-11f0-91a0-0242ac120002','e79e7e18-0874-11f0-91a0-0242ac120002'),('f7b5f76b-0874-11f0-91a0-0242ac120002','e79e7e3a-0874-11f0-91a0-0242ac120002'),('f7b59d23-0874-11f0-91a0-0242ac120002','e79e7e5d-0874-11f0-91a0-0242ac120002'),('f7b5f76b-0874-11f0-91a0-0242ac120002','e79e7e5d-0874-11f0-91a0-0242ac120002'),('f7b59d23-0874-11f0-91a0-0242ac120002','e79e7e81-0874-11f0-91a0-0242ac120002'),('f7b5f76b-0874-11f0-91a0-0242ac120002','e79e7e81-0874-11f0-91a0-0242ac120002'),('f7b5f8f8-0874-11f0-91a0-0242ac120002','e79e7ea4-0874-11f0-91a0-0242ac120002'),('f7b59d23-0874-11f0-91a0-0242ac120002','e79e7ec6-0874-11f0-91a0-0242ac120002'),('f7b5f76b-0874-11f0-91a0-0242ac120002','e79e7ec6-0874-11f0-91a0-0242ac120002'),('f7b59d23-0874-11f0-91a0-0242ac120002','e79e7ee9-0874-11f0-91a0-0242ac120002'),('f7b59d23-0874-11f0-91a0-0242ac120002','e79e7f0b-0874-11f0-91a0-0242ac120002'),('f7b5f76b-0874-11f0-91a0-0242ac120002','e79e7f0b-0874-11f0-91a0-0242ac120002');
/*!40000 ALTER TABLE `roles_permissions` ENABLE KEYS */;
UNLOCK TABLES;

--
-- Dumping data for table `skills`
--

LOCK TABLES `skills` WRITE;
/*!40000 ALTER TABLE `skills` DISABLE KEYS */;
/*!40000 ALTER TABLE `skills` ENABLE KEYS */;
UNLOCK TABLES;

--
-- Dumping data for table `sprint_resource`
--

LOCK TABLES `sprint_resource` WRITE;
/*!40000 ALTER TABLE `sprint_resource` DISABLE KEYS */;
/*!40000 ALTER TABLE `sprint_resource` ENABLE KEYS */;
UNLOCK TABLES;

--
-- Dumping data for table `sprints`
--

LOCK TABLES `sprints` WRITE;
/*!40000 ALTER TABLE `sprints` DISABLE KEYS */;
INSERT INTO `sprints` VALUES ('04625283-7bf8-463a-a449-ff75a940897e','21130171',_binary '\0',NULL,'2025-06-28 05:05:02.425812',NULL,'2025-06-28 05:05:02.425812','21130171','2025-07-12 17:00:00.000000','2025-07-07 17:00:00.000000','2025-07-05 17:00:00.000000',12,'Sprint 2','2af45d65-5b25-4ba6-b052-dd627d62c703'),('53d88525-5fcb-40f0-be30-4e2bd2bf7acc','21130171',_binary '\0',NULL,'2025-06-28 05:03:11.137566',NULL,'2025-06-28 05:03:11.137566','21130171','2025-07-05 05:02:59.151000','2025-07-02 05:02:59.151000','2025-06-30 05:02:59.151000',12,'sprint 1','2af45d65-5b25-4ba6-b052-dd627d62c703'),('5ab04ff4-5805-485b-bed2-02bb7c785204','21130171',_binary '\0',NULL,'2025-06-28 05:05:25.156267',NULL,'2025-06-28 05:05:25.156267','21130171','2025-07-19 17:00:00.000000','2025-07-14 17:00:00.000000','2025-07-12 17:00:00.000000',20,'Sprint 3','2af45d65-5b25-4ba6-b052-dd627d62c703');
/*!40000 ALTER TABLE `sprints` ENABLE KEYS */;
UNLOCK TABLES;

--
-- Dumping data for table `user_course_relation`
--

LOCK TABLES `user_course_relation` WRITE;
/*!40000 ALTER TABLE `user_course_relation` DISABLE KEYS */;
INSERT INTO `user_course_relation` VALUES (9.8,'a15b37e6-54c1-11f0-b992-0242ac150005','db2cc895-645a-49ca-a77a-6f53d5d85151'),(9.5,'a15b3bbe-54c1-11f0-b992-0242ac150005','db2cc895-645a-49ca-a77a-6f53d5d85151');
/*!40000 ALTER TABLE `user_course_relation` ENABLE KEYS */;
UNLOCK TABLES;

--
-- Dumping data for table `users`
--

LOCK TABLES `users` WRITE;
/*!40000 ALTER TABLE `users` DISABLE KEYS */;
INSERT INTO `users` VALUES ('0efffdb4-b730-4f32-b930-79dddc45554a','anonymousUser',_binary '\0',NULL,'2025-05-16 17:24:12.065055',NULL,'2025-05-16 17:24:12.065055','anonymousUser',NULL,'21130179@st.hcmuaf.edu.vn','Đặng Minh Tấn - 1','$2a$10$DNl5D7ZxuJt9LK.BOUpOM.ncezCBHlAuvnYjA7QM7iD6QZON05/fG','21130179',NULL,'f7b5f96a-0874-11f0-91a0-0242ac120002',NULL),('17194877-c523-475f-9bf6-e627293e916f','anonymousUser',_binary '\0',NULL,'2025-05-16 17:24:05.626550',NULL,'2025-05-16 17:24:05.626550','anonymousUser',NULL,'21130177@st.hcmuaf.edu.vn','Đặng Minh Tấn - 1','$2a$10$t0/3uSnsZPimOVrlCyaNv.v5AHMkhgeIwrqczDHsl6OZnqjrjy3R2','21130177',NULL,'f7b5f96a-0874-11f0-91a0-0242ac120002',NULL),('29494edf-a498-48f4-85e1-e33775976468','anonymousUser',_binary '\0',NULL,'2025-05-16 17:23:55.186752',NULL,'2025-05-16 17:23:55.186752','anonymousUser',NULL,'21130174@st.hcmuaf.edu.vn','Đặng Minh Tấn - 1','$2a$10$dBq/sWqIhksiw13wrndq2.ynHXaKMPTvgUqYQxwIZcNqB4TqhrAdO','21130174',NULL,'f7b5f96a-0874-11f0-91a0-0242ac120002',NULL),('4527de36-9be4-4ba3-994d-f6276f6c67c0','anonymousUser',_binary '\0',NULL,'2025-05-16 17:24:08.710758',NULL,'2025-05-16 17:24:08.710758','anonymousUser',NULL,'21130178@st.hcmuaf.edu.vn','Đặng Minh Tấn - 1','$2a$10$VgI0tSaQkpfENMt8/sHZpuZwqf2eQrICMgR1gs2LR1iS9ujbEm60O','21130178',NULL,'f7b5f96a-0874-11f0-91a0-0242ac120002',NULL),('56ecb8b8-6a8a-471a-826f-3a827025e524','anonymousUser',_binary '\0',NULL,'2025-05-16 17:24:02.373895',NULL,'2025-05-16 17:24:02.373895','anonymousUser',NULL,'21130176@st.hcmuaf.edu.vn','Đặng Minh Tấn - 1','$2a$10$EM9iJr/mN3l5.6cE2HLd3ep/0bG0qygrF6ohrQt4yDJDLngKmqu7e','21130176',NULL,'f7b5f96a-0874-11f0-91a0-0242ac120002',NULL),('7cc9eb1e-b051-4fc4-9b5d-0dd423b9b723','anonymousUser',_binary '\0',NULL,'2025-05-16 17:25:20.208985',NULL,'2025-05-16 17:25:20.208985','anonymousUser',NULL,'21130180@st.hcmuaf.edu.vn','Đặng Minh Tấn - 10','$2a$10$b7ZcqZmkOPMzW5MUD3nNXOJLb5rszwtQk7PJWW4hD.xadYzu0EpfK','21130180',NULL,'f7b5f96a-0874-11f0-91a0-0242ac120002',NULL),('877fd8ab-c4ee-4109-812c-965f17c590f1','anonymousUser',_binary '\0',NULL,'2025-05-16 17:23:52.043537',NULL,'2025-05-16 17:23:52.043537','anonymousUser',NULL,'21130173@st.hcmuaf.edu.vn','Đặng Minh Tấn - 1','$2a$10$o8SfLM1hVYXh6IIUNX3oLuCjNGxun/7.lfB2C2v9TGfPvEjlqggHy','21130173',NULL,'f7b5f96a-0874-11f0-91a0-0242ac120002',NULL),('aece6254-3942-4a02-be99-782106eb4a52','anonymousUser',_binary '\0',NULL,'2025-05-16 17:25:39.101283',NULL,'2025-05-16 17:25:39.101283','anonymousUser',NULL,'21130183@st.hcmuaf.edu.vn','Đặng Minh Tấn - 13','$2a$10$I29SwBW0cTVrkbq2jPTuuOLSw2TOiAQJwcOrqnpLqfh1q5.tMR3cO','21130183',NULL,'f7b5f96a-0874-11f0-91a0-0242ac120002',NULL),('cf1781cc-fd98-477f-8fb9-da0b45544521','anonymousUser',_binary '\0',NULL,'2025-05-16 17:25:33.799171',NULL,'2025-05-16 17:25:33.799171','anonymousUser',NULL,'21130182@st.hcmuaf.edu.vn','Đặng Minh Tấn - 12','$2a$10$QFxGImjEJ1qh0M7gdzQw1.JerVu2QIaZvJPYkbtmODp.g.1LkK/Wi','21130182',NULL,'f7b5f96a-0874-11f0-91a0-0242ac120002',NULL),('d1aca7d1-1754-4931-a600-e6d30953b632','anonymousUser',_binary '\0',NULL,'2025-05-16 17:25:26.366459',NULL,'2025-05-16 17:25:26.366459','anonymousUser',NULL,'21130181@st.hcmuaf.edu.vn','Đặng Minh Tấn - 11','$2a$10$q7DFXqtw8tWh9.OnT6K48.sWUE.z0IJSLDkzeSN26nC2OGJbqhkG6','21130181',NULL,'f7b5f96a-0874-11f0-91a0-0242ac120002',NULL),('d22a81b9-1297-4971-a5b1-2ea027e0fa8d','anonymousUser',_binary '\0',NULL,'2025-05-16 17:23:58.183961',NULL,'2025-05-16 17:23:58.183961','anonymousUser',NULL,'21130175@st.hcmuaf.edu.vn','Đặng Minh Tấn - 1','$2a$10$HRjLg5LeyevUyYk0VSCsc.SU5a8Ys9aixhbh55/IEDYY3rNtU2c3a','21130175',NULL,'f7b5f96a-0874-11f0-91a0-0242ac120002',NULL),('db2cc895-645a-49ca-a77a-6f53d5d85151','anonymousUser',_binary '\0',NULL,'2025-05-16 17:23:46.969456',NULL,'2025-05-16 17:23:46.969456','anonymousUser',NULL,'21130172@st.hcmuaf.edu.vn','Đặng Minh Tấn - 1','$2a$10$DcozSsadnKwTnklgGnvm0O7ASbtDOSXoQY4bbpj919FlZ/tUVzHmW','21130172',NULL,'f7b5f96a-0874-11f0-91a0-0242ac120002',NULL),('f3ee7d4d-d82b-45d8-8c46-6756b1b6ea88','anonymousUser',_binary '\0',NULL,'2025-05-16 17:23:42.614644',NULL,'2025-05-16 17:23:42.614644','anonymousUser',NULL,'21130171@st.hcmuaf.edu.vn','Đặng Minh Tấn - 1','$2a$10$eM9DFOftkDiJ8WK/1iIlwOfwF188DliSt07dimOkE4SFpf1Vc4Yxe','21130171',NULL,'f7b5f76b-0874-11f0-91a0-0242ac120002',NULL);
/*!40000 ALTER TABLE `users` ENABLE KEYS */;
UNLOCK TABLES;

--
-- Dumping data for table `workspaces`
--

LOCK TABLES `workspaces` WRITE;
/*!40000 ALTER TABLE `workspaces` DISABLE KEYS */;
INSERT INTO `workspaces` VALUES ('2af45d65-5b25-4ba6-b052-dd627d62c703','21130171',_binary '\0',NULL,'2025-06-28 05:00:20.692070',NULL,'2025-06-28 05:00:20.692070','21130171','<p><br></p>','2025-07-18 04:59:38.871000','LT w','2025-06-28 04:59:38.871000','f3ee7d4d-d82b-45d8-8c46-6756b1b6ea88','a15b3bbe-54c1-11f0-b992-0242ac150005');
/*!40000 ALTER TABLE `workspaces` ENABLE KEYS */;
UNLOCK TABLES;

--
-- Dumping data for table `workspaces_users_projects`
--

LOCK TABLES `workspaces_users_projects` WRITE;
/*!40000 ALTER TABLE `workspaces_users_projects` DISABLE KEYS */;
INSERT INTO `workspaces_users_projects` VALUES (_binary '\0',_binary '','29494edf-a498-48f4-85e1-e33775976468','2af45d65-5b25-4ba6-b052-dd627d62c703',NULL,NULL),(_binary '',_binary '','877fd8ab-c4ee-4109-812c-965f17c590f1','2af45d65-5b25-4ba6-b052-dd627d62c703','086995b0-d8d2-41be-97b6-bab9e900d6e4','f7b5f8f8-0874-11f0-91a0-0242ac120002'),(_binary '\0',_binary '','d22a81b9-1297-4971-a5b1-2ea027e0fa8d','2af45d65-5b25-4ba6-b052-dd627d62c703',NULL,NULL),(_binary '\0',_binary '','db2cc895-645a-49ca-a77a-6f53d5d85151','2af45d65-5b25-4ba6-b052-dd627d62c703',NULL,NULL);
/*!40000 ALTER TABLE `workspaces_users_projects` ENABLE KEYS */;
UNLOCK TABLES;
/*!40103 SET TIME_ZONE=@OLD_TIME_ZONE */;

/*!40101 SET SQL_MODE=@OLD_SQL_MODE */;
/*!40014 SET FOREIGN_KEY_CHECKS=@OLD_FOREIGN_KEY_CHECKS */;
/*!40014 SET UNIQUE_CHECKS=@OLD_UNIQUE_CHECKS */;
/*!40101 SET CHARACTER_SET_CLIENT=@OLD_CHARACTER_SET_CLIENT */;
/*!40101 SET CHARACTER_SET_RESULTS=@OLD_CHARACTER_SET_RESULTS */;
/*!40101 SET COLLATION_CONNECTION=@OLD_COLLATION_CONNECTION */;
/*!40111 SET SQL_NOTES=@OLD_SQL_NOTES */;

-- Dump completed on 2025-06-30 15:04:10
