-- MySQL dump 10.13  Distrib 8.0.42, for Linux (x86_64)
--
-- Host: 127.0.0.1    Database: kltn
-- ------------------------------------------------------
-- Server version	8.0.42

/*!40101 SET @OLD_CHARACTER_SET_CLIENT=@@CHARACTER_SET_CLIENT */;
/*!40101 SET @OLD_CHARACTER_SET_RESULTS=@@CHARACTER_SET_RESULTS */;
/*!40101 SET @OLD_COLLATION_CONNECTION=@@COLLATION_CONNECTION */;
/*!50503 SET NAMES utf8mb4 */;
/*!40103 SET @OLD_TIME_ZONE=@@TIME_ZONE */;
/*!40103 SET TIME_ZONE='+00:00' */;
/*!40014 SET @OLD_UNIQUE_CHECKS=@@UNIQUE_CHECKS, UNIQUE_CHECKS=0 */;
/*!40014 SET @OLD_FOREIGN_KEY_CHECKS=@@FOREIGN_KEY_CHECKS, FOREIGN_KEY_CHECKS=0 */;
/*!40101 SET @OLD_SQL_MODE=@@SQL_MODE, SQL_MODE='NO_AUTO_VALUE_ON_ZERO' */;
/*!40111 SET @OLD_SQL_NOTES=@@SQL_NOTES, SQL_NOTES=0 */;

--
-- Dumping data for table `course`
--

LOCK TABLES `course` WRITE;
/*!40000 ALTER TABLE `course` DISABLE KEYS */;
INSERT INTO `course` VALUES ('a15abf92-54c1-11f0-b992-0242ac150005',NULL,_binary '\0',NULL,'2025-05-16 17:24:12.065055',NULL,NULL,NULL,'200101','Triết học Mác Lênin'),('a15b33a4-54c1-11f0-b992-0242ac150005',NULL,_binary '\0',NULL,'2025-05-16 17:24:12.065055',NULL,NULL,NULL,'202108','Toán cao cấp A1'),('a15b3524-54c1-11f0-b992-0242ac150005',NULL,_binary '\0',NULL,'2025-05-16 17:24:12.065055',NULL,NULL,NULL,'202109','Toán cao cấp A2'),('a15b3561-54c1-11f0-b992-0242ac150005',NULL,_binary '\0',NULL,'2025-05-16 17:24:12.065055',NULL,NULL,NULL,'202206','Vật lý 2'),('a15b3596-54c1-11f0-b992-0242ac150005',NULL,_binary '\0',NULL,'2025-05-16 17:24:12.065055',NULL,NULL,NULL,'202501','Giáo dục thể chất 1*'),('a15b35c7-54c1-11f0-b992-0242ac150005',NULL,_binary '\0',NULL,'2025-05-16 17:24:12.065055',NULL,NULL,NULL,'213603','Anh văn 1*'),('a15b35f2-54c1-11f0-b992-0242ac150005',NULL,_binary '\0',NULL,'2025-05-16 17:24:12.065055',NULL,NULL,NULL,'214201','Nhập môn tin học'),('a15b361c-54c1-11f0-b992-0242ac150005',NULL,_binary '\0',NULL,'2025-05-16 17:24:12.065055',NULL,NULL,NULL,'214321','Lập trình cơ bản'),('a15b3652-54c1-11f0-b992-0242ac150005',NULL,_binary '\0',NULL,'2025-05-16 17:24:12.065055',NULL,NULL,NULL,'200102','Kinh tế chính trị Mác- Lênin'),('a15b3683-54c1-11f0-b992-0242ac150005',NULL,_binary '\0',NULL,'2025-05-16 17:24:12.065055',NULL,NULL,NULL,'200201','Quân sự 1 (lý thuyết)*'),('a15b36ad-54c1-11f0-b992-0242ac150005',NULL,_binary '\0',NULL,'2025-05-16 17:24:12.065055',NULL,NULL,NULL,'200202','Quân sự 2 (thực hành)*'),('a15b3704-54c1-11f0-b992-0242ac150005',NULL,_binary '\0',NULL,'2025-05-16 17:24:12.065055',NULL,NULL,NULL,'202110','Toán cao cấp A3'),('a15b372d-54c1-11f0-b992-0242ac150005',NULL,_binary '\0',NULL,'2025-05-16 17:24:12.065055',NULL,NULL,NULL,'202502','Giáo dục thể chất 2*'),('a15b3763-54c1-11f0-b992-0242ac150005',NULL,_binary '\0',NULL,'2025-05-16 17:24:12.065055',NULL,NULL,NULL,'213604','Anh văn 2*'),('a15b378c-54c1-11f0-b992-0242ac150005',NULL,_binary '\0',NULL,'2025-05-16 17:24:12.065055',NULL,NULL,NULL,'214231','Cấu trúc máy tính'),('a15b37bb-54c1-11f0-b992-0242ac150005',NULL,_binary '\0',NULL,'2025-05-16 17:24:12.065055',NULL,NULL,NULL,'214242','Nhập môn hệ điều hành'),('a15b37e6-54c1-11f0-b992-0242ac150005',NULL,_binary '\0',NULL,'2025-05-16 17:24:12.065055',NULL,NULL,NULL,'214331','Lập trình nâng cao'),('a15b3811-54c1-11f0-b992-0242ac150005',NULL,_binary '\0',NULL,'2025-05-16 17:24:12.065055',NULL,NULL,NULL,'200103','Chủ nghĩa xã hội khoa học'),('a15b3838-54c1-11f0-b992-0242ac150005',NULL,_binary '\0',NULL,'2025-05-16 17:24:12.065055',NULL,NULL,NULL,'202121','Xác suất thống kê'),('a15b385e-54c1-11f0-b992-0242ac150005',NULL,_binary '\0',NULL,'2025-05-16 17:24:12.065055',NULL,NULL,NULL,'202620','Kỹ năng giao tiếp'),('a15b3884-54c1-11f0-b992-0242ac150005',NULL,_binary '\0',NULL,'2025-05-16 17:24:12.065055',NULL,NULL,NULL,'202622','Pháp luật đại cương'),('a15b38f8-54c1-11f0-b992-0242ac150005',NULL,_binary '\0',NULL,'2025-05-16 17:24:12.065055',NULL,NULL,NULL,'208453','Marketing căn bản'),('a15b3924-54c1-11f0-b992-0242ac150005',NULL,_binary '\0',NULL,'2025-05-16 17:24:12.065055',NULL,NULL,NULL,'214241','Mạng máy tính cơ bản'),('a15b394d-54c1-11f0-b992-0242ac150005',NULL,_binary '\0',NULL,'2025-05-16 17:24:12.065055',NULL,NULL,NULL,'214361','Giao tiếp người _máy'),('a15b3978-54c1-11f0-b992-0242ac150005',NULL,_binary '\0',NULL,'2025-05-16 17:24:12.065055',NULL,NULL,NULL,'214389','Toán rời rạc'),('a15b39a3-54c1-11f0-b992-0242ac150005',NULL,_binary '\0',NULL,'2025-05-16 17:24:12.065055',NULL,NULL,NULL,'214441','Cấu trúc dữ liệu'),('a15b39cd-54c1-11f0-b992-0242ac150005',NULL,_binary '\0',NULL,'2025-05-16 17:24:12.065055',NULL,NULL,NULL,'200107','Tư tưởng Hồ Chí Minh'),('a15b39fb-54c1-11f0-b992-0242ac150005',NULL,_binary '\0',NULL,'2025-05-16 17:24:12.065055',NULL,NULL,NULL,'214251','Hệ điều hành nâng cao'),('a15b3a22-54c1-11f0-b992-0242ac150005',NULL,_binary '\0',NULL,'2025-05-16 17:24:12.065055',NULL,NULL,NULL,'214351','Lý thuyết đồ thị'),('a15b3a4e-54c1-11f0-b992-0242ac150005',NULL,_binary '\0',NULL,'2025-05-16 17:24:12.065055',NULL,NULL,NULL,'214352','Thiết kế hướng đối tượng'),('a15b3a79-54c1-11f0-b992-0242ac150005',NULL,_binary '\0',NULL,'2025-05-16 17:24:12.065055',NULL,NULL,NULL,'214353','Đồ họa máy tính'),('a15b3aa2-54c1-11f0-b992-0242ac150005',NULL,_binary '\0',NULL,'2025-05-16 17:24:12.065055',NULL,NULL,NULL,'214442','Nhập môn cơ sở dữ liệu'),('a15b3ace-54c1-11f0-b992-0242ac150005',NULL,_binary '\0',NULL,'2025-05-16 17:24:12.065055',NULL,NULL,NULL,'200105','Lịch sử Đảng Cộng sản Việt Nam'),('a15b3afb-54c1-11f0-b992-0242ac150005',NULL,_binary '\0',NULL,'2025-05-16 17:24:12.065055',NULL,NULL,NULL,'214252','Lập trình mạng'),('a15b3b23-54c1-11f0-b992-0242ac150005',NULL,_binary '\0',NULL,'2025-05-16 17:24:12.065055',NULL,NULL,NULL,'214282','Mạng máy tính nâng cao'),('a15b3b4a-54c1-11f0-b992-0242ac150005',NULL,_binary '\0',NULL,'2025-05-16 17:24:12.065055',NULL,NULL,NULL,'214372','Lập trình .NET'),('a15b3b74-54c1-11f0-b992-0242ac150005',NULL,_binary '\0',NULL,'2025-05-16 17:24:12.065055',NULL,NULL,NULL,'214386','Lập trình PHP'),('a15b3b98-54c1-11f0-b992-0242ac150005',NULL,_binary '\0',NULL,'2025-05-16 17:24:12.065055',NULL,NULL,NULL,'214451','Hệ quản trị cơ sở dữ liệu'),('a15b3bbe-54c1-11f0-b992-0242ac150005',NULL,_binary '\0',NULL,'2025-05-16 17:24:12.065055',NULL,NULL,NULL,'214462','Lập trình Web'),('a15b3be2-54c1-11f0-b992-0242ac150005',NULL,_binary '\0',NULL,'2025-05-16 17:24:12.065055',NULL,NULL,NULL,'214463','Nhập môn trí tuệ nhân tạo'),('a15b3c05-54c1-11f0-b992-0242ac150005',NULL,_binary '\0',NULL,'2025-05-16 17:24:12.065055',NULL,NULL,NULL,'214273','Lập trình mạng nâng cao'),('a15b3c2e-54c1-11f0-b992-0242ac150005',NULL,_binary '\0',NULL,'2025-05-16 17:24:12.065055',NULL,NULL,NULL,'214274','Lập trình trên thiết bị di động'),('a15b3e4f-54c1-11f0-b992-0242ac150005',NULL,_binary '\0',NULL,'2025-05-16 17:24:12.065055',NULL,NULL,NULL,'214370','Nhập môn công nghệ phần mềm'),('a15b3e7b-54c1-11f0-b992-0242ac150005',NULL,_binary '\0',NULL,'2025-05-16 17:24:12.065055',NULL,NULL,NULL,'214388','Lập trình Front End'),('a15b3e9f-54c1-11f0-b992-0242ac150005',NULL,_binary '\0',NULL,'2025-05-16 17:24:12.065055',NULL,NULL,NULL,'214461','Phân tích và thiết kế hệ thống thông tin'),('a15b3ec8-54c1-11f0-b992-0242ac150005',NULL,_binary '\0',NULL,'2025-05-16 17:24:12.065055',NULL,NULL,NULL,'214471','Hệ thống thông tin quản lý'),('a15b3eee-54c1-11f0-b992-0242ac150005',NULL,_binary '\0',NULL,'2025-05-16 17:24:12.065055',NULL,NULL,NULL,'214492','Máy học'),('a15b3f17-54c1-11f0-b992-0242ac150005',NULL,_binary '\0',NULL,'2025-05-16 17:24:12.065055',NULL,NULL,NULL,'214493','Thực tập lập trình Web'),('a15b3f40-54c1-11f0-b992-0242ac150005',NULL,_binary '\0',NULL,'2025-05-16 17:24:12.065055',NULL,NULL,NULL,'208407','Khởi nghiệp'),('a15b3f6f-54c1-11f0-b992-0242ac150005',NULL,_binary '\0',NULL,'2025-05-16 17:24:12.065055',NULL,NULL,NULL,'214290','IoT'),('a15b4ebe-54c1-11f0-b992-0242ac150005',NULL,_binary '\0',NULL,'2025-05-16 17:24:12.065055',NULL,NULL,NULL,'214292','An ninh mạng'),('a15b4f75-54c1-11f0-b992-0242ac150005',NULL,_binary '\0',NULL,'2025-05-16 17:24:12.065055',NULL,NULL,NULL,'214293','Thực tập lập trình trên thiết bị di động'),('a15b4fcf-54c1-11f0-b992-0242ac150005',NULL,_binary '\0',NULL,'2025-05-16 17:24:12.065055',NULL,NULL,NULL,'214379','Đảm bảo chất lượng và kiểm thử phần mềm'),('a15b501f-54c1-11f0-b992-0242ac150005',NULL,_binary '\0',NULL,'2025-05-16 17:24:12.065055',NULL,NULL,NULL,'214383','Quản lý dự án phần mềm'),('a15b506c-54c1-11f0-b992-0242ac150005',NULL,_binary '\0',NULL,'2025-05-16 17:24:12.065055',NULL,NULL,NULL,'214464','An toàn và bảo mật hệ thống thông tin'),('a15b50b2-54c1-11f0-b992-0242ac150005',NULL,_binary '\0',NULL,'2025-05-16 17:24:12.065055',NULL,NULL,NULL,'214465','Hệ thống thông tin địa lý ứng dụng'),('a15b50f5-54c1-11f0-b992-0242ac150005',NULL,_binary '\0',NULL,'2025-05-16 17:24:12.065055',NULL,NULL,NULL,'214485','Data Mining'),('a15b513b-54c1-11f0-b992-0242ac150005',NULL,_binary '\0',NULL,'2025-05-16 17:24:12.065055',NULL,NULL,NULL,'214491','Data Warehouse'),('a15b518a-54c1-11f0-b992-0242ac150005',NULL,_binary '\0',NULL,'2025-05-16 17:24:12.065055',NULL,NULL,NULL,'214271','Quản trị mạng'),('a15b51be-54c1-11f0-b992-0242ac150005',NULL,_binary '\0',NULL,'2025-05-16 17:24:12.065055',NULL,NULL,NULL,'214285','Giải pháp mạng cho doanh nghiệp'),('a15b51f2-54c1-11f0-b992-0242ac150005',NULL,_binary '\0',NULL,'2025-05-16 17:24:12.065055',NULL,NULL,NULL,'214286','Chuyên đề Java'),('a15b5221-54c1-11f0-b992-0242ac150005',NULL,_binary '\0',NULL,'2025-05-16 17:24:12.065055',NULL,NULL,NULL,'214291','Xử lý ảnh và thị giác máy tính'),('a15b541d-54c1-11f0-b992-0242ac150005',NULL,_binary '\0',NULL,'2025-05-16 17:24:12.065055',NULL,NULL,NULL,'214374','Chuyên đề WEB'),('a15b544a-54c1-11f0-b992-0242ac150005',NULL,_binary '\0',NULL,'2025-05-16 17:24:12.065055',NULL,NULL,NULL,'214387','Chuyên đề mã nguồn mở'),('a15b5475-54c1-11f0-b992-0242ac150005',NULL,_binary '\0',NULL,'2025-05-16 17:24:12.065055',NULL,NULL,NULL,'214483','Thương mại điện tử'),('a15b54a2-54c1-11f0-b992-0242ac150005',NULL,_binary '\0',NULL,'2025-05-16 17:24:12.065055',NULL,NULL,NULL,'214490','Phân tích dữ liệu lớn'),('a15b54c7-54c1-11f0-b992-0242ac150005',NULL,_binary '\0',NULL,'2025-05-16 17:24:12.065055',NULL,NULL,NULL,'214986','Đồ án Công nghệ phần mềm'),('a15b54f4-54c1-11f0-b992-0242ac150005',NULL,_binary '\0',NULL,'2025-05-16 17:24:12.065055',NULL,NULL,NULL,'214987','Khóa luận tốt nghiệp'),('a15b551c-54c1-11f0-b992-0242ac150005',NULL,_binary '\0',NULL,'2025-05-16 17:24:12.065055',NULL,NULL,NULL,'214988','Tiểu luận tốt nghiệp');
/*!40000 ALTER TABLE `course` ENABLE KEYS */;
UNLOCK TABLES;

--
-- Dumping data for table `course_relation`
--

LOCK TABLES `course_relation` WRITE;
/*!40000 ALTER TABLE `course_relation` DISABLE KEYS */;
INSERT INTO `course_relation` VALUES ('a15b3652-54c1-11f0-b992-0242ac150005','a15abf92-54c1-11f0-b992-0242ac150005'),('a15b3978-54c1-11f0-b992-0242ac150005','a15b33a4-54c1-11f0-b992-0242ac150005'),('a15b37e6-54c1-11f0-b992-0242ac150005','a15b361c-54c1-11f0-b992-0242ac150005'),('a15b3978-54c1-11f0-b992-0242ac150005','a15b361c-54c1-11f0-b992-0242ac150005'),('a15b3811-54c1-11f0-b992-0242ac150005','a15b3652-54c1-11f0-b992-0242ac150005'),('a15b3838-54c1-11f0-b992-0242ac150005','a15b3704-54c1-11f0-b992-0242ac150005'),('a15b39fb-54c1-11f0-b992-0242ac150005','a15b37bb-54c1-11f0-b992-0242ac150005'),('a15b518a-54c1-11f0-b992-0242ac150005','a15b37bb-54c1-11f0-b992-0242ac150005'),('a15b51be-54c1-11f0-b992-0242ac150005','a15b37bb-54c1-11f0-b992-0242ac150005'),('a15b394d-54c1-11f0-b992-0242ac150005','a15b37e6-54c1-11f0-b992-0242ac150005'),('a15b39a3-54c1-11f0-b992-0242ac150005','a15b37e6-54c1-11f0-b992-0242ac150005'),('a15b39fb-54c1-11f0-b992-0242ac150005','a15b37e6-54c1-11f0-b992-0242ac150005'),('a15b3a22-54c1-11f0-b992-0242ac150005','a15b37e6-54c1-11f0-b992-0242ac150005'),('a15b3a4e-54c1-11f0-b992-0242ac150005','a15b37e6-54c1-11f0-b992-0242ac150005'),('a15b3afb-54c1-11f0-b992-0242ac150005','a15b37e6-54c1-11f0-b992-0242ac150005'),('a15b3b4a-54c1-11f0-b992-0242ac150005','a15b37e6-54c1-11f0-b992-0242ac150005'),('a15b3b74-54c1-11f0-b992-0242ac150005','a15b37e6-54c1-11f0-b992-0242ac150005'),('a15b3bbe-54c1-11f0-b992-0242ac150005','a15b37e6-54c1-11f0-b992-0242ac150005'),('a15b3be2-54c1-11f0-b992-0242ac150005','a15b37e6-54c1-11f0-b992-0242ac150005'),('a15b39cd-54c1-11f0-b992-0242ac150005','a15b3811-54c1-11f0-b992-0242ac150005'),('a15b3afb-54c1-11f0-b992-0242ac150005','a15b3924-54c1-11f0-b992-0242ac150005'),('a15b3b23-54c1-11f0-b992-0242ac150005','a15b3924-54c1-11f0-b992-0242ac150005'),('a15b3b4a-54c1-11f0-b992-0242ac150005','a15b3924-54c1-11f0-b992-0242ac150005'),('a15b3b74-54c1-11f0-b992-0242ac150005','a15b3924-54c1-11f0-b992-0242ac150005'),('a15b3bbe-54c1-11f0-b992-0242ac150005','a15b3924-54c1-11f0-b992-0242ac150005'),('a15b4ebe-54c1-11f0-b992-0242ac150005','a15b3924-54c1-11f0-b992-0242ac150005'),('a15b518a-54c1-11f0-b992-0242ac150005','a15b3924-54c1-11f0-b992-0242ac150005'),('a15b51be-54c1-11f0-b992-0242ac150005','a15b3924-54c1-11f0-b992-0242ac150005'),('a15b3a79-54c1-11f0-b992-0242ac150005','a15b39a3-54c1-11f0-b992-0242ac150005'),('a15b51f2-54c1-11f0-b992-0242ac150005','a15b39a3-54c1-11f0-b992-0242ac150005'),('a15b3ace-54c1-11f0-b992-0242ac150005','a15b39cd-54c1-11f0-b992-0242ac150005'),('a15b3e4f-54c1-11f0-b992-0242ac150005','a15b3a4e-54c1-11f0-b992-0242ac150005'),('a15b3e9f-54c1-11f0-b992-0242ac150005','a15b3a4e-54c1-11f0-b992-0242ac150005'),('a15b3afb-54c1-11f0-b992-0242ac150005','a15b3aa2-54c1-11f0-b992-0242ac150005'),('a15b3b4a-54c1-11f0-b992-0242ac150005','a15b3aa2-54c1-11f0-b992-0242ac150005'),('a15b3b98-54c1-11f0-b992-0242ac150005','a15b3aa2-54c1-11f0-b992-0242ac150005'),('a15b3e9f-54c1-11f0-b992-0242ac150005','a15b3aa2-54c1-11f0-b992-0242ac150005'),('a15b3ec8-54c1-11f0-b992-0242ac150005','a15b3aa2-54c1-11f0-b992-0242ac150005'),('a15b50b2-54c1-11f0-b992-0242ac150005','a15b3aa2-54c1-11f0-b992-0242ac150005'),('a15b50f5-54c1-11f0-b992-0242ac150005','a15b3aa2-54c1-11f0-b992-0242ac150005'),('a15b513b-54c1-11f0-b992-0242ac150005','a15b3aa2-54c1-11f0-b992-0242ac150005'),('a15b5475-54c1-11f0-b992-0242ac150005','a15b3aa2-54c1-11f0-b992-0242ac150005'),('a15b3c05-54c1-11f0-b992-0242ac150005','a15b3afb-54c1-11f0-b992-0242ac150005'),('a15b3c2e-54c1-11f0-b992-0242ac150005','a15b3afb-54c1-11f0-b992-0242ac150005'),('a15b3f6f-54c1-11f0-b992-0242ac150005','a15b3afb-54c1-11f0-b992-0242ac150005'),('a15b3e7b-54c1-11f0-b992-0242ac150005','a15b3bbe-54c1-11f0-b992-0242ac150005'),('a15b3f17-54c1-11f0-b992-0242ac150005','a15b3bbe-54c1-11f0-b992-0242ac150005'),('a15b506c-54c1-11f0-b992-0242ac150005','a15b3bbe-54c1-11f0-b992-0242ac150005'),('a15b541d-54c1-11f0-b992-0242ac150005','a15b3bbe-54c1-11f0-b992-0242ac150005'),('a15b5475-54c1-11f0-b992-0242ac150005','a15b3bbe-54c1-11f0-b992-0242ac150005'),('a15b3eee-54c1-11f0-b992-0242ac150005','a15b3be2-54c1-11f0-b992-0242ac150005'),('a15b5221-54c1-11f0-b992-0242ac150005','a15b3be2-54c1-11f0-b992-0242ac150005'),('a15b54a2-54c1-11f0-b992-0242ac150005','a15b3be2-54c1-11f0-b992-0242ac150005'),('a15b4f75-54c1-11f0-b992-0242ac150005','a15b3c2e-54c1-11f0-b992-0242ac150005'),('a15b4fcf-54c1-11f0-b992-0242ac150005','a15b3e4f-54c1-11f0-b992-0242ac150005'),('a15b501f-54c1-11f0-b992-0242ac150005','a15b3e4f-54c1-11f0-b992-0242ac150005'),('a15b544a-54c1-11f0-b992-0242ac150005','a15b3e4f-54c1-11f0-b992-0242ac150005');
/*!40000 ALTER TABLE `course_relation` ENABLE KEYS */;
UNLOCK TABLES;

--
-- Dumping data for table `issue_relation`
--

LOCK TABLES `issue_relation` WRITE;
/*!40000 ALTER TABLE `issue_relation` DISABLE KEYS */;
INSERT INTO `issue_relation` VALUES ('BLOCKS','0593cc89-3f99-428f-a2d5-836c1426ecbf','b21a82f3-483d-431d-8bbc-7a802df804b3'),('BLOCKS','05fdd16e-c665-47e7-b625-61730516466a','d4207c96-2f40-4b06-9516-4095b3351d62'),('IS_BLOCKED_BY','06610a14-e37a-4806-8ab7-d75a2dce8579','37415898-8c5d-48b1-afba-bea1dd1bd216'),('BLOCKS','06e78dd6-84b1-447f-b2b6-4fb013ce7660','5bb097a7-4df5-4c5c-b40c-5ff8af2c55b2'),('BLOCKS','0776f782-6cd5-461b-b132-feae54e79ae1','4e82b516-b57b-4f04-bf99-376280fa0734'),('IS_BLOCKED_BY','0b7b5777-b931-4ec6-9bde-39fc5b3950b3','933e5098-acc6-4bdf-b1ae-0446a5cb2ed5'),('BLOCKS','0b8fa20a-44d6-4cd7-a4dd-bd9da3600d47','7b7a57a2-766b-4f3f-b011-32b1d2fcb158'),('BLOCKS','0b8fa20a-44d6-4cd7-a4dd-bd9da3600d47','9cdc86df-19a2-4354-bf9f-b96802674dd2'),('IS_BLOCKED_BY','0ee366ac-5fc1-4144-8fa7-cd478a1b68fd','0593cc89-3f99-428f-a2d5-836c1426ecbf'),('IS_BLOCKED_BY','0ee366ac-5fc1-4144-8fa7-cd478a1b68fd','b21a82f3-483d-431d-8bbc-7a802df804b3'),('BLOCKS','12d0b234-8a7f-4188-9ff5-06088ef4aabc','85e3c124-4f2b-4b32-85b7-c71db2df5c08'),('BLOCKS','14127912-36dc-4643-828b-f18a9225a9c4','d4de18ea-c32c-468b-a269-4482b1163960'),('BLOCKS','14561f34-9d74-4e47-ba44-8132ca09c9a6','d1d45698-9c98-4887-ab83-5dc6fb0fe3b8'),('IS_BLOCKED_BY','15854645-c2d5-4b2b-8858-b895597e4aba','465701b3-29fa-4791-8bb0-8dd6f244a2b4'),('BLOCKS','1f43f426-7dc6-4e4a-829d-e541663a0623','09bc2067-ef86-4bfe-ae56-0edd47962ed5'),('BLOCKS','21086d9e-4620-4192-b516-c06583da0e23','4d7d1bdb-3ac3-4b91-b4f1-51e0a4b94317'),('BLOCKS','2171028c-5e8d-4920-a044-3ed769f620fd','2d4dfb6d-58d5-476e-8a4c-df8c6c03ae0b'),('IS_BLOCKED_BY','2171028c-5e8d-4920-a044-3ed769f620fd','466cbd4e-5f3e-469b-a7f7-dd0cf7cf579c'),('RELATES_TO','2171028c-5e8d-4920-a044-3ed769f620fd','8b11f5a1-7fd9-42c9-87f0-ca02f5d69518'),('BLOCKS','2395fffa-37a2-4ce7-865c-7b8c6b443e5d','7daabfea-12d1-49d9-9201-b4960be2ddee'),('IS_BLOCKED_BY','23e31c21-f5d8-4de8-8788-31f76257a428','b3bbd3e6-d1da-4b32-ad7e-8340c1138b45'),('BLOCKS','23f1b589-825f-4df4-ba48-6a00abc5d374','6f4e7164-0a56-4efc-9c21-b9ca7f06374e'),('BLOCKS','31efe5e4-f787-42a6-b54e-53b0a34ee63a','acb2bdb5-94ef-48f4-9a45-a8691447a39d'),('IS_BLOCKED_BY','33e09ba3-79d6-4b35-8bd4-fd12cd86fab3','4c50b5c3-cbf9-4e1b-bcf8-c1b93e04524d'),('BLOCKS','3882021b-b8e7-4d1d-b7b8-00decb7480db','dc93f78a-637a-466d-8906-1c3d4b1a029e'),('BLOCKS','388431ba-e743-428a-aeec-313f8b22b7df','6a592b3c-7eec-45f6-8057-da3c248a7675'),('BLOCKS','388431ba-e743-428a-aeec-313f8b22b7df','91c34d72-1724-4302-8b77-e1adaee668c4'),('IS_BLOCKED_BY','3b6bb22d-9933-4411-a38a-74557aa8af6a','94a7ef44-96a0-46f4-8f7d-e90200f81e1d'),('BLOCKS','3bc3404c-8291-4b9f-b558-a24b707ebb69','f1510497-7881-4c32-b539-4d03d4dba5f3'),('BLOCKS','3f1a9020-6c23-408e-9986-da0d72c8c21f','845ccc41-1ac5-4566-a6bf-c4b7afd6878a'),('BLOCKS','4054e1b7-a01c-4336-9c64-f5e1de556ea8','20eed4f3-1337-4e7d-8bd1-8438f4c25354'),('IS_BLOCKED_BY','42dcaa4b-9c21-4922-872e-f89e1339f857','9a6db468-60b9-401e-b348-8ea68ebbe3ab'),('BLOCKS','441703c9-c371-477a-a4ae-1cdf47e46fb2','b5fe2950-0565-4b58-90cb-5524957231a0'),('BLOCKS','446c0eb5-72a9-4696-9aa8-c93ace7a095a','508e57cb-6e74-4e49-8100-0e09fb06dcaa'),('BLOCKS','45f66c89-cfb8-45e3-8068-625d6bc94b9a','53866c78-4448-4c75-8bc2-4d800f1e82e0'),('BLOCKS','4652db2c-ec8f-46a5-9220-e483541615d4','5fff22f7-c632-43db-88db-89516d983530'),('IS_BLOCKED_BY','465701b3-29fa-4791-8bb0-8dd6f244a2b4','15854645-c2d5-4b2b-8858-b895597e4aba'),('BLOCKS','4771f39a-423d-4b7b-a0c6-f005190330f6','cb88a700-0b5d-499f-a0c9-737a5543b324'),('BLOCKS','4991ce18-3585-4fdf-b2dd-5c5b6a9e33bc','acb2bdb5-94ef-48f4-9a45-a8691447a39d'),('BLOCKS','4db81418-39d6-4016-9c60-d0683b3c16a8','b5acf04e-f857-4728-a1e4-d563f0f5facc'),('BLOCKS','4e59a50e-fbf3-4dde-b729-08ade183e0f8','5a617e04-1f3a-4ed6-9d09-cb74469be668'),('BLOCKS','4e59a50e-fbf3-4dde-b729-08ade183e0f8','b18a6c3d-5e4c-446b-baf5-b774a56d278b'),('BLOCKS','503e6a3e-058e-456b-a157-1df2f9108ca6','73b9ab28-1c2c-4728-b7ce-244878bd0e4d'),('IS_BLOCKED_BY','53a5b737-e6b8-493c-8ac3-3abb5ba997cb','9b445125-43fd-42c6-b945-af3a1f040c1f'),('BLOCKS','55e621f9-2874-4380-95e7-7bd9da147eb2','9edf39e0-c78d-4d80-9f2e-2d49e3a40f8b'),('BLOCKS','55e621f9-2874-4380-95e7-7bd9da147eb2','bfc12383-f4f0-4238-92d8-135d2720c5f8'),('IS_BLOCKED_BY','58e8c82d-b813-4809-b65d-675827426cde','46f69c03-27a1-4bb4-a6a9-7fe14cee096a'),('IS_BLOCKED_BY','5ac6c293-5858-482a-bc78-0992bcd2531e','0593cc89-3f99-428f-a2d5-836c1426ecbf'),('BLOCKS','5cc247a4-1bd2-4009-8124-0c806feda428','d1f2126a-49e2-4be0-a7c4-093281a96ce7'),('BLOCKS','5fe0f172-5cd7-4e30-887e-2924745b30cf','8ff830ee-99ec-4486-aa52-a6679e460372'),('IS_BLOCKED_BY','6045f693-459e-4b85-97ee-e158e9934e95','4278214a-b080-44a8-a3bf-57094f6d42ea'),('BLOCKS','6104e8a9-a27f-4477-84b1-da5243769113','09bc2067-ef86-4bfe-ae56-0edd47962ed5'),('BLOCKS','63dbb10f-0e1c-4dc2-b78d-5101dd3d9265','3201b7b7-7f18-48d1-a401-20dfdd15b81c'),('BLOCKS','63dbb10f-0e1c-4dc2-b78d-5101dd3d9265','7235d4c8-44db-4c4e-94cd-8f5cffb90ca6'),('BLOCKS','64fb7901-dc2f-49f3-8662-5108a330e5f1','dc93f78a-637a-466d-8906-1c3d4b1a029e'),('BLOCKS','67b666ea-5ebb-4992-9b61-a39e4b7f5643','96b59434-aacd-4eb9-97b5-6cbb49ab7c67'),('BLOCKS','6e38cf8d-5e70-4668-8958-9457345ab60e','8d8bb174-8a5d-43d1-a6ac-19022cf20130'),('BLOCKS','6f4bcf5c-026b-4573-aec1-4ea5501faa7a','641e3021-85f2-40fa-bb86-5bd123719dd2'),('BLOCKS','704b3241-14db-4ac7-9d29-a4f0785eae5e','a0cafb83-6775-4dc7-8d35-1285bba93869'),('BLOCKS','715a052f-6d38-4c73-b408-8df9e7d76f94','41fc4607-6c2a-437b-9345-bb58a7f04610'),('BLOCKS','715a052f-6d38-4c73-b408-8df9e7d76f94','dbbc51ee-f4ff-4ae6-91f3-80ff131f258a'),('BLOCKS','72eb8ed8-beda-45db-9ae0-9efc5e90f1c3','53866c78-4448-4c75-8bc2-4d800f1e82e0'),('IS_BLOCKED_BY','74951b4e-91ce-49ec-bc3f-6f27fbbf5a0a','a24392ac-3ec5-4ee9-9db1-ac99680a5477'),('BLOCKS','75fdb332-e0fe-4b1a-906e-2cdb33d2a62d','96b59434-aacd-4eb9-97b5-6cbb49ab7c67'),('BLOCKS','79cd1ec9-8f38-42a4-ae09-bfe2d0e2c3ad','9875eb8f-d632-4933-b2a4-00a8b3f08b08'),('BLOCKS','7c63c4ab-736f-4060-b75d-7d5917a162e7','bd36a8ed-1399-4d9d-8da6-df1b9aaac427'),('BLOCKS','7c63c4ab-736f-4060-b75d-7d5917a162e7','fb437bab-db0e-460e-9244-0257071f72f5'),('BLOCKS','7daabfea-12d1-49d9-9201-b4960be2ddee','ab8b5f66-6eb0-40af-9055-79e18f99b4e3'),('IS_BLOCKED_BY','7f5f7757-7916-4f74-8055-b43b254323e0','d31abc89-5016-449f-8708-304d6e0c46e7'),('BLOCKS','8009ab4a-650f-4644-928c-e77df2b2839a','12d0b234-8a7f-4188-9ff5-06088ef4aabc'),('BLOCKS','8009ab4a-650f-4644-928c-e77df2b2839a','85e3c124-4f2b-4b32-85b7-c71db2df5c08'),('BLOCKS','845ccc41-1ac5-4566-a6bf-c4b7afd6878a','3f1a9020-6c23-408e-9986-da0d72c8c21f'),('BLOCKS','87e6da9c-ab81-46a1-b3ed-6bf4d1c20976','74b04333-cc8c-4d5b-a4ab-fc24fef99f30'),('BLOCKS','88410ad0-02af-4153-9de2-cc524f99f176','2a30f8f4-e5cf-476c-b666-a67c616b33aa'),('BLOCKS','88479c6e-ddfe-4df1-9dac-39b3d37f0f19','4d7d1bdb-3ac3-4b91-b4f1-51e0a4b94317'),('BLOCKS','8ab385ab-b281-4f10-9a71-a2cde106a6c0','1a3eb80c-c769-446b-8774-0a390cf0945d'),('BLOCKS','8af5f4c8-542e-4fca-bede-5e50cf5f495d','d4207c96-2f40-4b06-9516-4095b3351d62'),('IS_BLOCKED_BY','8ff830ee-99ec-4486-aa52-a6679e460372','a50089bb-409f-43bb-bb48-b0c04ee54f5e'),('BLOCKS','90190d7b-42b4-43fb-a490-adeecbd478d6','c32e7ba7-ae66-4e4d-bc5a-b97e6188d2f2'),('BLOCKS','90190d7b-42b4-43fb-a490-adeecbd478d6','c4ae5645-d597-4a39-a01f-929e49ac0d92'),('BLOCKS','9052563c-c842-4f16-9b8a-25d58bec5f45','7cea17ca-0a46-4445-a9ec-124c9bae5afd'),('BLOCKS','9052563c-c842-4f16-9b8a-25d58bec5f45','cee60476-b298-4b43-87bd-09b5e6526b42'),('IS_BLOCKED_BY','90705e8d-4011-47dd-8c15-6284fb924232','e406c6a4-7fc3-4bce-ad10-def41f6484da'),('BLOCKS','91cbffc6-a542-4561-ba1c-3d7d9460405b','7e99e2b4-6171-4d0e-b97e-612bddcaecdf'),('BLOCKS','91cbffc6-a542-4561-ba1c-3d7d9460405b','a3508b1d-e4ea-4acb-8206-41c5744ae104'),('BLOCKS','9438544a-5830-446a-b97d-d0ba68741c57','016c2253-128a-46e8-8e4e-a4a4abcb7b7b'),('IS_BLOCKED_BY','94d52d39-74f0-4910-baab-8dc002ad2157','4278214a-b080-44a8-a3bf-57094f6d42ea'),('BLOCKS','962fcc14-a3f0-49eb-8544-04222bd3d536','a08b838a-ff67-4ba5-a269-74526b8792d9'),('IS_BLOCKED_BY','97908154-d456-4745-bd1a-69cf5f125549','f1d20c0c-06de-4588-a04c-45df148af040'),('IS_BLOCKED_BY','9a602de5-4957-47d9-8646-2e29a2ac7f6c','fa3d631b-17de-40a0-873f-1878575392e1'),('BLOCKS','9ac5b911-563b-42c9-a63e-8fe0aa8ebe27','845ccc41-1ac5-4566-a6bf-c4b7afd6878a'),('BLOCKS','9b445125-43fd-42c6-b945-af3a1f040c1f','53a5b737-e6b8-493c-8ac3-3abb5ba997cb'),('BLOCKS','9beecb51-b8d9-4fde-9c9f-41cd83d06a90','a63259f6-2812-4b66-90d5-2653e873728f'),('BLOCKS','9cdc86df-19a2-4354-bf9f-b96802674dd2','7b7a57a2-766b-4f3f-b011-32b1d2fcb158'),('IS_BLOCKED_BY','a08b838a-ff67-4ba5-a269-74526b8792d9','0d5dce75-24db-4b92-9d66-6c377d5bc225'),('BLOCKS','a1f8d374-1be4-44f2-8413-9c3910d8b065','aae0d1c6-f4fe-4e87-85c4-d7f1651d2f44'),('IS_BLOCKED_BY','a50089bb-409f-43bb-bb48-b0c04ee54f5e','7fbbd25e-f3f6-40ac-9644-db4e4267870a'),('IS_BLOCKED_BY','a50089bb-409f-43bb-bb48-b0c04ee54f5e','ee7691ff-c9b6-4fab-8fde-2ccaddcad414'),('BLOCKS','a66bb24d-f722-422a-be44-e5f337d5cd48','0abf4289-21ab-43a6-afdb-c88c096f47ce'),('BLOCKS','a74d287e-d640-435c-b608-5c42300d5708','c2ff29e5-b5cd-46bb-afde-d46b4f7733b0'),('BLOCKS','a74d287e-d640-435c-b608-5c42300d5708','f142ff2d-ec2e-4919-a344-bca87f3e8284'),('BLOCKS','a99fe14d-a4cf-4452-afce-163c14c05686','462c2842-c317-4df1-9081-09117b8f4b3b'),('BLOCKS','a99fe14d-a4cf-4452-afce-163c14c05686','4dc3a40c-83f3-42d0-8727-2410f953c59f'),('IS_BLOCKED_BY','ab2515ac-f4d3-4c3e-9523-e889ed35b948','37415898-8c5d-48b1-afba-bea1dd1bd216'),('BLOCKS','b55e7532-4396-4a7a-8607-c183187ac110','4d7d1bdb-3ac3-4b91-b4f1-51e0a4b94317'),('IS_BLOCKED_BY','b60356c2-85be-4244-8bb9-4bb4cc7fac57','605df3ab-cbbc-443a-ac2c-6ac8a50c4c8f'),('BLOCKS','bafb6086-6dfc-4ca1-a17e-5914907c16a9','6ec1986a-3f25-4a7f-9171-667ecf251a71'),('BLOCKS','bd010567-c695-4151-9e37-8f271b05d1c1','5a8fb415-4761-4f0a-b18b-151f37180111'),('BLOCKS','c12898d9-cb4d-4e1a-aed2-a5bec897d136','60df388a-37a7-4369-8832-9f4cd3b75c92'),('BLOCKS','c12898d9-cb4d-4e1a-aed2-a5bec897d136','e4429310-2f8a-404d-8e6e-ffa69e4aac74'),('BLOCKS','c19bac85-3592-44e0-aa9c-63a4c923e81a','6f4bcf5c-026b-4573-aec1-4ea5501faa7a'),('IS_BLOCKED_BY','c4acdbda-5877-4380-a8b9-dc4a4140e29b','d0d52fb5-4156-4b64-bb97-960e34bf596b'),('BLOCKS','c9f5dc04-c68f-46cf-a33e-292114782f8f','7bb13114-5599-4fbc-b64c-f8631d780a4e'),('BLOCKS','c9f5dc04-c68f-46cf-a33e-292114782f8f','fadd37bb-c4c0-48fa-a5a6-1101fc043401'),('BLOCKS','cad72563-29e2-449f-91e8-acd0fb6f6d53','d4207c96-2f40-4b06-9516-4095b3351d62'),('BLOCKS','ce1a34c4-9a05-4742-9d53-52b2a18cc628','446c0eb5-72a9-4696-9aa8-c93ace7a095a'),('BLOCKS','ce1a34c4-9a05-4742-9d53-52b2a18cc628','cdd54052-1621-4261-85c4-cf7623853e04'),('IS_BLOCKED_BY','cff3d5f2-2533-4a38-a175-16745e57d44d','aefe43ce-aad5-4ca6-b7f5-56268ee9b26a'),('BLOCKS','d0c9660e-9a37-4c1a-9719-71ca4a96a7f9','6f4e7164-0a56-4efc-9c21-b9ca7f06374e'),('BLOCKS','d0cb36fe-ece4-4860-8fe1-ac8701eff6e5','98237b60-1ef2-427f-a9f7-b27e88995b7b'),('BLOCKS','d222fbb9-85b6-430d-a6dc-f1e5213a2df6','4c62b861-765b-4a77-b5b1-1618b119d718'),('BLOCKS','d222fbb9-85b6-430d-a6dc-f1e5213a2df6','de75d40d-5496-460f-92a9-ff6e0ffa3c28'),('IS_BLOCKED_BY','d3b28ca3-d461-4f33-bba2-3aa075b32db3','37415898-8c5d-48b1-afba-bea1dd1bd216'),('BLOCKS','d3cb2068-b1f6-4f66-a68e-34362398bc4d','4b8d994c-3217-4fe5-b679-e4709de8adff'),('BLOCKS','d3cb2068-b1f6-4f66-a68e-34362398bc4d','d2843848-b8c3-40e4-97ac-68ca793ec9fc'),('IS_BLOCKED_BY','d41e5bb0-c021-40ce-aa1d-0e2aeba48f6f','a0460d0c-52a7-41bc-8892-056a4dfdb09f'),('IS_BLOCKED_BY','da641e0f-1179-4f6f-85bb-f456f67aecb4','850f6f6e-9ab8-44b9-a729-95325bfc0db2'),('BLOCKS','de21bcaa-731d-45e4-8127-13d782a80717','dc93f78a-637a-466d-8906-1c3d4b1a029e'),('BLOCKS','de4ece24-c3e8-4b44-9a30-1a203ddea3d6','aae0d1c6-f4fe-4e87-85c4-d7f1651d2f44'),('BLOCKS','e3321155-0bce-4df6-a1c4-db4d6d7dceb1','07fe1c82-1124-4e58-a21a-d8ee5fe52e4e'),('BLOCKS','e3321155-0bce-4df6-a1c4-db4d6d7dceb1','fb150f6f-e6e0-4a85-9fae-d27fb56666a8'),('BLOCKS','e3b667d0-1364-440c-931f-9f15d7789824','88ec174c-2e72-4940-bf33-242278a5c507'),('BLOCKS','e523f08d-99d7-4f4b-9f20-0e592060fb86','0aecf7af-4568-4dd6-99cb-61e6f59ded8b'),('BLOCKS','e523f08d-99d7-4f4b-9f20-0e592060fb86','5572b289-45c9-4ae0-9f27-e19a70710ca0'),('BLOCKS','e93a48ce-ced0-4737-923e-2260266dbf47','a63259f6-2812-4b66-90d5-2653e873728f'),('BLOCKS','e9543204-a1c7-4fe7-9730-b744dfb5e218','64ed7d2c-6605-47ee-a683-8c07dbe64759'),('BLOCKS','ed72472b-25ae-4522-b0db-51409079719f','48f5e059-d6ca-4e60-bff7-a8057b77770a'),('BLOCKS','ed72472b-25ae-4522-b0db-51409079719f','b22a3b07-701e-4c5e-a121-c535e28d0358'),('BLOCKS','ee8017aa-74df-44a4-958c-c6e6c6218c72','b4f921ba-c3cb-40dc-992d-4a26a84c59d1'),('BLOCKS','ef5aeef6-7589-4b9e-9e97-071e96c23014','8a114250-2ef7-423b-a1f1-9b059d0fb61f'),('BLOCKS','f091190c-734c-42c3-80ce-84e76da24b94','79cd1ec9-8f38-42a4-ae09-bfe2d0e2c3ad'),('IS_BLOCKED_BY','f171509a-de6c-4c1d-805b-c0f8e112c077','8dd42970-f9be-4f43-aae0-a63541db3006'),('BLOCKS','f1e45f30-66c9-423e-a149-ba0c7f1e7a18','1fe71bea-0a9d-4bab-8fe3-9a35dc7da293'),('BLOCKS','f3d3b4c2-9cfa-4a04-86bf-3d2bbf2e77d5','4e82b516-b57b-4f04-bf99-376280fa0734'),('IS_BLOCKED_BY','f43609ff-5ea8-410b-835d-230aa719f2c7','53e6d8bf-3af2-4311-afe2-b7cb9013a94e'),('BLOCKS','f58b1a8a-c792-4876-853a-82e996aee9bd','7f0e478d-e632-4347-9c49-14e0e80410b4'),('BLOCKS','f5d0166b-bf80-49c5-bf4c-a88c99b39fd4','47b4e4ff-d4fa-48d1-aa34-38ed4efb89be'),('BLOCKS','f5d0166b-bf80-49c5-bf4c-a88c99b39fd4','efe0c896-a5af-41c3-bda8-e52b011e9e6f'),('BLOCKS','f5e6d7ac-18ee-4749-8443-3743cf3f485a','1e8d82af-e8cb-42db-a6aa-a828bdb0548d'),('BLOCKS','f5e6d7ac-18ee-4749-8443-3743cf3f485a','3fa2159a-2bc8-4222-8fd3-032c25b53d28'),('BLOCKS','f6ce649a-ac25-4e86-84b7-3e9e57f4d9c9','f1510497-7881-4c32-b539-4d03d4dba5f3'),('BLOCKS','f8143f11-3d68-4e88-b7e7-ffbd91f654a2','fccbe3da-4c48-4652-8f58-f83e9ebaeb74'),('BLOCKS','f87c64f1-9986-4c95-8227-3f7d7263b03d','7419e5b4-a268-4ce9-b3b6-cffb505823d5'),('IS_BLOCKED_BY','fa5dc7d3-bbdf-406a-8489-737c51e57c9c','009c6f3f-cdac-4d51-9f89-a09623d204c2'),('BLOCKS','fcc3681c-ca27-44ed-9a0a-d5a2a2c017a6','38023e49-d517-4f85-b018-a18566e73fd0'),('BLOCKS','fd4b18af-dce9-4e5b-84c4-22e358c407c3','d41e5bb0-c021-40ce-aa1d-0e2aeba48f6f'),('IS_BLOCKED_BY','ff114e94-a88e-4481-8649-c80042646679','6b3e7777-27e5-4b67-aa72-f57077588bf0');
/*!40000 ALTER TABLE `issue_relation` ENABLE KEYS */;
UNLOCK TABLES;

--
-- Dumping data for table `issue_resources`
--

LOCK TABLES `issue_resources` WRITE;
/*!40000 ALTER TABLE `issue_resources` DISABLE KEYS */;
/*!40000 ALTER TABLE `issue_resources` ENABLE KEYS */;
UNLOCK TABLES;

--
-- Dumping data for table `issues`
--

LOCK TABLES `issues` WRITE;
/*!40000 ALTER TABLE `issues` DISABLE KEYS */;
INSERT INTO `issues` VALUES ('005b2aed-ef58-484c-b1f6-c4c42415da69','22130001',_binary '\0',NULL,'2025-07-30 04:28:24.947004',NULL,'2025-08-03 04:37:34.989800','22130001',0,NULL,'2025-06-04 00:31:56.000000',NULL,'2025-06-01 00:00:00.000000','Chuẩn bị demo website hoàn chỉnh',0,0,_binary '\0','','CRITICAL','DONE','PRACTICE','a06e6810-6edc-4b00-ae0e-5883eea883b0','f27d5a34-ecc1-4c32-8fd9-44615cbbed19','1e999da3-163f-4a7c-84cd-2678f6ca565d','14d6b9c2-92f2-4ebb-8ef6-fa89a0233449','2025-03-01 14:00:00.000000'),('008c9092-baa3-44f4-b510-f6898a2ab3b4','22130001',_binary '\0',NULL,'2025-08-02 14:45:10.807945',NULL,'2025-08-02 14:48:39.616492','22130001',1,'<p><br></p>','2025-04-22 17:30:09.000000',NULL,'2025-04-20 00:00:00.000000','Ghi nhận vấn đề và cải thiện',0,0,_binary '\0','','CRITICAL','DONE','THEORY',NULL,'f27d5a34-ecc1-4c32-8fd9-44615cbbed19','a06e6810-6edc-4b00-ae0e-5883eea883b0','9000c302-d92f-436d-a59e-c1de271cbe87','2025-04-22 17:26:40.000000'),('009c6f3f-cdac-4d51-9f89-a09623d204c2','21130320',_binary '\0',NULL,'2025-07-14 09:24:45.371589',NULL,'2025-07-14 09:31:59.460250','21130320',2,'<p><br></p>','2025-03-31 06:20:27.000000',NULL,'2025-03-29 17:00:00.000000','Tớm tắt kiến thức Visitor',0,0,_binary '\0','','CRITICAL','TODO','THEORY','17194877-c523-475f-9bf6-e627293e916f','7d783967-3144-4c76-ae91-0bcb3ebab45b','29494edf-a498-48f4-85e1-e33775976468','99157455-4dac-4bd4-a540-f43c0fd93145','2025-03-29 17:00:00.000000'),('01156ec4-12a7-4adb-b806-4afe79d7ee32','21130359',_binary '\0',NULL,'2025-07-30 04:29:26.506459',NULL,'2025-08-03 04:00:08.092997','21130359',1,NULL,'2025-05-31 00:00:00.000000',NULL,'2025-05-25 00:00:00.000000','Xây dựng chức năng so sánh sản phẩm (nếu có)',0,0,_binary '','','MAJOR','REVIEW','PRACTICE','4587115e-b26e-4761-8de8-41826f97d842','a5bc1288-fe8b-41c1-8993-152dbe7cb3fa','e8ce7209-bec9-428a-9548-239de2754237','00f6f2eb-2153-40a6-b2f3-8f4837ba3a3c','2025-03-01 14:00:00.000000'),('016c2253-128a-46e8-8e4e-a4a4abcb7b7b','21130279',_binary '\0',NULL,'2025-07-30 04:28:39.069876',NULL,'2025-08-02 15:39:19.142880','21130279',1,NULL,'2025-05-03 00:00:00.000000',NULL,'2025-04-27 00:00:00.000000','Xây dựng phân quyền chi tiết cho người bán',0,0,_binary '','','MAJOR','REVIEW','PRACTICE',NULL,'89427d93-69a9-4187-baac-7a3105624b8b',NULL,'02d28358-9e5a-4b65-9f56-bac4a0bffc34','2025-03-01 14:00:00.000000'),('02a8f292-f398-4ba6-a2e4-3eaa648cc951','21130601',_binary '\0',NULL,'2025-07-08 03:56:16.300712',NULL,'2025-07-08 03:56:16.300712','21130601',0,'<p><br></p>','2025-03-28 17:00:00.000000',NULL,'2025-03-22 17:00:00.000000','Tích hợp giỏ hàng',0,0,_binary '\0','0','CRITICAL','TODO','THEORY',NULL,'f5dbc1df-3827-4a90-b9fb-8e1e5736c8c9',NULL,'0e1c0884-cd4f-4efe-85cf-ed3d6c1fce8d','2025-03-22 17:00:00.000000'),('02ff684a-1bf9-4fed-a0fb-316f1982440b','21130359',_binary '\0',NULL,'2025-08-03 10:56:37.761653',NULL,'2025-08-03 10:56:37.761653','21130359',0,NULL,'2025-03-14 17:00:00.000000',NULL,'2025-03-08 17:00:00.000000','Hiện thực Singleton Pattern cho quản lý lớp học',0,0,_binary '','0','MAJOR','TODO','PRACTICE','e8ce7209-bec9-428a-9548-239de2754237','a6154ca9-d3f9-4a18-a20a-e0da52601faa','4587115e-b26e-4761-8de8-41826f97d842','00bf93d6-7893-481b-b3a6-7536a788f22d','2025-01-31 19:04:54.000000'),('033ed900-e492-45ca-8aca-3221a933eafb','21130279',_binary '\0',NULL,'2025-08-03 10:55:50.512121',NULL,'2025-08-03 10:55:50.512121','21130279',0,NULL,'2025-05-09 17:00:00.000000',NULL,'2025-05-03 17:00:00.000000','Viết báo cáo cuối kỳ',0,0,_binary '','0','MAJOR','TODO','THEORY','e95ab128-0e4a-494b-bcd8-47bb5e0f6355','e18c1088-2d20-400c-81bf-6eaca20ede2e','d48742db-1f1a-4bf1-aeef-1865a47b5d09','248f987f-a6ca-401f-af4d-776eb16310c2','2025-01-31 19:04:06.000000'),('04470022-f161-4e0f-a502-99fac6c8b895','21130371',_binary '\0',NULL,'2025-08-03 10:56:47.813908',NULL,'2025-08-03 10:56:47.813908','21130371',0,NULL,'2025-03-07 17:00:00.000000',NULL,'2025-03-01 17:00:00.000000','Áp dụng Strategy Pattern cho tính giá',0,0,_binary '','0','MAJOR','TODO','PRACTICE','e8940cd9-c8f9-4bd8-97b6-be4f7b8536e7','6cc2afa7-7786-4f77-9e9b-e5e3d3abbda7','4d5f6b20-6bc0-4671-b683-904e880509d8','542b89e4-501f-418c-8e43-890f945e847a','2025-01-31 19:05:04.000000'),('04df3b8c-edff-4b04-ae06-9ae95cd8e46c','21130320',_binary '\0',NULL,'2025-08-03 10:52:11.260606',NULL,'2025-08-03 10:52:11.260606','21130320',0,NULL,'2025-03-07 17:00:00.000000',NULL,'2025-03-01 17:00:00.000000','Áp dụng Strategy Pattern cho phương thức thanh toán',0,0,_binary '','0','MAJOR','TODO','PRACTICE','29494edf-a498-48f4-85e1-e33775976468','5122db1f-5ad5-4c6a-baea-404608794939','17194877-c523-475f-9bf6-e627293e916f','542b89e4-501f-418c-8e43-890f945e847a','2025-01-31 19:00:27.000000'),('05590448-60c7-4aa6-a853-a632fb3b97a3','21130279',_binary '\0',NULL,'2025-07-30 04:28:39.002062',NULL,'2025-08-02 11:11:49.369592','21130279',1,NULL,'2025-04-12 08:55:07.000000',NULL,'2025-04-06 00:00:00.000000','Thiết kế giao diện trang hồ sơ người bán',0,0,_binary '\0','','MAJOR','DONE','PRACTICE','bbecaa3b-396a-4cfd-8fb5-908ceb80b212','89427d93-69a9-4187-baac-7a3105624b8b','e95ab128-0e4a-494b-bcd8-47bb5e0f6355','c4389934-e970-4cab-9330-2d517122d28d','2025-03-01 14:00:00.000000'),('0593cc89-3f99-428f-a2d5-836c1426ecbf','21130320',_binary '\0',NULL,'2025-07-08 01:02:52.163843',NULL,'2025-07-11 16:57:40.751805','21130320',0,'<p><br></p>','2025-03-30 01:40:23.000000',NULL,'2025-03-29 17:00:00.000000','Tạo Ui đơn hàng',0,0,_binary '\0','','CRITICAL','TODO','THEORY','0efffdb4-b730-4f32-b930-79dddc45554a','caf9e00b-e1c5-4b0f-9c49-2eac892a327e','29494edf-a498-48f4-85e1-e33775976468','28e4b229-c075-444e-bb7e-b2f27a9fd103','2025-03-29 17:00:00.000000'),('05ccb676-5905-4a3c-96c8-3eccd73a4590','21130601',_binary '\0',NULL,'2025-07-08 03:56:16.134468',NULL,'2025-07-08 03:56:16.134468','21130601',0,'<p><br></p>','2025-02-28 17:00:00.000000',NULL,'2025-02-22 17:00:00.000000','Xây dựng Bankend Đăng nhập/Đăng ký',0,0,_binary '\0','0','CRITICAL','TODO','THEORY',NULL,'f5dbc1df-3827-4a90-b9fb-8e1e5736c8c9',NULL,'5d57fb7a-7aab-4264-a6cf-12fc55f5093d','2025-02-22 17:00:00.000000'),('05fdd16e-c665-47e7-b625-61730516466a','20130224',_binary '\0',NULL,'2025-07-30 04:29:15.515173',NULL,'2025-08-02 09:49:37.452509','20130224',0,NULL,'2025-03-25 17:10:25.000000',NULL,'2025-03-23 00:00:00.000000','Thiết kế ERD cho quản lý người tham dự & đăng ký',0,0,_binary '\0','','CRITICAL','DONE','PRACTICE','bf4ca8d4-f8f2-406a-99cd-8e043a030a39','253ac332-b8e2-43a7-bbc7-d673ddabc733','0ddff544-bc3b-420d-b503-312315fd770d','d74cdee3-a4fc-44b4-bd90-1e53bec5cad1','2025-03-01 14:00:00.000000'),('06045bbf-c9de-4b18-bcce-944d19b3a4b7','21130451',_binary '\0',NULL,'2025-07-09 06:38:36.674718',NULL,'2025-07-09 16:10:32.013994','21130451',1,'<p><br></p>','2025-04-08 03:57:20.000000',NULL,'2025-04-04 17:00:00.000000','Lập bản hướng dẫn sử dụng',0,0,_binary '\0','','CRITICAL','TODO','THEORY','7cc9eb1e-b051-4fc4-9b5d-0dd423b9b723','5090ec43-8787-4d26-8bc2-7c760a4d93ff','56ecb8b8-6a8a-471a-826f-3a827025e524','2fec7291-d7dd-4835-853f-f3d8453487eb','2025-04-04 17:00:00.000000'),('06610a14-e37a-4806-8ab7-d75a2dce8579','21130451',_binary '\0',NULL,'2025-07-08 03:42:23.529303',NULL,'2025-07-11 15:22:55.586788','21130451',0,'<p><br></p>','2025-02-16 23:39:49.000000',NULL,'2025-02-15 17:00:00.000000','Vẽ ERD',0,0,_binary '\0','','CRITICAL','TODO','THEORY','56ecb8b8-6a8a-471a-826f-3a827025e524','8f109a77-484b-4f39-a076-6b2a44b8137a','4527de36-9be4-4ba3-994d-f6276f6c67c0','de1a9928-7d90-4b22-9f2c-1c1977a9b1d3','2025-02-15 17:00:00.000000'),('06bc62e9-d08a-4470-82cb-510fcaa033c9','21130371',_binary '\0',NULL,'2025-08-03 10:56:48.095683',NULL,'2025-08-03 10:56:48.095683','21130371',0,NULL,'2025-04-18 17:00:00.000000',NULL,'2025-04-05 17:00:00.000000','Hiện thực các lớp Model cơ bản',0,0,_binary '','0','MAJOR','TODO','PRACTICE','e8940cd9-c8f9-4bd8-97b6-be4f7b8536e7','6cc2afa7-7786-4f77-9e9b-e5e3d3abbda7','4d5f6b20-6bc0-4671-b683-904e880509d8','07743875-1d87-4d81-8c5c-4e909871d8f0','2025-01-31 19:05:04.000000'),('06e78dd6-84b1-447f-b2b6-4fb013ce7660','21130451',_binary '\0',NULL,'2025-07-09 06:35:41.504830',NULL,'2025-07-09 15:55:12.726127','21130451',1,'<p><br></p>','2025-03-28 04:22:16.000000',NULL,'2025-03-20 17:00:00.000000','Xây dựng giao diện sử dụng mô hình',0,0,_binary '\0','','CRITICAL','TODO','THEORY','56ecb8b8-6a8a-471a-826f-3a827025e524','5090ec43-8787-4d26-8bc2-7c760a4d93ff','4527de36-9be4-4ba3-994d-f6276f6c67c0','be992de1-8f5a-4c5b-8158-2d7ae3c7ab38','2025-03-20 17:00:00.000000'),('072a1675-9544-4ffc-a246-0e195dded46b','21130363',_binary '\0',NULL,'2025-07-08 04:03:25.639207',NULL,'2025-07-08 04:03:25.639207','21130363',0,'<p><br></p>','2025-03-28 17:00:00.000000',NULL,'2025-03-22 17:00:00.000000','Viết SQL mã giảm giá',0,0,_binary '\0','0','CRITICAL','TODO','THEORY',NULL,'3bff699d-9121-413b-8896-49b00f0952a3',NULL,'0e1c0884-cd4f-4efe-85cf-ed3d6c1fce8d','2025-03-22 17:00:00.000000'),('0776f782-6cd5-461b-b132-feae54e79ae1','21130601',_binary '\0',NULL,'2025-07-30 04:18:35.918614',NULL,'2025-08-02 10:55:02.563518','21130601',0,NULL,'2025-04-09 00:38:27.000000',NULL,'2025-04-06 00:00:00.000000','Thiết kế giao diện bộ lọc sản phẩm theo thông số',0,0,_binary '\0','','MAJOR','DONE','PRACTICE','877fd8ab-c4ee-4109-812c-965f17c590f1','a8eb1192-3e81-42e8-9f69-8483736af936','cf1781cc-fd98-477f-8fb9-da0b45544521','c4389934-e970-4cab-9330-2d517122d28d','2025-03-01 14:00:00.000000'),('07adf8eb-c84e-4b58-8f76-6e4ba4745ff1','21130359',_binary '\0',NULL,'2025-07-30 04:29:26.321193',NULL,'2025-08-02 14:49:28.952209','21130359',1,NULL,'2025-04-22 17:30:58.000000',NULL,'2025-04-20 00:00:00.000000','Chuẩn bị tài liệu báo cáo giữa kì',0,0,_binary '\0','','MAJOR','DONE','THEORY','4587115e-b26e-4761-8de8-41826f97d842','a5bc1288-fe8b-41c1-8993-152dbe7cb3fa','e8ce7209-bec9-428a-9548-239de2754237','9000c302-d92f-436d-a59e-c1de271cbe87','2025-03-01 14:00:00.000000'),('07f399d0-d2ae-46d3-a04b-d5db05ee960f','21130451',_binary '\0',NULL,'2025-08-03 10:53:13.129677',NULL,'2025-08-03 10:53:13.129677','21130451',0,NULL,'2025-05-02 17:00:00.000000',NULL,'2025-04-19 17:00:00.000000','Tối ưu hóa mã nguồn các mẫu đã dùng',0,0,_binary '','0','MAJOR','TODO','PRACTICE','7cc9eb1e-b051-4fc4-9b5d-0dd423b9b723','29d9f886-4301-4881-8785-f773e8e9b3c7','4527de36-9be4-4ba3-994d-f6276f6c67c0','fb4952a3-6fbb-416b-92b3-d13f835e0de6','2025-01-31 19:01:29.000000'),('07f7f68e-aa4c-4ae9-b1b1-1e19092a0cb6','21130335',_binary '\0',NULL,'2025-07-30 04:29:05.946442',NULL,'2025-08-02 05:05:42.632143','21130335',0,NULL,'2025-03-12 05:06:45.000000',NULL,'2025-03-09 00:00:00.000000','Khảo sát các hệ thống đặt vé phim',0,1,_binary '\0','','TRIVIAL','DONE','THEORY','654bfbae-b089-4f97-bcd6-e8183a3a0783','cfcba21d-966a-43b8-a1a8-9751e05ed7c5','8525cbcd-87f7-4826-96d2-05ef5a536c9b','bbfddaeb-dea5-4178-b067-e0fa8812c338','2025-03-01 14:00:00.000000'),('07fe1c82-1124-4e58-a21a-d8ee5fe52e4e','21130279',_binary '\0',NULL,'2025-07-30 04:28:39.110998',NULL,'2025-08-03 01:01:26.061209','21130279',1,NULL,'2025-05-04 17:36:45.000000',NULL,'2025-05-04 00:00:00.000000','Xây dựng trang sản phẩm phổ biến/mới nhất',0,0,_binary '\0','','MAJOR','DONE','PRACTICE','e95ab128-0e4a-494b-bcd8-47bb5e0f6355','89427d93-69a9-4187-baac-7a3105624b8b','d48742db-1f1a-4bf1-aeef-1865a47b5d09','5b1751c1-f7f6-42f3-b556-2db391f9527a','2025-03-01 14:00:00.000000'),('0842312c-d579-4527-a087-9b232b391465','21130601',_binary '\0',NULL,'2025-08-03 10:53:22.908624',NULL,'2025-08-03 10:53:22.908624','21130601',0,NULL,'2025-04-18 17:00:00.000000',NULL,'2025-04-05 17:00:00.000000','Thiết kế cấu trúc MVC cho ứng dụng',0,0,_binary '','0','MAJOR','TODO','PRACTICE','cf1781cc-fd98-477f-8fb9-da0b45544521','6d7c2809-16b0-4200-99b7-ca3ce7ab72f7','877fd8ab-c4ee-4109-812c-965f17c590f1','07743875-1d87-4d81-8c5c-4e909871d8f0','2025-01-31 19:01:39.000000'),('0851367f-a544-4065-8db1-33e5a518aefc','21130451',_binary '\0',NULL,'2025-08-03 10:53:12.938056',NULL,'2025-08-03 10:53:12.938056','21130451',0,NULL,'2025-03-28 17:00:00.000000',NULL,'2025-03-22 17:00:00.000000','Hiện thực Iterator Pattern cho duyệt tin',0,0,_binary '','0','MAJOR','TODO','PRACTICE','4527de36-9be4-4ba3-994d-f6276f6c67c0','29d9f886-4301-4881-8785-f773e8e9b3c7','56ecb8b8-6a8a-471a-826f-3a827025e524','4d8b7804-ba53-497d-8f69-3ecbe2ba6c05','2025-01-31 19:01:29.000000'),('088a9cfa-2bfe-4ad4-9385-af9fc7736bc4','21130601',_binary '\0',NULL,'2025-07-30 04:18:36.104170',NULL,'2025-08-03 03:17:26.188502','21130601',0,NULL,'2025-05-21 11:52:18.000000',NULL,'2025-05-18 00:00:00.000000','Hiện thực cách tính tiền cho sản phẩm điện tử',0,0,_binary '\0','','CRITICAL','DONE','PRACTICE','877fd8ab-c4ee-4109-812c-965f17c590f1','a8eb1192-3e81-42e8-9f69-8483736af936','cf1781cc-fd98-477f-8fb9-da0b45544521','55737e22-cac3-411e-96a1-b5b1a1488b61','2025-03-01 14:00:00.000000'),('08ca7026-a37e-4b6a-90dd-d12fa2cae88b','21130601',_binary '\0',NULL,'2025-07-30 04:18:36.118234',NULL,'2025-08-03 03:29:32.968443','21130601',0,NULL,'2025-05-23 04:04:18.000000',NULL,'2025-05-18 00:00:00.000000','Hiển thị lịch sử đơn hàng & bảo hành cho người dùng',0,0,_binary '\0','','MAJOR','DONE','PRACTICE','aece6254-3942-4a02-be99-782106eb4a52','a8eb1192-3e81-42e8-9f69-8483736af936','877fd8ab-c4ee-4109-812c-965f17c590f1','55737e22-cac3-411e-96a1-b5b1a1488b61','2025-03-01 14:00:00.000000'),('091e68e2-7c66-4912-904e-567804d56316','21130279',_binary '\0',NULL,'2025-07-30 04:28:38.922960',NULL,'2025-08-02 05:13:41.731950','21130279',1,NULL,'2025-03-14 17:14:40.000000',NULL,'2025-03-09 00:00:00.000000','Lập kế hoạch dự án và phân công nhiệm vụ',0,0,_binary '\0','','MAJOR','DONE','THEORY','bbecaa3b-396a-4cfd-8fb5-908ceb80b212','89427d93-69a9-4187-baac-7a3105624b8b','e95ab128-0e4a-494b-bcd8-47bb5e0f6355','bbfddaeb-dea5-4178-b067-e0fa8812c338','2025-03-01 14:00:00.000000'),('09bc2067-ef86-4bfe-ae56-0edd47962ed5','21130320',_binary '\0',NULL,'2025-07-08 00:45:26.669010',NULL,'2025-07-11 16:26:13.359339','21130320',0,'<p><br></p>','2025-03-23 09:09:04.000000',NULL,'2025-03-22 17:00:00.000000','Tích hợp mã giảm giá',0,0,_binary '\0','','CRITICAL','TODO','THEORY','0efffdb4-b730-4f32-b930-79dddc45554a','caf9e00b-e1c5-4b0f-9c49-2eac892a327e','17194877-c523-475f-9bf6-e627293e916f','0e1c0884-cd4f-4efe-85cf-ed3d6c1fce8d','2025-03-22 17:00:00.000000'),('0abf4289-21ab-43a6-afdb-c88c096f47ce','21130363',_binary '\0',NULL,'2025-07-30 04:26:37.657495',NULL,'2025-08-03 03:54:07.081323','21130363',1,NULL,'2025-05-26 12:28:45.000000',NULL,'2025-05-25 00:00:00.000000','Chức năng đánh giá nhà hàng & món ăn',0,0,_binary '\0','','MAJOR','DONE','PRACTICE',NULL,'80bc4a94-2ad4-44e8-bc20-8e76a44864e5',NULL,'00f6f2eb-2153-40a6-b2f3-8f4837ba3a3c','2025-03-01 14:00:00.000000'),('0adb3018-dfcb-47b5-a79a-7fc8576b76ea','21130363',_binary '\0',NULL,'2025-07-08 04:03:25.564438',NULL,'2025-07-08 04:03:25.564438','21130363',0,'<p><br></p>','2025-03-28 17:00:00.000000',NULL,'2025-03-22 17:00:00.000000','Tạo UI mã giảm giá',0,0,_binary '\0','0','CRITICAL','TODO','THEORY',NULL,'3bff699d-9121-413b-8896-49b00f0952a3',NULL,'0e1c0884-cd4f-4efe-85cf-ed3d6c1fce8d','2025-03-22 17:00:00.000000'),('0adc507a-c1f6-44fa-90a7-d25092c3f157','21130320',_binary '\0',NULL,'2025-07-09 06:02:16.280079',NULL,'2025-07-09 15:04:00.506919','21130320',1,'<p>iọdfo;jsd;iódịiọdf</p><p><br></p>','2025-02-12 17:56:07.000000',NULL,'2025-02-09 17:00:00.000000','Phân tích yêu cầu và mục tiêu đề tài',1,0,_binary '\0','','CRITICAL','TODO','THEORY','29494edf-a498-48f4-85e1-e33775976468','66fb3db5-3f1f-41b6-9ee9-c7c01a801de8','0efffdb4-b730-4f32-b930-79dddc45554a','ed56cfbc-3019-48c5-9109-e97c30d0e4f5','2025-02-09 17:00:00.000000'),('0aecf7af-4568-4dd6-99cb-61e6f59ded8b','21130320',_binary '\0',NULL,'2025-07-30 04:16:37.176858',NULL,'2025-08-02 15:39:04.093881','21130320',0,NULL,'2025-04-27 17:32:53.000000',NULL,'2025-04-27 00:00:00.000000','Ứng dụng Session cho người dùng',0,0,_binary '\0','','MAJOR','DONE','PRACTICE','17194877-c523-475f-9bf6-e627293e916f','dc9af886-7862-4815-9876-037e5440de12','0efffdb4-b730-4f32-b930-79dddc45554a','02d28358-9e5a-4b65-9f56-bac4a0bffc34','2025-03-01 14:00:00.000000'),('0b0e0bbb-f901-4c12-9783-22a862f1350f','21130359',_binary '\0',NULL,'2025-07-30 04:29:26.333358',NULL,'2025-08-02 14:49:29.882469','21130359',1,'<p><br></p>','2025-04-22 17:30:59.000000',NULL,'2025-04-20 00:00:00.000000','Chuẩn bị demo giao diện sản phẩm & bộ lọc',1,0,_binary '\0','','MAJOR','DONE','PRACTICE','4587115e-b26e-4761-8de8-41826f97d842','a5bc1288-fe8b-41c1-8993-152dbe7cb3fa','e8ce7209-bec9-428a-9548-239de2754237','9000c302-d92f-436d-a59e-c1de271cbe87','2025-03-01 14:00:00.000000'),('0b7b5777-b931-4ec6-9bde-39fc5b3950b3','21130320',_binary '\0',NULL,'2025-07-14 05:57:40.301899',NULL,'2025-07-14 06:24:52.316780','21130320',2,'<p><br></p>','2025-02-10 17:16:38.000000',NULL,'2025-02-08 17:00:00.000000','Chọn ngôn ngữ',0,0,_binary '\0','','CRITICAL','TODO','THEORY','0efffdb4-b730-4f32-b930-79dddc45554a','7d783967-3144-4c76-ae91-0bcb3ebab45b','17194877-c523-475f-9bf6-e627293e916f','4bccc8ff-e9e3-43ec-b037-a2df9987185e','2025-02-08 17:00:00.000000'),('0b8fa20a-44d6-4cd7-a4dd-bd9da3600d47','21130279',_binary '\0',NULL,'2025-07-30 04:28:38.892350',NULL,'2025-07-30 07:01:19.611224','21130279',2,'<p><br></p>','2025-03-09 03:02:47.000000',NULL,'2025-03-09 00:00:00.000000','Khảo sát cộng đồng handmade & DIY',1,0,_binary '\0','','MAJOR','DONE','THEORY','d48742db-1f1a-4bf1-aeef-1865a47b5d09','89427d93-69a9-4187-baac-7a3105624b8b','bbecaa3b-396a-4cfd-8fb5-908ceb80b212','bbfddaeb-dea5-4178-b067-e0fa8812c338','2025-03-01 14:00:00.000000'),('0c1f4f87-3345-4f24-9276-8903c5df9b9b','21130363',_binary '\0',NULL,'2025-08-03 10:55:00.541235',NULL,'2025-08-03 10:55:00.541235','21130363',1,NULL,'2025-02-28 17:00:00.000000',NULL,'2025-02-15 17:00:00.000000','Tìm hiểu 4 nguyên tắc OOP',0,0,_binary '','0','MAJOR','TODO','THEORY','d1aca7d1-1754-4931-a600-e6d30953b632','03ef89f3-394a-4447-ab47-2768e03ea221','d22a81b9-1297-4971-a5b1-2ea027e0fa8d','49dd8be6-7191-430b-acae-501c1bee2770','2025-01-31 19:03:16.000000'),('0c9ec86b-0556-4738-bec7-7bfb6055129b','21130451',_binary '\0',NULL,'2025-07-30 04:17:29.656776',NULL,'2025-08-02 10:51:42.677994','21130451',0,NULL,'2025-04-09 00:35:07.000000',NULL,'2025-04-06 00:00:00.000000','Thiết kế giao diện trang chi tiết sách',0,0,_binary '\0','','MAJOR','DONE','PRACTICE','4527de36-9be4-4ba3-994d-f6276f6c67c0','3438c873-bc50-42c4-a598-1ed31761fe23','7cc9eb1e-b051-4fc4-9b5d-0dd423b9b723','c4389934-e970-4cab-9330-2d517122d28d','2025-03-01 14:00:00.000000'),('0ce823f8-97ca-4565-a9e7-6d5df6263d14','20130224',_binary '\0',NULL,'2025-08-03 10:56:23.712479',NULL,'2025-08-03 10:56:23.712479','20130224',0,NULL,'2025-02-14 17:00:00.000000',NULL,'2025-02-08 17:00:00.000000','Lên kế hoạch dự án ban đầu',0,0,_binary '','0','MINOR','TODO','THEORY','0ddff544-bc3b-420d-b503-312315fd770d','97d36d58-6a95-44ba-9e9c-d9850208de3f','0fbf8da7-6caa-46bc-a29b-ee41767323dd','1b19a7f7-7e06-4a7c-a3a0-918eb14670bf','2025-01-31 19:04:40.000000'),('0d5dce75-24db-4b92-9d66-6c377d5bc225','21130451',_binary '\0',NULL,'2025-07-09 06:35:27.972530',NULL,'2025-07-09 15:38:54.034227','21130451',1,'<p><br></p>','2025-03-09 21:13:00.000000',NULL,'2025-03-05 17:00:00.000000','Lựa chọn và triển khai mô hình SVM',0,0,_binary '\0','','CRITICAL','TODO','THEORY','56ecb8b8-6a8a-471a-826f-3a827025e524','5090ec43-8787-4d26-8bc2-7c760a4d93ff','4527de36-9be4-4ba3-994d-f6276f6c67c0','50b47ab0-c2b8-4bfd-95bf-c35023aaf198','2025-03-05 17:00:00.000000'),('0db40c51-dbe7-46d1-940f-254f73492dc4','21130320',_binary '\0',NULL,'2025-08-03 10:52:11.290715',NULL,'2025-08-03 10:52:11.290715','21130320',0,NULL,'2025-03-07 17:00:00.000000',NULL,'2025-03-01 17:00:00.000000','Ghi tài liệu về Strategy Pattern',0,0,_binary '','0','MINOR','TODO','THEORY','17194877-c523-475f-9bf6-e627293e916f','5122db1f-5ad5-4c6a-baea-404608794939','0efffdb4-b730-4f32-b930-79dddc45554a','542b89e4-501f-418c-8e43-890f945e847a','2025-01-31 19:00:27.000000'),('0de91ce6-ea02-48cc-93a8-9195f6707567','21130359',_binary '\0',NULL,'2025-08-03 10:56:37.687991',NULL,'2025-08-03 10:56:37.687991','21130359',0,NULL,'2025-02-28 17:00:00.000000',NULL,'2025-02-15 17:00:00.000000','Hiện thực lớp Course và Student',0,0,_binary '','0','MAJOR','TODO','PRACTICE','e8ce7209-bec9-428a-9548-239de2754237','a6154ca9-d3f9-4a18-a20a-e0da52601faa','4587115e-b26e-4761-8de8-41826f97d842','49dd8be6-7191-430b-acae-501c1bee2770','2025-01-31 19:04:54.000000'),('0e0b27d1-2b99-424c-b784-0958117f04ca','21130363',_binary '\0',NULL,'2025-08-03 10:55:00.525721',NULL,'2025-08-03 10:55:00.525721','21130363',0,NULL,'2025-02-14 17:00:00.000000',NULL,'2025-02-08 17:00:00.000000','Lên kế hoạch dự án ban đầu',0,0,_binary '','0','MINOR','TODO','THEORY','f3ee7d4d-d82b-45d8-8c46-6756b1b6ea88','03ef89f3-394a-4447-ab47-2768e03ea221','d1aca7d1-1754-4931-a600-e6d30953b632','1b19a7f7-7e06-4a7c-a3a0-918eb14670bf','2025-01-31 19:03:16.000000'),('0e11302c-e410-468d-bb00-d21a8f05c5b2','21130451',_binary '\0',NULL,'2025-07-14 06:28:46.863345',NULL,'2025-07-14 06:41:27.561836','21130451',2,'<p><br></p>','2025-02-23 05:32:57.000000',NULL,'2025-02-15 17:00:00.000000','Tóm tắt 4 tính chất OOP',0,0,_binary '\0','','CRITICAL','TODO','THEORY','4527de36-9be4-4ba3-994d-f6276f6c67c0','eb2cff67-6672-4ad6-8b2f-829a547c2595',NULL,'4af885f3-a68c-4204-8840-2a1c179222a4','2025-02-15 17:00:00.000000'),('0e629376-37b6-43d4-97bf-3ccceb4ad1fc','21130601',_binary '\0',NULL,'2025-08-03 10:53:22.778772',NULL,'2025-08-03 10:53:22.778772','21130601',0,NULL,'2025-03-21 17:00:00.000000',NULL,'2025-03-15 17:00:00.000000','Ghi tài liệu về Factory Method',0,0,_binary '','0','MINOR','TODO','THEORY','aece6254-3942-4a02-be99-782106eb4a52','6d7c2809-16b0-4200-99b7-ca3ce7ab72f7','cf1781cc-fd98-477f-8fb9-da0b45544521','1d95edd7-9ceb-4e2c-af16-35735c0d39e8','2025-01-31 19:01:39.000000'),('0ee366ac-5fc1-4144-8fa7-cd478a1b68fd','21130320',_binary '\0',NULL,'2025-07-08 01:03:32.335964',NULL,'2025-07-11 16:57:43.893492','21130320',0,'<p><br></p>','2025-03-30 01:40:26.000000',NULL,'2025-03-29 17:00:00.000000','Tích hợp đơn hàng',0,0,_binary '\0','','CRITICAL','TODO','THEORY',NULL,'caf9e00b-e1c5-4b0f-9c49-2eac892a327e',NULL,'28e4b229-c075-444e-bb7e-b2f27a9fd103','2025-03-29 17:00:00.000000'),('0f553857-490b-445d-8ee2-c67944e032e1','21130371',_binary '\0',NULL,'2025-07-30 04:29:44.984524',NULL,'2025-08-02 14:49:22.308763','21130371',1,NULL,'2025-04-22 17:30:52.000000',NULL,'2025-04-20 00:00:00.000000','Chuẩn bị demo giao diện sản phẩm & đánh giá',0,0,_binary '\0','','MAJOR','DONE','PRACTICE','b5090bc3-59bb-4aa5-968c-8ea52e045d9d','d909ec23-e3b8-473c-8b53-b0dd10e5cb4a','e8940cd9-c8f9-4bd8-97b6-be4f7b8536e7','9000c302-d92f-436d-a59e-c1de271cbe87','2025-03-01 14:00:00.000000'),('0f82b88c-dc1b-4eb5-8281-556d9afc7250','21130359',_binary '\0',NULL,'2025-08-03 10:56:37.940163',NULL,'2025-08-03 10:56:37.940163','21130359',0,NULL,'2025-04-04 17:00:00.000000',NULL,'2025-03-29 17:00:00.000000','Ghi tài liệu Template Method và Visitor',0,0,_binary '','0','MINOR','TODO','THEORY','acef4982-efaf-450c-ba00-7f889d15ca49','a6154ca9-d3f9-4a18-a20a-e0da52601faa','e8ce7209-bec9-428a-9548-239de2754237','fca63275-f3b3-4839-b287-a8b7474dd393','2025-01-31 19:04:54.000000'),('1034a04b-fb14-4f80-9374-a23b35546011','21130363',_binary '\0',NULL,'2025-08-03 10:55:00.776236',NULL,'2025-08-03 10:55:00.776236','21130363',0,NULL,'2025-04-04 17:00:00.000000',NULL,'2025-03-29 17:00:00.000000','Thiết kế Template Method cho quy trình khám bệnh',0,0,_binary '','0','MAJOR','TODO','PRACTICE','f3ee7d4d-d82b-45d8-8c46-6756b1b6ea88','03ef89f3-394a-4447-ab47-2768e03ea221','d1aca7d1-1754-4931-a600-e6d30953b632','fca63275-f3b3-4839-b287-a8b7474dd393','2025-01-31 19:03:17.000000'),('107d3b02-c98d-4df6-a6dd-b19a51fc8dd4','22130001',_binary '\0',NULL,'2025-08-03 10:55:33.842073',NULL,'2025-08-03 10:55:33.842073','22130001',0,NULL,'2025-04-18 17:00:00.000000',NULL,'2025-04-05 17:00:00.000000','Hiện thực View cho danh sách liên hệ',0,0,_binary '','0','MAJOR','TODO','PRACTICE','c94c51f9-dbd5-4c78-b857-46f2592d1fe1','66436f4d-8245-433d-a9d2-d0eb03a6a47b','a06e6810-6edc-4b00-ae0e-5883eea883b0','07743875-1d87-4d81-8c5c-4e909871d8f0','2025-01-31 19:03:50.000000'),('115473c5-ad1b-41ca-9902-64fe2f99dca9','21130359',_binary '\0',NULL,'2025-08-03 10:56:37.605057',NULL,'2025-08-03 10:56:37.605057','21130359',0,NULL,'2025-02-14 17:00:00.000000',NULL,'2025-02-08 17:00:00.000000','Xác định yêu cầu chức năng',0,0,_binary '','0','MAJOR','TODO','PRACTICE','acef4982-efaf-450c-ba00-7f889d15ca49','a6154ca9-d3f9-4a18-a20a-e0da52601faa','e8ce7209-bec9-428a-9548-239de2754237','1b19a7f7-7e06-4a7c-a3a0-918eb14670bf','2025-01-31 19:04:54.000000'),('116bc322-7d39-4cc1-9167-d31a51c4eb1c','21130363',_binary '\0',NULL,'2025-08-03 10:55:00.792050',NULL,'2025-08-03 10:55:00.792050','21130363',1,NULL,'2025-04-04 17:00:00.000000',NULL,'2025-03-29 17:00:00.000000','Nghiên cứu Visitor Pattern cho báo cáo bệnh án',0,0,_binary '','0','MAJOR','TODO','THEORY','d1aca7d1-1754-4931-a600-e6d30953b632','03ef89f3-394a-4447-ab47-2768e03ea221','d22a81b9-1297-4971-a5b1-2ea027e0fa8d','fca63275-f3b3-4839-b287-a8b7474dd393','2025-01-31 19:03:17.000000'),('12d0b234-8a7f-4188-9ff5-06088ef4aabc','21130363',_binary '\0',NULL,'2025-07-30 04:26:37.290877',NULL,'2025-08-02 05:13:31.710742','21130363',1,NULL,'2025-03-14 17:14:30.000000',NULL,'2025-03-09 00:00:00.000000','Xác định các vai trò và quyền hạn',0,0,_binary '\0','','MAJOR','DONE','THEORY','d1aca7d1-1754-4931-a600-e6d30953b632','80bc4a94-2ad4-44e8-bc20-8e76a44864e5','d22a81b9-1297-4971-a5b1-2ea027e0fa8d','bbfddaeb-dea5-4178-b067-e0fa8812c338','2025-03-01 14:00:00.000000'),('12d506ae-a94a-4a91-8996-e8c2b9a8cab0','21130363',_binary '\0',NULL,'2025-08-03 10:55:00.726716',NULL,'2025-08-03 10:55:00.726716','21130363',0,NULL,'2025-03-28 17:00:00.000000',NULL,'2025-03-22 17:00:00.000000','Hiện thực Decorator Pattern cho dịch vụ bổ sung',0,0,_binary '','0','MAJOR','TODO','PRACTICE','f3ee7d4d-d82b-45d8-8c46-6756b1b6ea88','03ef89f3-394a-4447-ab47-2768e03ea221','d1aca7d1-1754-4931-a600-e6d30953b632','4d8b7804-ba53-497d-8f69-3ecbe2ba6c05','2025-01-31 19:03:17.000000'),('1303fbd0-2a20-4e8a-8464-bacadfb2b02f','21130279',_binary '\0',NULL,'2025-08-03 10:55:50.181550',NULL,'2025-08-03 10:55:50.181550','21130279',0,NULL,'2025-03-14 17:00:00.000000',NULL,'2025-03-08 17:00:00.000000','Hiện thực Singleton Pattern cho quản lý sự kiện',0,0,_binary '','0','MAJOR','TODO','PRACTICE','e95ab128-0e4a-494b-bcd8-47bb5e0f6355','e18c1088-2d20-400c-81bf-6eaca20ede2e','d48742db-1f1a-4bf1-aeef-1865a47b5d09','00bf93d6-7893-481b-b3a6-7536a788f22d','2025-01-31 19:04:06.000000'),('138437c4-dd09-4f19-b62e-e8c87cf2372a','21130359',_binary '\0',NULL,'2025-08-03 10:56:37.824291',NULL,'2025-08-03 10:56:37.824291','21130359',1,NULL,'2025-03-21 17:00:00.000000',NULL,'2025-03-15 17:00:00.000000','Nghiên cứu Abstract Factory Pattern',0,0,_binary '','0','MAJOR','TODO','THEORY','4587115e-b26e-4761-8de8-41826f97d842','a6154ca9-d3f9-4a18-a20a-e0da52601faa','acef4982-efaf-450c-ba00-7f889d15ca49','1d95edd7-9ceb-4e2c-af16-35735c0d39e8','2025-01-31 19:04:54.000000'),('14127912-36dc-4643-828b-f18a9225a9c4','20130224',_binary '\0',NULL,'2025-07-30 04:29:15.629923',NULL,'2025-08-02 15:29:19.795391','20130224',1,NULL,'2025-04-27 17:23:09.000000',NULL,'2025-04-27 00:00:00.000000','Ứng dụng Session cho người dùng & vé đã chọn',0,0,_binary '\0','','MAJOR','DONE','PRACTICE','0ddff544-bc3b-420d-b503-312315fd770d','253ac332-b8e2-43a7-bbc7-d673ddabc733','bf4ca8d4-f8f2-406a-99cd-8e043a030a39','02d28358-9e5a-4b65-9f56-bac4a0bffc34','2025-03-01 14:00:00.000000'),('14561f34-9d74-4e47-ba44-8132ca09c9a6','21130320',_binary '\0',NULL,'2025-07-08 01:09:12.531836',NULL,'2025-07-11 17:10:43.207586','21130320',0,'<p><br></p>','2025-05-04 06:19:25.000000',NULL,'2025-05-03 17:00:00.000000','Quản lý đơn hàng cho admin',0,0,_binary '\0','','CRITICAL','TODO','THEORY',NULL,'caf9e00b-e1c5-4b0f-9c49-2eac892a327e',NULL,'20550769-da23-4d54-983e-bdcc62d80a37','2025-05-03 17:00:00.000000'),('14651af6-d651-4441-b2c4-dc95cbeb09fd','20130224',_binary '\0',NULL,'2025-08-03 10:56:24.022388',NULL,'2025-08-03 10:56:24.022388','20130224',0,NULL,'2025-04-18 17:00:00.000000',NULL,'2025-04-05 17:00:00.000000','Hiện thực các lớp Model cơ bản',0,0,_binary '','0','MAJOR','TODO','PRACTICE','0fbf8da7-6caa-46bc-a29b-ee41767323dd','97d36d58-6a95-44ba-9e9c-d9850208de3f','bf4ca8d4-f8f2-406a-99cd-8e043a030a39','07743875-1d87-4d81-8c5c-4e909871d8f0','2025-01-31 19:04:40.000000'),('14dd0f14-00c9-4a0b-8e02-f8ab2d006142','21130320',_binary '\0',NULL,'2025-07-24 01:25:27.846474',NULL,'2025-07-28 10:51:59.775549','21130320',2,'<p><br></p>','2025-02-23 17:00:00.000000',NULL,'2025-02-16 17:00:00.000000','Dùng pandas thống kê',0,0,_binary '','0','CRITICAL','TODO','THEORY','17194877-c523-475f-9bf6-e627293e916f','09a3fd3d-110c-4021-b4f2-13e32f43e261','0efffdb4-b730-4f32-b930-79dddc45554a','bc3884ae-e246-4001-857c-b2ddd16ec442','2025-02-08 17:02:10.000000'),('153c4b73-de2c-4e5d-ad0b-82e13bc2d7f4','21130371',_binary '\0',NULL,'2025-07-30 06:06:57.157827',NULL,'2025-08-02 09:40:10.343782','21130371',2,'<p><br></p>','2025-03-25 17:10:40.000000',NULL,'2025-03-23 00:00:00.000000','Thiết kế ERD cho giỏ hàng, đơn hàng và thanh toán',0,0,_binary '\0','','CRITICAL','DONE','THEORY','e8940cd9-c8f9-4bd8-97b6-be4f7b8536e7','d909ec23-e3b8-473c-8b53-b0dd10e5cb4a','b5090bc3-59bb-4aa5-968c-8ea52e045d9d','d74cdee3-a4fc-44b4-bd90-1e53bec5cad1','2025-03-01 14:00:00.000000'),('1578f5e2-4cac-4767-9958-1af56725473c','21130279',_binary '\0',NULL,'2025-07-30 04:28:38.949696',NULL,'2025-08-02 07:06:48.946472','21130279',0,NULL,'2025-03-24 01:56:25.000000',NULL,'2025-03-23 00:00:00.000000','Thiết kế ERD cho người bán & cộng đồng',0,0,_binary '\0','','CRITICAL','DONE','PRACTICE',NULL,'89427d93-69a9-4187-baac-7a3105624b8b',NULL,'d74cdee3-a4fc-44b4-bd90-1e53bec5cad1','2025-03-01 14:00:00.000000'),('15854645-c2d5-4b2b-8858-b895597e4aba','21130451',_binary '\0',NULL,'2025-07-14 08:44:56.853483',NULL,'2025-07-14 08:55:45.577586','21130451',2,'<p>Ứng dụng</p>','2025-03-16 05:44:32.000000',NULL,'2025-03-15 17:00:00.000000','Ứng dụng Factory Method',0,0,_binary '\0','','CRITICAL','TODO','PRACTICE','56ecb8b8-6a8a-471a-826f-3a827025e524','eb2cff67-6672-4ad6-8b2f-829a547c2595','4527de36-9be4-4ba3-994d-f6276f6c67c0','dd34ecaf-9783-4b03-b211-edc72a3e5f31','2025-03-15 17:00:00.000000'),('15b89013-0032-4442-a2d3-5de547c2a933','21130363',_binary '\0',NULL,'2025-07-08 04:03:25.509046',NULL,'2025-07-08 04:03:25.509046','21130363',0,'<p><br></p>','2025-02-28 17:00:00.000000',NULL,'2025-02-22 17:00:00.000000','Xây dựng Bankend Đăng nhập/Đăng ký',0,0,_binary '\0','0','CRITICAL','TODO','THEORY',NULL,'3bff699d-9121-413b-8896-49b00f0952a3',NULL,'5d57fb7a-7aab-4264-a6cf-12fc55f5093d','2025-02-22 17:00:00.000000'),('15ebaa89-2fbb-49c4-bc56-b03a43aafa73','21130451',_binary '\0',NULL,'2025-07-14 10:24:50.664063',NULL,'2025-07-14 10:26:53.058232','21130451',2,'<p><br></p>','2025-05-04 11:13:58.000000',NULL,'2025-05-03 17:00:00.000000','Viết Document',0,0,_binary '\0','','CRITICAL','TODO','THEORY','4527de36-9be4-4ba3-994d-f6276f6c67c0','eb2cff67-6672-4ad6-8b2f-829a547c2595',NULL,'9ebb1a1a-bbf5-4724-9692-fd08a591164b','2025-05-03 17:00:00.000000'),('1645e901-c47e-4cb6-99ba-aec9ad1516d9','21130451',_binary '\0',NULL,'2025-08-03 10:53:13.094741',NULL,'2025-08-03 10:53:13.094741','21130451',0,NULL,'2025-04-18 17:00:00.000000',NULL,'2025-04-05 17:00:00.000000','Hiện thực các lớp Model cơ bản',0,0,_binary '','0','MAJOR','TODO','PRACTICE','4527de36-9be4-4ba3-994d-f6276f6c67c0','29d9f886-4301-4881-8785-f773e8e9b3c7','56ecb8b8-6a8a-471a-826f-3a827025e524','07743875-1d87-4d81-8c5c-4e909871d8f0','2025-01-31 19:01:29.000000'),('169b991f-a8a7-48e6-a50d-833385cf8ab9','21130371',_binary '\0',NULL,'2025-08-03 10:56:47.930103',NULL,'2025-08-03 10:56:47.930103','21130371',1,NULL,'2025-03-21 17:00:00.000000',NULL,'2025-03-15 17:00:00.000000','Nghiên cứu Abstract Factory Pattern',0,0,_binary '','0','MAJOR','TODO','THEORY','e8940cd9-c8f9-4bd8-97b6-be4f7b8536e7','6cc2afa7-7786-4f77-9e9b-e5e3d3abbda7','4d5f6b20-6bc0-4671-b683-904e880509d8','1d95edd7-9ceb-4e2c-af16-35735c0d39e8','2025-01-31 19:05:04.000000'),('170aaf55-dbd5-4833-8787-fcf686f71500','20130224',_binary '\0',NULL,'2025-07-30 04:29:15.805258',NULL,'2025-08-03 04:37:46.206552','20130224',0,NULL,'2025-06-04 00:32:07.000000',NULL,'2025-06-01 00:00:00.000000','Chuẩn bị demo website hoàn chỉnh',0,0,_binary '\0','','CRITICAL','DONE','PRACTICE','bf4ca8d4-f8f2-406a-99cd-8e043a030a39','253ac332-b8e2-43a7-bbc7-d673ddabc733','0ddff544-bc3b-420d-b503-312315fd770d','14d6b9c2-92f2-4ebb-8ef6-fa89a0233449','2025-03-01 14:00:00.000000'),('17dcf018-817c-4ba0-bc4b-fd48ac1fb04c','21130335',_binary '\0',NULL,'2025-08-03 10:55:59.178886',NULL,'2025-08-03 10:55:59.178886','21130335',0,NULL,'2025-03-28 17:00:00.000000',NULL,'2025-03-22 17:00:00.000000','Hiện thực Iterator Pattern cho duyệt hàng',0,0,_binary '','0','MAJOR','TODO','PRACTICE','8525cbcd-87f7-4826-96d2-05ef5a536c9b','bdf5e58c-8905-4f18-afb3-d36945768d9f','654bfbae-b089-4f97-bcd6-e8183a3a0783','4d8b7804-ba53-497d-8f69-3ecbe2ba6c05','2025-01-31 19:04:15.000000'),('1819526a-41cc-43b5-94eb-cc776c2234c5','20130224',_binary '\0',NULL,'2025-08-03 10:56:23.696146',NULL,'2025-08-03 10:56:23.696146','20130224',0,NULL,'2025-02-14 17:00:00.000000',NULL,'2025-02-08 17:00:00.000000','Xác định yêu cầu chức năng',0,0,_binary '','0','MAJOR','TODO','PRACTICE','bf4ca8d4-f8f2-406a-99cd-8e043a030a39','97d36d58-6a95-44ba-9e9c-d9850208de3f','0ddff544-bc3b-420d-b503-312315fd770d','1b19a7f7-7e06-4a7c-a3a0-918eb14670bf','2025-01-31 19:04:40.000000'),('185741b5-6a8b-4ef3-82eb-6e3475fd340b','21130601',_binary '\0',NULL,'2025-08-03 10:53:22.572283',NULL,'2025-08-03 10:53:22.572283','21130601',0,NULL,'2025-02-14 17:00:00.000000',NULL,'2025-02-08 17:00:00.000000','Xác định chức năng cốt lõi',0,0,_binary '','0','MAJOR','TODO','PRACTICE','aece6254-3942-4a02-be99-782106eb4a52','6d7c2809-16b0-4200-99b7-ca3ce7ab72f7','cf1781cc-fd98-477f-8fb9-da0b45544521','1b19a7f7-7e06-4a7c-a3a0-918eb14670bf','2025-01-31 19:01:39.000000'),('19959810-c46f-410e-b6c1-8b25300175b1','21130320',_binary '\0',NULL,'2025-07-07 02:35:22.708426',NULL,'2025-07-11 15:33:26.801057','21130320',0,'<ol><li data-list=\"bullet\"><span class=\"ql-ui\" contenteditable=\"false\"></span>Tạo kết nối database bằng jdbi</li><li data-list=\"bullet\"><span class=\"ql-ui\" contenteditable=\"false\"></span>Viết class util để xử lý chung </li><li data-list=\"bullet\"><span class=\"ql-ui\" contenteditable=\"false\"></span>Tạo data mẫu cho user và test CRUD</li></ol>','2025-02-24 11:50:10.000000',NULL,'2025-02-22 17:00:00.000000','Thiết lập kết nối database',0,0,_binary '\0','','CRITICAL','TODO','THEORY','0efffdb4-b730-4f32-b930-79dddc45554a','caf9e00b-e1c5-4b0f-9c49-2eac892a327e','29494edf-a498-48f4-85e1-e33775976468','5d57fb7a-7aab-4264-a6cf-12fc55f5093d','2025-02-22 17:00:00.000000'),('1a3eb80c-c769-446b-8774-0a390cf0945d','21130451',_binary '\0',NULL,'2025-07-09 06:34:46.231403',NULL,'2025-07-09 15:04:14.298042','21130451',1,'<p><br></p>','2025-02-12 17:56:21.000000',NULL,'2025-02-09 17:00:00.000000','Lựa chọn đề tài',0,0,_binary '\0','','CRITICAL','TODO','THEORY',NULL,'5090ec43-8787-4d26-8bc2-7c760a4d93ff',NULL,'ed56cfbc-3019-48c5-9109-e97c30d0e4f5','2025-02-09 17:00:00.000000'),('1b5cff7c-4521-466c-beb6-2098f5acf62f','21130279',_binary '\0',NULL,'2025-08-03 10:55:50.213687',NULL,'2025-08-03 10:55:50.213687','21130279',0,NULL,'2025-03-14 17:00:00.000000',NULL,'2025-03-08 17:00:00.000000','Ghi tài liệu về Singleton và Observer',0,0,_binary '','0','MINOR','TODO','THEORY','bbecaa3b-396a-4cfd-8fb5-908ceb80b212','e18c1088-2d20-400c-81bf-6eaca20ede2e','e95ab128-0e4a-494b-bcd8-47bb5e0f6355','00bf93d6-7893-481b-b3a6-7536a788f22d','2025-01-31 19:04:06.000000'),('1b926bb1-e6fe-4915-8f05-688e708747d7','21130451',_binary '\0',NULL,'2025-07-30 04:17:29.811816',NULL,'2025-08-03 01:24:12.334306','21130451',0,NULL,'2025-05-12 05:59:20.000000',NULL,'2025-05-11 00:00:00.000000','Lưu giỏ hàng trong session & database (tùy chọn)',0,0,_binary '\0','','MAJOR','DONE','PRACTICE','7cc9eb1e-b051-4fc4-9b5d-0dd423b9b723','3438c873-bc50-42c4-a598-1ed31761fe23','4527de36-9be4-4ba3-994d-f6276f6c67c0','8bace90b-9f85-46b3-9411-8e098ba21c6e','2025-03-01 14:00:00.000000'),('1cb13785-84ea-4526-a6a2-b22cb7b109c2','21130320',_binary '\0',NULL,'2025-07-14 07:47:25.407935',NULL,'2025-07-18 05:40:36.945764','21130320',2,'<p><br></p>',NULL,NULL,'2025-03-01 17:00:00.000000','Tóm tắt Stategy pattern',0,0,_binary '\0','','CRITICAL','TODO','THEORY','0efffdb4-b730-4f32-b930-79dddc45554a','7d783967-3144-4c76-ae91-0bcb3ebab45b','17194877-c523-475f-9bf6-e627293e916f','f19b6b33-be76-4d2b-b85d-dbd4caf3da1d','2025-03-01 17:00:00.000000'),('1ce4381f-34a8-4b32-a2fe-fda094b6179f','21130363',_binary '\0',NULL,'2025-07-30 04:26:37.443623',NULL,'2025-08-02 14:48:46.462398','21130363',1,NULL,'2025-04-22 17:30:16.000000',NULL,'2025-04-20 00:00:00.000000','Chuẩn bị demo luồng đặt món cơ bản',0,0,_binary '\0','','MAJOR','DONE','PRACTICE','d1aca7d1-1754-4931-a600-e6d30953b632','80bc4a94-2ad4-44e8-bc20-8e76a44864e5','f3ee7d4d-d82b-45d8-8c46-6756b1b6ea88','9000c302-d92f-436d-a59e-c1de271cbe87','2025-03-01 14:00:00.000000'),('1d19333a-ecaa-478e-b0a7-099bb14225d4','21130320',_binary '\0',NULL,'2025-07-09 06:06:42.432349',NULL,'2025-07-09 15:27:33.103761','21130320',0,'<p><br></p>','2025-02-22 21:03:17.000000',NULL,'2025-02-18 17:00:00.000000','Làm sạch dữ liệu',0,0,_binary '\0','','CRITICAL','TODO','THEORY','29494edf-a498-48f4-85e1-e33775976468','66fb3db5-3f1f-41b6-9ee9-c7c01a801de8','17194877-c523-475f-9bf6-e627293e916f','94b4cde8-df2d-4241-a80a-d79fffaafd45','2025-02-18 17:00:00.000000'),('1e243125-5859-4012-a08d-c6f7ac46d5a7','21130320',_binary '\0',NULL,'2025-07-24 01:29:54.488119',NULL,'2025-07-26 12:19:10.221047','21130320',3,'<p>Sử dụng pandas để thống kê trên môi trường colab</p>','2025-03-03 17:00:00.000000',NULL,'2025-02-24 17:00:00.000000','Rút nhận xét',0,1,_binary '','0','BLOCKED','TODO','THEORY','0efffdb4-b730-4f32-b930-79dddc45554a','09a3fd3d-110c-4021-b4f2-13e32f43e261','29494edf-a498-48f4-85e1-e33775976468','746d0e99-8024-4fd8-8851-0ff42317774a','2025-02-08 17:06:40.000000'),('1e8d82af-e8cb-42db-a6aa-a828bdb0548d','21130451',_binary '\0',NULL,'2025-07-30 04:17:29.894486',NULL,'2025-08-03 03:29:29.954316','21130451',0,NULL,'2025-05-23 04:04:15.000000',NULL,'2025-05-18 00:00:00.000000','Quản lý & cập nhật trạng thái đơn hàng (Admin)',0,0,_binary '\0','','CRITICAL','DONE','PRACTICE',NULL,'3438c873-bc50-42c4-a598-1ed31761fe23',NULL,'55737e22-cac3-411e-96a1-b5b1a1488b61','2025-03-01 14:00:00.000000'),('1eb2a4ea-21cb-409f-9223-5df82120bffc','22130001',_binary '\0',NULL,'2025-07-30 04:28:24.794103',NULL,'2025-08-03 00:57:39.045635','22130001',0,NULL,'2025-05-04 17:32:58.000000',NULL,'2025-05-04 00:00:00.000000','Hiện thực chức năng tìm kiếm & lọc sản phẩm',0,0,_binary '\0','','MAJOR','DONE','PRACTICE','a06e6810-6edc-4b00-ae0e-5883eea883b0','f27d5a34-ecc1-4c32-8fd9-44615cbbed19','c94c51f9-dbd5-4c78-b857-46f2592d1fe1','5b1751c1-f7f6-42f3-b556-2db391f9527a','2025-03-01 14:00:00.000000'),('1f3dc9b3-2e4d-4d4d-8666-d89113eddf8f','21130451',_binary '\0',NULL,'2025-08-03 10:53:13.034095',NULL,'2025-08-03 10:53:13.034095','21130451',1,NULL,'2025-04-04 17:00:00.000000',NULL,'2025-03-29 17:00:00.000000','Nghiên cứu Visitor Pattern cho phân tích dữ liệu tin tức',0,0,_binary '','0','MAJOR','TODO','THEORY','4527de36-9be4-4ba3-994d-f6276f6c67c0','29d9f886-4301-4881-8785-f773e8e9b3c7','56ecb8b8-6a8a-471a-826f-3a827025e524','fca63275-f3b3-4839-b287-a8b7474dd393','2025-01-31 19:01:29.000000'),('1f43f426-7dc6-4e4a-829d-e541663a0623','21130320',_binary '\0',NULL,'2025-07-08 00:45:04.686543',NULL,'2025-07-11 16:25:54.613697','21130320',0,'<p><br></p>','2025-03-23 09:08:46.000000',NULL,'2025-03-22 17:00:00.000000','Viết SQL mã giảm giá',0,0,_binary '\0','','CRITICAL','TODO','THEORY','29494edf-a498-48f4-85e1-e33775976468','caf9e00b-e1c5-4b0f-9c49-2eac892a327e','0efffdb4-b730-4f32-b930-79dddc45554a','0e1c0884-cd4f-4efe-85cf-ed3d6c1fce8d','2025-03-22 17:00:00.000000'),('1fe71bea-0a9d-4bab-8fe3-9a35dc7da293','21130335',_binary '\0',NULL,'2025-07-30 04:29:06.249287',NULL,'2025-08-03 04:00:02.756916','21130335',2,NULL,'2025-05-28 04:34:37.000000',NULL,'2025-05-25 00:00:00.000000','Tích hợp cổng thanh toán trực tuyến',0,0,_binary '\0','','CRITICAL','DONE','PRACTICE','654bfbae-b089-4f97-bcd6-e8183a3a0783','cfcba21d-966a-43b8-a1a8-9751e05ed7c5','9ca7eb3e-24a0-4a16-9d24-82d86344ac7b','00f6f2eb-2153-40a6-b2f3-8f4837ba3a3c','2025-03-01 14:00:00.000000'),('20554e0a-684c-44a6-a64b-9c30f5433ac3','21130371',_binary '\0',NULL,'2025-07-30 04:29:45.138274',NULL,'2025-08-03 03:23:43.798709','21130371',0,NULL,'2025-05-24 00:00:00.000000',NULL,'2025-05-18 00:00:00.000000','Quản lý & cập nhật trạng thái đơn hàng (Admin)',0,1,_binary '','','MINOR','REVIEW','PRACTICE','e8940cd9-c8f9-4bd8-97b6-be4f7b8536e7','d909ec23-e3b8-473c-8b53-b0dd10e5cb4a','4d5f6b20-6bc0-4671-b683-904e880509d8','55737e22-cac3-411e-96a1-b5b1a1488b61','2025-03-01 14:00:00.000000'),('2056f0e2-6080-40cd-8328-26166bd83844','21130451',_binary '\0',NULL,'2025-07-14 10:25:20.128951',NULL,'2025-07-14 10:26:15.412075','21130451',2,'<p><br></p>','2025-05-04 11:13:59.000000',NULL,'2025-05-03 17:00:00.000000','Tổng hợp mã nguồn',0,0,_binary '\0','','CRITICAL','TODO','PRACTICE','56ecb8b8-6a8a-471a-826f-3a827025e524','eb2cff67-6672-4ad6-8b2f-829a547c2595','7cc9eb1e-b051-4fc4-9b5d-0dd423b9b723','9ebb1a1a-bbf5-4724-9692-fd08a591164b','2025-05-03 17:00:00.000000'),('20d39079-8718-4b34-9250-fc6922d19a64','21130371',_binary '\0',NULL,'2025-08-03 10:56:48.078016',NULL,'2025-08-03 10:56:48.078016','21130371',0,NULL,'2025-04-18 17:00:00.000000',NULL,'2025-04-05 17:00:00.000000','Thiết kế cấu trúc MVC cho ứng dụng',0,0,_binary '','0','MAJOR','TODO','PRACTICE','b5090bc3-59bb-4aa5-968c-8ea52e045d9d','6cc2afa7-7786-4f77-9e9b-e5e3d3abbda7','e8940cd9-c8f9-4bd8-97b6-be4f7b8536e7','07743875-1d87-4d81-8c5c-4e909871d8f0','2025-01-31 19:05:04.000000'),('20eed4f3-1337-4e7d-8bd1-8438f4c25354','21130359',_binary '\0',NULL,'2025-07-30 04:29:26.251705',NULL,'2025-08-02 15:30:07.304363','21130359',2,NULL,'2025-04-27 17:23:56.000000',NULL,'2025-04-27 00:00:00.000000','Chuẩn hóa CSDL và tối ưu truy vấn ban đầu',0,0,_binary '\0','','MAJOR','DONE','THEORY','4587115e-b26e-4761-8de8-41826f97d842','a5bc1288-fe8b-41c1-8993-152dbe7cb3fa','acef4982-efaf-450c-ba00-7f889d15ca49','02d28358-9e5a-4b65-9f56-bac4a0bffc34','2025-04-22 17:25:15.000000'),('21086d9e-4620-4192-b516-c06583da0e23','21130371',_binary '\0',NULL,'2025-07-30 06:05:50.813142',NULL,'2025-08-02 05:14:05.430105','21130371',2,'<p><br></p>','2025-03-14 17:15:03.000000',NULL,'2025-03-09 00:00:00.000000','Xây dựng sơ đồ use-case ban đầu',0,0,_binary '\0','','CRITICAL','DONE','THEORY','e8940cd9-c8f9-4bd8-97b6-be4f7b8536e7','d909ec23-e3b8-473c-8b53-b0dd10e5cb4a','4d5f6b20-6bc0-4671-b683-904e880509d8','bbfddaeb-dea5-4178-b067-e0fa8812c338','2025-03-01 14:00:00.000000'),('214d1cda-1ecf-4490-96c6-b9dc5ffbf56c','21130371',_binary '\0',NULL,'2025-08-03 10:56:48.219593',NULL,'2025-08-03 10:56:48.219593','21130371',0,NULL,'2025-05-09 17:00:00.000000',NULL,'2025-05-03 17:00:00.000000','Chuẩn bị bản demo ứng dụng',0,0,_binary '','0','MAJOR','TODO','PRACTICE','e8940cd9-c8f9-4bd8-97b6-be4f7b8536e7','6cc2afa7-7786-4f77-9e9b-e5e3d3abbda7','4d5f6b20-6bc0-4671-b683-904e880509d8','248f987f-a6ca-401f-af4d-776eb16310c2','2025-01-31 19:05:04.000000'),('2171028c-5e8d-4920-a044-3ed769f620fd','21130320',_binary '\0',NULL,'2025-07-07 13:57:36.139485',NULL,'2025-07-21 04:41:21.821239','21130320',0,'<p><br></p>','2025-03-01 18:42:46.000000',NULL,'2025-03-01 17:00:00.000000','Tạo Api phân trang và tích hợp',0,0,_binary '\0','','CRITICAL','TODO','THEORY','29494edf-a498-48f4-85e1-e33775976468','caf9e00b-e1c5-4b0f-9c49-2eac892a327e','17194877-c523-475f-9bf6-e627293e916f','018a1ba5-dda1-4179-b73e-176e6693a371','2025-03-01 17:00:00.000000'),('222250ed-1de5-4c6b-a803-54931adb62e9','21130320',_binary '\0',NULL,'2025-08-03 10:52:11.612902',NULL,'2025-08-03 10:52:11.612902','21130320',0,NULL,'2025-05-02 17:00:00.000000',NULL,'2025-04-19 17:00:00.000000','Kiểm tra tính đúng đắn của các mẫu thiết kế',0,0,_binary '','0','MAJOR','TODO','PRACTICE','29494edf-a498-48f4-85e1-e33775976468','5122db1f-5ad5-4c6a-baea-404608794939','17194877-c523-475f-9bf6-e627293e916f','fb4952a3-6fbb-416b-92b3-d13f835e0de6','2025-01-31 19:00:28.000000'),('223bac33-e058-4b76-a997-e300657d5bca','21130335',_binary '\0',NULL,'2025-07-30 04:29:06.279098',NULL,'2025-08-03 04:37:41.487603','21130335',1,NULL,'2025-06-04 00:32:03.000000',NULL,'2025-06-01 00:00:00.000000','Chuẩn bị tài liệu hướng dẫn sử dụng & quản trị',0,0,_binary '\0','','MAJOR','DONE','THEORY','8525cbcd-87f7-4826-96d2-05ef5a536c9b','cfcba21d-966a-43b8-a1a8-9751e05ed7c5','9ca7eb3e-24a0-4a16-9d24-82d86344ac7b','14d6b9c2-92f2-4ebb-8ef6-fa89a0233449','2025-03-01 14:00:00.000000'),('232d878a-b48a-4678-ace8-519954e521e6','21130359',_binary '\0',NULL,'2025-08-03 10:56:38.041688',NULL,'2025-08-03 10:56:38.041688','21130359',0,NULL,'2025-05-02 17:00:00.000000',NULL,'2025-04-19 17:00:00.000000','Cải thiện tài liệu kỹ thuật',0,0,_binary '','0','MINOR','TODO','THEORY','acef4982-efaf-450c-ba00-7f889d15ca49','a6154ca9-d3f9-4a18-a20a-e0da52601faa','e8ce7209-bec9-428a-9548-239de2754237','fb4952a3-6fbb-416b-92b3-d13f835e0de6','2025-01-31 19:04:54.000000'),('2395fffa-37a2-4ce7-865c-7b8c6b443e5d','22130001',_binary '\0',NULL,'2025-07-30 04:28:24.623466',NULL,'2025-08-02 05:03:49.070964','22130001',1,NULL,'2025-03-12 05:04:52.000000',NULL,'2025-03-09 00:00:00.000000','Lập kế hoạch dự án và phân công nhiệm vụ',0,0,_binary '\0','','MAJOR','DONE','THEORY','a06e6810-6edc-4b00-ae0e-5883eea883b0','f27d5a34-ecc1-4c32-8fd9-44615cbbed19','1e999da3-163f-4a7c-84cd-2678f6ca565d','bbfddaeb-dea5-4178-b067-e0fa8812c338','2025-03-01 14:00:00.000000'),('23e31c21-f5d8-4de8-8788-31f76257a428','21130451',_binary '\0',NULL,'2025-07-14 08:20:46.521590',NULL,'2025-07-14 09:15:22.897382','21130451',2,'<p>Ok nnha</p><p><br></p>','2025-03-26 06:03:57.000000',NULL,'2025-03-22 17:00:00.000000','Ứng dụng Singleton trong MySQL connection',0,0,_binary '\0','','CRITICAL','TODO','PRACTICE','56ecb8b8-6a8a-471a-826f-3a827025e524','eb2cff67-6672-4ad6-8b2f-829a547c2595','4527de36-9be4-4ba3-994d-f6276f6c67c0','6a01e474-92f2-440e-9cc1-c1041de2e1be','2025-03-22 17:00:00.000000'),('23f1b589-825f-4df4-ba48-6a00abc5d374','21130359',_binary '\0',NULL,'2025-07-30 04:29:26.159383',NULL,'2025-08-02 05:08:30.996106','21130359',0,NULL,'2025-03-12 05:09:33.000000',NULL,'2025-03-09 00:00:00.000000','Khảo sát các môn thể thao & dụng cụ',0,0,_binary '\0','','MAJOR','DONE','THEORY','4587115e-b26e-4761-8de8-41826f97d842','a5bc1288-fe8b-41c1-8993-152dbe7cb3fa','e8ce7209-bec9-428a-9548-239de2754237','bbfddaeb-dea5-4178-b067-e0fa8812c338','2025-03-01 14:00:00.000000'),('2418d32b-fed5-4d88-84d3-fdf33370c8c6','20130224',_binary '\0',NULL,'2025-07-30 04:29:15.791452',NULL,'2025-08-03 04:37:45.127167','20130224',1,NULL,'2025-06-04 00:32:06.000000',NULL,'2025-06-01 00:00:00.000000','Chuẩn bị tài liệu hướng dẫn sử dụng & quản trị',0,0,_binary '\0','','MAJOR','DONE','THEORY','0ddff544-bc3b-420d-b503-312315fd770d','253ac332-b8e2-43a7-bbc7-d673ddabc733','bf4ca8d4-f8f2-406a-99cd-8e043a030a39','14d6b9c2-92f2-4ebb-8ef6-fa89a0233449','2025-03-01 14:00:00.000000'),('24d99253-900c-4892-a659-5ab3e0e356e3','21130363',_binary '\0',NULL,'2025-07-30 04:26:37.398747',NULL,'2025-08-02 10:55:09.360134','21130363',1,NULL,'2025-04-09 00:38:34.000000',NULL,'2025-04-06 00:00:00.000000','Thiết kế giao diện chọn món và giỏ hàng',0,1,_binary '\0','','MINOR','DONE','PRACTICE','d1aca7d1-1754-4931-a600-e6d30953b632','80bc4a94-2ad4-44e8-bc20-8e76a44864e5','d22a81b9-1297-4971-a5b1-2ea027e0fa8d','c4389934-e970-4cab-9330-2d517122d28d','2025-03-01 14:00:00.000000'),('24f5fa1f-c5f9-419e-8542-5c61431ad50a','21130335',_binary '\0',NULL,'2025-07-30 04:29:06.236403',NULL,'2025-08-03 03:29:45.806371','21130335',2,NULL,'2025-05-23 04:04:31.000000',NULL,'2025-05-18 00:00:00.000000','Quản lý & xác nhận vé đã đặt (Admin/Rạp)',0,0,_binary '\0','','CRITICAL','DONE','PRACTICE','8525cbcd-87f7-4826-96d2-05ef5a536c9b','cfcba21d-966a-43b8-a1a8-9751e05ed7c5','654bfbae-b089-4f97-bcd6-e8183a3a0783','55737e22-cac3-411e-96a1-b5b1a1488b61','2025-03-01 14:00:00.000000'),('25900661-5a56-4c71-9a2e-cb720be14445','21130601',_binary '\0',NULL,'2025-08-03 10:53:23.010215',NULL,'2025-08-03 10:53:23.010215','21130601',0,NULL,'2025-05-09 17:00:00.000000',NULL,'2025-05-03 17:00:00.000000','Viết báo cáo cuối kỳ',0,0,_binary '','0','MAJOR','TODO','THEORY','cf1781cc-fd98-477f-8fb9-da0b45544521','6d7c2809-16b0-4200-99b7-ca3ce7ab72f7','877fd8ab-c4ee-4109-812c-965f17c590f1','248f987f-a6ca-401f-af4d-776eb16310c2','2025-01-31 19:01:39.000000'),('26c95a2c-80df-4189-882d-48847c111c6f','22130001',_binary '\0',NULL,'2025-08-03 10:55:33.790361',NULL,'2025-08-03 10:55:33.790361','22130001',0,NULL,'2025-04-04 17:00:00.000000',NULL,'2025-03-29 17:00:00.000000','Ghi tài liệu Template Method và Visitor',0,0,_binary '','0','MINOR','TODO','THEORY','c94c51f9-dbd5-4c78-b857-46f2592d1fe1','66436f4d-8245-433d-a9d2-d0eb03a6a47b','a06e6810-6edc-4b00-ae0e-5883eea883b0','fca63275-f3b3-4839-b287-a8b7474dd393','2025-01-31 19:03:50.000000'),('26d1158e-28a0-4bf4-8b64-a9da5067c243','21130335',_binary '\0',NULL,'2025-08-03 10:55:59.284447',NULL,'2025-08-03 10:55:59.284447','21130335',0,NULL,'2025-04-18 17:00:00.000000',NULL,'2025-04-05 17:00:00.000000','Hiện thực các lớp Model cơ bản',0,0,_binary '','0','MAJOR','TODO','PRACTICE','8525cbcd-87f7-4826-96d2-05ef5a536c9b','bdf5e58c-8905-4f18-afb3-d36945768d9f','654bfbae-b089-4f97-bcd6-e8183a3a0783','07743875-1d87-4d81-8c5c-4e909871d8f0','2025-01-31 19:04:15.000000'),('2726700e-bf98-4636-901d-e7fbf21a2f42','21130335',_binary '\0',NULL,'2025-08-03 10:55:59.371554',NULL,'2025-08-03 10:55:59.371554','21130335',0,NULL,'2025-05-09 17:00:00.000000',NULL,'2025-05-03 17:00:00.000000','Viết báo cáo cuối kỳ',0,0,_binary '','0','MAJOR','TODO','THEORY','9ca7eb3e-24a0-4a16-9d24-82d86344ac7b','bdf5e58c-8905-4f18-afb3-d36945768d9f','8525cbcd-87f7-4826-96d2-05ef5a536c9b','248f987f-a6ca-401f-af4d-776eb16310c2','2025-01-31 19:04:15.000000'),('2782dfde-d15d-4c00-a1ff-e4a969216574','21130371',_binary '\0',NULL,'2025-07-30 04:29:44.960327',NULL,'2025-08-02 11:13:25.133442','21130371',1,NULL,'2025-04-12 08:56:43.000000',NULL,'2025-04-06 00:00:00.000000','Thiết kế giao diện trang chẩn đoán loại da/tóc',0,0,_binary '\0','','MAJOR','DONE','PRACTICE','e8940cd9-c8f9-4bd8-97b6-be4f7b8536e7','d909ec23-e3b8-473c-8b53-b0dd10e5cb4a','4d5f6b20-6bc0-4671-b683-904e880509d8','c4389934-e970-4cab-9330-2d517122d28d','2025-03-01 14:00:00.000000'),('28b19692-067f-4816-b7da-fe8647d50b96','21130451',_binary '\0',NULL,'2025-08-03 10:53:12.807116',NULL,'2025-08-03 10:53:12.807116','21130451',0,NULL,'2025-03-14 17:00:00.000000',NULL,'2025-03-08 17:00:00.000000','Hiện thực Observer Pattern cho cập nhật tin tức',0,0,_binary '','0','MAJOR','TODO','PRACTICE','4527de36-9be4-4ba3-994d-f6276f6c67c0','29d9f886-4301-4881-8785-f773e8e9b3c7','56ecb8b8-6a8a-471a-826f-3a827025e524','00bf93d6-7893-481b-b3a6-7536a788f22d','2025-01-31 19:01:29.000000'),('291e0ca7-7077-4991-aa22-29f9cee23b8e','21130279',_binary '\0',NULL,'2025-08-03 10:55:50.543432',NULL,'2025-08-03 10:55:50.543432','21130279',1,NULL,'2025-05-09 17:00:00.000000',NULL,'2025-05-03 17:00:00.000000','Kiểm tra lỗi và sửa lỗi',0,0,_binary '','0','MINOR','TODO','PRACTICE','bbecaa3b-396a-4cfd-8fb5-908ceb80b212','e18c1088-2d20-400c-81bf-6eaca20ede2e','e95ab128-0e4a-494b-bcd8-47bb5e0f6355','248f987f-a6ca-401f-af4d-776eb16310c2','2025-01-31 19:04:06.000000'),('2939372a-b01b-4767-875e-2e3c88a3626a','21130601',_binary '\0',NULL,'2025-07-30 04:18:36.190768',NULL,'2025-08-03 04:37:26.266485','21130601',0,NULL,'2025-06-04 00:31:47.000000',NULL,'2025-06-01 00:00:00.000000','Chuẩn bị demo website hoàn chỉnh',0,0,_binary '\0','','CRITICAL','DONE','PRACTICE','877fd8ab-c4ee-4109-812c-965f17c590f1','a8eb1192-3e81-42e8-9f69-8483736af936','cf1781cc-fd98-477f-8fb9-da0b45544521','14d6b9c2-92f2-4ebb-8ef6-fa89a0233449','2025-03-01 14:00:00.000000'),('29a2a165-8814-4e0d-9f47-e9baab0882ed','21130451',_binary '\0',NULL,'2025-07-30 04:17:29.621425',NULL,'2025-08-02 11:11:15.420317','21130451',0,NULL,'2025-04-12 08:54:33.000000',NULL,'2025-04-06 00:00:00.000000','Thiết kế giao diện trang danh mục sách',0,0,_binary '\0','','MAJOR','DONE','PRACTICE','4527de36-9be4-4ba3-994d-f6276f6c67c0','3438c873-bc50-42c4-a598-1ed31761fe23','7cc9eb1e-b051-4fc4-9b5d-0dd423b9b723','c4389934-e970-4cab-9330-2d517122d28d','2025-03-01 14:00:00.000000'),('29adf02f-40a2-4898-8bb9-a3846441f189','21130451',_binary '\0',NULL,'2025-07-08 03:42:23.710629',NULL,'2025-07-11 15:46:20.901224','21130451',0,'<p><br></p>','2025-03-01 18:42:58.000000',NULL,'2025-03-01 17:00:00.000000','Viết SQL lấy danh sách sản phẩm (có phân trang)',0,0,_binary '\0','','CRITICAL','TODO','THEORY','4527de36-9be4-4ba3-994d-f6276f6c67c0','8f109a77-484b-4f39-a076-6b2a44b8137a','56ecb8b8-6a8a-471a-826f-3a827025e524','018a1ba5-dda1-4179-b73e-176e6693a371','2025-03-01 17:00:00.000000'),('29e9ef9c-8451-45bc-b3f8-6309fa25085d','21130320',_binary '\0',NULL,'2025-08-03 10:52:11.158843',NULL,'2025-08-03 10:52:11.158843','21130320',1,NULL,'2025-02-28 17:00:00.000000',NULL,'2025-02-15 17:00:00.000000','Tìm hiểu 4 nguyên tắc OOP',0,0,_binary '','0','MAJOR','TODO','THEORY','29494edf-a498-48f4-85e1-e33775976468','5122db1f-5ad5-4c6a-baea-404608794939','17194877-c523-475f-9bf6-e627293e916f','49dd8be6-7191-430b-acae-501c1bee2770','2025-01-31 19:00:27.000000'),('2a30f8f4-e5cf-476c-b666-a67c616b33aa','21130335',_binary '\0',NULL,'2025-07-30 04:29:06.196681',NULL,'2025-08-03 01:32:42.640934','21130335',1,NULL,'2025-05-17 00:00:00.000000',NULL,'2025-05-11 00:00:00.000000','Tính toán giá vé & giỏ hàng tạm thời',0,0,_binary '','','MAJOR','REVIEW','PRACTICE','9ca7eb3e-24a0-4a16-9d24-82d86344ac7b','cfcba21d-966a-43b8-a1a8-9751e05ed7c5','654bfbae-b089-4f97-bcd6-e8183a3a0783','8bace90b-9f85-46b3-9411-8e098ba21c6e','2025-03-01 14:00:00.000000'),('2ce673ac-865f-4901-b106-b88b77557054','21130363',_binary '\0',NULL,'2025-08-03 10:55:00.559517',NULL,'2025-08-03 10:55:00.559517','21130363',1,NULL,'2025-02-28 17:00:00.000000',NULL,'2025-02-15 17:00:00.000000','Thiết kế Class Diagram cho Bệnh nhân và Dịch vụ',0,0,_binary '','0','MAJOR','TODO','PRACTICE','d22a81b9-1297-4971-a5b1-2ea027e0fa8d','03ef89f3-394a-4447-ab47-2768e03ea221','f3ee7d4d-d82b-45d8-8c46-6756b1b6ea88','49dd8be6-7191-430b-acae-501c1bee2770','2025-01-31 19:03:17.000000'),('2d4dfb6d-58d5-476e-8a4c-df8c6c03ae0b','21130320',_binary '\0',NULL,'2025-07-07 13:53:25.963388',NULL,'2025-07-11 15:46:07.794322','21130320',0,'<p><br></p>','2025-03-01 18:42:45.000000',NULL,'2025-03-01 17:00:00.000000','Thực hiện UI trang sản phẩm mới',0,0,_binary '\0','','CRITICAL','TODO','THEORY','29494edf-a498-48f4-85e1-e33775976468','caf9e00b-e1c5-4b0f-9c49-2eac892a327e','0efffdb4-b730-4f32-b930-79dddc45554a','018a1ba5-dda1-4179-b73e-176e6693a371','2025-03-01 17:00:00.000000'),('2d54cd19-12f2-416a-83cf-9fc606c0b2d6','21130320',_binary '\0',NULL,'2025-07-14 10:24:37.852839',NULL,'2025-07-14 10:26:45.005145','21130320',2,'<p><br></p>','2025-05-04 11:14:29.000000',NULL,'2025-05-03 17:00:00.000000','Viết Document',0,0,_binary '\0','','CRITICAL','TODO','THEORY','17194877-c523-475f-9bf6-e627293e916f','7d783967-3144-4c76-ae91-0bcb3ebab45b','0efffdb4-b730-4f32-b930-79dddc45554a','9ebb1a1a-bbf5-4724-9692-fd08a591164b','2025-05-03 17:00:00.000000'),('2d6b1496-7bbe-4005-a1ff-8031ebaba1ca','21130371',_binary '\0',NULL,'2025-07-30 04:29:45.202705',NULL,'2025-08-03 04:37:52.889988','21130371',0,NULL,'2025-06-04 00:32:14.000000',NULL,'2025-06-01 00:00:00.000000','Chuẩn bị demo website hoàn chỉnh',0,0,_binary '\0','','CRITICAL','DONE','PRACTICE','b5090bc3-59bb-4aa5-968c-8ea52e045d9d','d909ec23-e3b8-473c-8b53-b0dd10e5cb4a','e8940cd9-c8f9-4bd8-97b6-be4f7b8536e7','14d6b9c2-92f2-4ebb-8ef6-fa89a0233449','2025-03-01 14:00:00.000000'),('2d8c9018-15e2-4206-969d-676ea652c5bd','21130279',_binary '\0',NULL,'2025-07-30 05:42:13.072371',NULL,'2025-08-02 10:01:33.123746','21130279',1,'<p><br></p>','2025-04-05 00:00:00.000000',NULL,'2025-03-23 00:00:00.000000','Nạp dữ liệu cho CSDL',0,1,_binary '','','MAJOR','BACKLOG','THEORY','bbecaa3b-396a-4cfd-8fb5-908ceb80b212','89427d93-69a9-4187-baac-7a3105624b8b','e95ab128-0e4a-494b-bcd8-47bb5e0f6355',NULL,NULL),('2d9fd3ed-9ed0-49b3-9a97-459b8512d7c6','21130601',_binary '\0',NULL,'2025-08-03 10:53:22.869064',NULL,'2025-08-03 10:53:22.869064','21130601',1,NULL,'2025-04-04 17:00:00.000000',NULL,'2025-03-29 17:00:00.000000','Nghiên cứu Visitor Pattern cho báo cáo doanh thu',0,0,_binary '','0','MAJOR','TODO','THEORY','877fd8ab-c4ee-4109-812c-965f17c590f1','6d7c2809-16b0-4200-99b7-ca3ce7ab72f7','aece6254-3942-4a02-be99-782106eb4a52','fca63275-f3b3-4839-b287-a8b7474dd393','2025-01-31 19:01:39.000000'),('2daa1969-c339-41c2-b90f-7366af081476','21130363',_binary '\0',NULL,'2025-07-08 04:03:25.535624',NULL,'2025-07-29 03:39:47.383723','21130363',0,'<p><br></p>','2025-02-11 17:00:00.000000',NULL,'2025-02-08 17:00:00.000000','Bảo quản sản phẩm',0,0,_binary '\0','','CRITICAL','INPROCESS','THEORY','d1aca7d1-1754-4931-a600-e6d30953b632','3bff699d-9121-413b-8896-49b00f0952a3','d22a81b9-1297-4971-a5b1-2ea027e0fa8d','565e13cb-7a4c-4f75-88f2-903a54ddc690','2025-02-08 17:00:00.000000'),('2e23d0b1-cdaa-4ff1-80dd-528137708c62','21130279',_binary '\0',NULL,'2025-08-03 10:55:50.313399',NULL,'2025-08-03 10:55:50.313399','21130279',0,NULL,'2025-03-28 17:00:00.000000',NULL,'2025-03-22 17:00:00.000000','Ghi tài liệu Decorator và Iterator',0,0,_binary '','0','MINOR','TODO','THEORY','bbecaa3b-396a-4cfd-8fb5-908ceb80b212','e18c1088-2d20-400c-81bf-6eaca20ede2e','e95ab128-0e4a-494b-bcd8-47bb5e0f6355','4d8b7804-ba53-497d-8f69-3ecbe2ba6c05','2025-01-31 19:04:06.000000'),('2ec32734-c181-4a19-a233-4f9315113204','22130001',_binary '\0',NULL,'2025-08-03 10:55:33.823649',NULL,'2025-08-03 10:55:33.823649','22130001',0,NULL,'2025-04-18 17:00:00.000000',NULL,'2025-04-05 17:00:00.000000','Hiện thực các lớp Model cơ bản',0,0,_binary '','0','MAJOR','TODO','PRACTICE','1e999da3-163f-4a7c-84cd-2678f6ca565d','66436f4d-8245-433d-a9d2-d0eb03a6a47b','c94c51f9-dbd5-4c78-b857-46f2592d1fe1','07743875-1d87-4d81-8c5c-4e909871d8f0','2025-01-31 19:03:50.000000'),('2f066ac9-c16a-429c-a014-110abdcea107','21130359',_binary '\0',NULL,'2025-08-03 10:56:37.989738',NULL,'2025-08-03 10:56:37.989738','21130359',0,NULL,'2025-04-18 17:00:00.000000',NULL,'2025-04-05 17:00:00.000000','Hiện thực View cho danh sách học sinh',0,0,_binary '','0','MAJOR','TODO','PRACTICE','acef4982-efaf-450c-ba00-7f889d15ca49','a6154ca9-d3f9-4a18-a20a-e0da52601faa','e8ce7209-bec9-428a-9548-239de2754237','07743875-1d87-4d81-8c5c-4e909871d8f0','2025-01-31 19:04:54.000000'),('2f40fdf3-76c7-40cc-9743-f9bf243d3038','21130335',_binary '\0',NULL,'2025-07-30 04:29:06.293563',NULL,'2025-08-03 04:37:42.402488','21130335',0,NULL,'2025-06-04 00:32:04.000000',NULL,'2025-06-01 00:00:00.000000','Chuẩn bị demo website hoàn chỉnh',0,0,_binary '\0','','CRITICAL','DONE','PRACTICE','654bfbae-b089-4f97-bcd6-e8183a3a0783','cfcba21d-966a-43b8-a1a8-9751e05ed7c5','9ca7eb3e-24a0-4a16-9d24-82d86344ac7b','14d6b9c2-92f2-4ebb-8ef6-fa89a0233449','2025-03-01 14:00:00.000000'),('309e6bd6-4a87-429e-8291-9da2310a04fd','21130359',_binary '\0',NULL,'2025-08-03 10:56:38.057949',NULL,'2025-08-03 10:56:38.057949','21130359',0,NULL,'2025-05-09 17:00:00.000000',NULL,'2025-05-03 17:00:00.000000','Viết báo cáo cuối kỳ',0,0,_binary '','0','MAJOR','TODO','THEORY','e8ce7209-bec9-428a-9548-239de2754237','a6154ca9-d3f9-4a18-a20a-e0da52601faa','4587115e-b26e-4761-8de8-41826f97d842','248f987f-a6ca-401f-af4d-776eb16310c2','2025-01-31 19:04:54.000000'),('3115a218-ffd3-47e7-a04e-6a38c954e91f','21130601',_binary '\0',NULL,'2025-08-03 10:53:22.851839',NULL,'2025-08-03 10:53:22.851839','21130601',0,NULL,'2025-04-04 17:00:00.000000',NULL,'2025-03-29 17:00:00.000000','Thiết kế Template Method cho quy trình đỗ xe',0,0,_binary '','0','MAJOR','TODO','PRACTICE','cf1781cc-fd98-477f-8fb9-da0b45544521','6d7c2809-16b0-4200-99b7-ca3ce7ab72f7','877fd8ab-c4ee-4109-812c-965f17c590f1','fca63275-f3b3-4839-b287-a8b7474dd393','2025-01-31 19:01:39.000000'),('31349255-3459-4926-9319-86766efa708b','21130279',_binary '\0',NULL,'2025-07-30 04:28:38.988313',NULL,'2025-08-02 11:11:50.093789','21130279',1,NULL,'2025-04-12 08:55:08.000000',NULL,'2025-04-06 00:00:00.000000','Thiết kế giao diện trang cộng đồng/blog hướng dẫn',0,1,_binary '\0','','MINOR','DONE','PRACTICE','e95ab128-0e4a-494b-bcd8-47bb5e0f6355','89427d93-69a9-4187-baac-7a3105624b8b','bbecaa3b-396a-4cfd-8fb5-908ceb80b212','c4389934-e970-4cab-9330-2d517122d28d','2025-03-01 14:00:00.000000'),('313a807c-6233-48a7-a62d-a2cb1b03310c','21130320',_binary '\0',NULL,'2025-07-11 15:43:21.096340',NULL,'2025-07-11 15:46:10.120202','21130320',2,'<p>áđâsdsađá</p><p><br></p>','2025-03-01 18:42:47.000000',NULL,'2025-03-01 17:00:00.000000','issue thêm vào sprint 4',1,0,_binary '\0','','CRITICAL','TODO','THEORY','17194877-c523-475f-9bf6-e627293e916f','caf9e00b-e1c5-4b0f-9c49-2eac892a327e','0efffdb4-b730-4f32-b930-79dddc45554a','018a1ba5-dda1-4179-b73e-176e6693a371','2025-03-01 17:00:00.000000'),('318d3726-625e-4b24-b0ec-ab54bf3a3a7a','20130224',_binary '\0',NULL,'2025-08-03 10:56:24.138403',NULL,'2025-08-03 10:56:24.138403','20130224',1,NULL,'2025-05-09 17:00:00.000000',NULL,'2025-05-03 17:00:00.000000','Kiểm tra lỗi và sửa lỗi',0,0,_binary '','0','MINOR','TODO','PRACTICE','bf4ca8d4-f8f2-406a-99cd-8e043a030a39','97d36d58-6a95-44ba-9e9c-d9850208de3f','0ddff544-bc3b-420d-b503-312315fd770d','248f987f-a6ca-401f-af4d-776eb16310c2','2025-01-31 19:04:40.000000'),('31b0fa87-fa2b-4bc0-a75c-dda7fdc0c572','21130279',_binary '\0',NULL,'2025-08-03 10:55:50.527350',NULL,'2025-08-03 10:55:50.527350','21130279',0,NULL,'2025-05-09 17:00:00.000000',NULL,'2025-05-03 17:00:00.000000','Chuẩn bị bản demo ứng dụng',0,0,_binary '','0','MAJOR','TODO','PRACTICE','d48742db-1f1a-4bf1-aeef-1865a47b5d09','e18c1088-2d20-400c-81bf-6eaca20ede2e','bbecaa3b-396a-4cfd-8fb5-908ceb80b212','248f987f-a6ca-401f-af4d-776eb16310c2','2025-01-31 19:04:06.000000'),('31eb55d9-611b-463d-ba8e-4abdea8300e7','21130363',_binary '\0',NULL,'2025-07-08 04:03:25.651738',NULL,'2025-07-08 04:03:25.651738','21130363',0,'<p><br></p>','2025-05-17 17:00:00.000000',NULL,'2025-05-03 17:00:00.000000','Quản lý đơn hàng cho admin',0,0,_binary '\0','0','CRITICAL','TODO','THEORY',NULL,'3bff699d-9121-413b-8896-49b00f0952a3',NULL,'20550769-da23-4d54-983e-bdcc62d80a37','2025-05-03 17:00:00.000000'),('31efe5e4-f787-42a6-b54e-53b0a34ee63a','20130224',_binary '\0',NULL,'2025-07-30 04:29:15.558538',NULL,'2025-08-02 10:29:17.876087','20130224',1,NULL,'2025-04-07 05:59:25.000000',NULL,'2025-04-06 00:00:00.000000','Thiết kế giao diện quản lý sự kiện cho BTC',0,0,_binary '\0','','MAJOR','DONE','PRACTICE','bf4ca8d4-f8f2-406a-99cd-8e043a030a39','253ac332-b8e2-43a7-bbc7-d673ddabc733','0ddff544-bc3b-420d-b503-312315fd770d','c4389934-e970-4cab-9330-2d517122d28d','2025-03-01 14:00:00.000000'),('3201b7b7-7f18-48d1-a401-20dfdd15b81c','22130001',_binary '\0',NULL,'2025-07-30 04:28:24.776498',NULL,'2025-08-02 15:39:16.248833','22130001',1,NULL,'2025-05-03 00:00:00.000000',NULL,'2025-04-27 00:00:00.000000','Xây dựng phân quyền cơ bản',0,0,_binary '','','MAJOR','REVIEW','PRACTICE','a06e6810-6edc-4b00-ae0e-5883eea883b0','f27d5a34-ecc1-4c32-8fd9-44615cbbed19','c94c51f9-dbd5-4c78-b857-46f2592d1fe1','02d28358-9e5a-4b65-9f56-bac4a0bffc34','2025-03-01 14:00:00.000000'),('3251e31d-f22b-4079-99eb-1ed799eb84d2','22130001',_binary '\0',NULL,'2025-08-03 10:55:33.617551',NULL,'2025-08-03 10:55:33.617551','22130001',0,NULL,'2025-03-14 17:00:00.000000',NULL,'2025-03-08 17:00:00.000000','Hiện thực Observer Pattern cho cập nhật danh bạ',0,0,_binary '','0','MAJOR','TODO','PRACTICE','1e999da3-163f-4a7c-84cd-2678f6ca565d','66436f4d-8245-433d-a9d2-d0eb03a6a47b','c94c51f9-dbd5-4c78-b857-46f2592d1fe1','00bf93d6-7893-481b-b3a6-7536a788f22d','2025-01-31 19:03:50.000000'),('32657d29-51eb-4262-9748-b0d149be63d2','21130320',_binary '\0',NULL,'2025-07-11 16:04:59.620105',NULL,'2025-07-11 17:10:42.029145','21130320',2,'<p>dsdádá</p><p><br></p>','2025-05-04 06:19:23.000000',NULL,'2025-05-03 17:00:00.000000','thêm sprint vào sprint 5',1,0,_binary '\0','','CRITICAL','TODO','THEORY','0efffdb4-b730-4f32-b930-79dddc45554a','caf9e00b-e1c5-4b0f-9c49-2eac892a327e','17194877-c523-475f-9bf6-e627293e916f','20550769-da23-4d54-983e-bdcc62d80a37','2025-05-03 17:00:00.000000'),('32ac1373-3616-43d4-9d34-bc9902599244','21130359',_binary '\0',NULL,'2025-08-03 10:56:37.776599',NULL,'2025-08-03 10:56:37.776599','21130359',0,NULL,'2025-03-14 17:00:00.000000',NULL,'2025-03-08 17:00:00.000000','Hiện thực Observer Pattern để cập nhật trạng thái học sinh',0,0,_binary '','0','MAJOR','TODO','PRACTICE','4587115e-b26e-4761-8de8-41826f97d842','a6154ca9-d3f9-4a18-a20a-e0da52601faa','acef4982-efaf-450c-ba00-7f889d15ca49','00bf93d6-7893-481b-b3a6-7536a788f22d','2025-01-31 19:04:54.000000'),('334c7a59-7020-4060-8d0c-8ee6734d88f7','21130279',_binary '\0',NULL,'2025-07-30 04:28:39.230098',NULL,'2025-08-03 04:37:38.171408','21130279',1,NULL,'2025-06-04 00:31:59.000000',NULL,'2025-06-01 00:00:00.000000','Chuẩn bị tài liệu hướng dẫn sử dụng & quản trị',0,0,_binary '\0','','MAJOR','DONE','THEORY','bbecaa3b-396a-4cfd-8fb5-908ceb80b212','89427d93-69a9-4187-baac-7a3105624b8b','e95ab128-0e4a-494b-bcd8-47bb5e0f6355','14d6b9c2-92f2-4ebb-8ef6-fa89a0233449','2025-03-01 14:00:00.000000'),('33e09ba3-79d6-4b35-8bd4-fd12cd86fab3','21130320',_binary '\0',NULL,'2025-07-14 09:38:53.787733',NULL,'2025-07-14 09:56:23.622077','21130320',2,'<p><br></p>','2025-04-16 22:44:30.000000',NULL,'2025-04-05 17:00:00.000000','Ứng dụng MVC',0,0,_binary '\0','','CRITICAL','TODO','THEORY','29494edf-a498-48f4-85e1-e33775976468','7d783967-3144-4c76-ae91-0bcb3ebab45b','17194877-c523-475f-9bf6-e627293e916f','bbfc8df2-5eb2-4a78-84d1-1e65beddd6f3','2025-04-05 17:00:00.000000'),('341b72dd-6895-4621-bb8e-598c763934e5','21130451',_binary '\0',NULL,'2025-08-03 10:53:13.059702',NULL,'2025-08-03 10:53:13.059702','21130451',0,NULL,'2025-04-04 17:00:00.000000',NULL,'2025-03-29 17:00:00.000000','Ghi tài liệu Template Method và Visitor',0,0,_binary '','0','MINOR','TODO','THEORY','56ecb8b8-6a8a-471a-826f-3a827025e524','29d9f886-4301-4881-8785-f773e8e9b3c7','7cc9eb1e-b051-4fc4-9b5d-0dd423b9b723','fca63275-f3b3-4839-b287-a8b7474dd393','2025-01-31 19:01:29.000000'),('344311d8-5332-4ff3-b4e1-26a95c85453b','21130279',_binary '\0',NULL,'2025-08-03 10:55:50.423933',NULL,'2025-08-03 10:55:50.423933','21130279',0,NULL,'2025-04-18 17:00:00.000000',NULL,'2025-04-05 17:00:00.000000','Hiện thực View cho danh sách sự kiện',0,0,_binary '','0','MAJOR','TODO','PRACTICE','bbecaa3b-396a-4cfd-8fb5-908ceb80b212','e18c1088-2d20-400c-81bf-6eaca20ede2e','e95ab128-0e4a-494b-bcd8-47bb5e0f6355','07743875-1d87-4d81-8c5c-4e909871d8f0','2025-01-31 19:04:06.000000'),('345c0210-1dc4-47c5-892d-898fb89b9e44','21130363',_binary '\0',NULL,'2025-08-03 10:55:00.843294',NULL,'2025-08-03 10:55:00.843294','21130363',0,NULL,'2025-04-18 17:00:00.000000',NULL,'2025-04-05 17:00:00.000000','Hiện thực các lớp Model cơ bản',0,0,_binary '','0','MAJOR','TODO','PRACTICE','d1aca7d1-1754-4931-a600-e6d30953b632','03ef89f3-394a-4447-ab47-2768e03ea221','d22a81b9-1297-4971-a5b1-2ea027e0fa8d','07743875-1d87-4d81-8c5c-4e909871d8f0','2025-01-31 19:03:17.000000'),('34a974c6-53af-44c3-a28a-f05900f81024','21130451',_binary '\0',NULL,'2025-07-14 09:23:00.650820',NULL,'2025-07-14 09:32:18.136558','21130451',2,'<p><br></p>','2025-03-31 06:20:45.000000',NULL,'2025-03-29 17:00:00.000000','Tóm tắt kiến thức Visitor pattern',0,0,_binary '\0','','CRITICAL','TODO','THEORY','7cc9eb1e-b051-4fc4-9b5d-0dd423b9b723','eb2cff67-6672-4ad6-8b2f-829a547c2595','7cc9eb1e-b051-4fc4-9b5d-0dd423b9b723','99157455-4dac-4bd4-a540-f43c0fd93145','2025-03-29 17:00:00.000000'),('34de23f2-86ec-4674-bfe4-5756c0022340','21130601',_binary '\0',NULL,'2025-08-03 10:53:22.993473',NULL,'2025-08-03 10:53:22.993473','21130601',0,NULL,'2025-05-02 17:00:00.000000',NULL,'2025-04-19 17:00:00.000000','Cải thiện tài liệu kỹ thuật',0,0,_binary '','0','MINOR','TODO','THEORY','aece6254-3942-4a02-be99-782106eb4a52','6d7c2809-16b0-4200-99b7-ca3ce7ab72f7','cf1781cc-fd98-477f-8fb9-da0b45544521','fb4952a3-6fbb-416b-92b3-d13f835e0de6','2025-01-31 19:01:39.000000'),('352e2f73-0f8f-4a22-95b8-c36b9552778d','21130601',_binary '\0',NULL,'2025-07-08 03:56:16.276098',NULL,'2025-07-08 03:56:16.276098','21130601',0,'<p><br></p>','2025-05-17 17:00:00.000000',NULL,'2025-05-03 17:00:00.000000','Quản lý đơn hàng cho admin',0,0,_binary '\0','0','CRITICAL','TODO','THEORY',NULL,'f5dbc1df-3827-4a90-b9fb-8e1e5736c8c9',NULL,'20550769-da23-4d54-983e-bdcc62d80a37','2025-05-03 17:00:00.000000'),('357de393-700d-42e6-a041-1211532ba3bf','20130224',_binary '\0',NULL,'2025-08-03 10:56:23.861776',NULL,'2025-08-03 10:56:23.861776','20130224',0,NULL,'2025-03-21 17:00:00.000000',NULL,'2025-03-15 17:00:00.000000','Thiết kế Factory Method cho tạo loại sản phẩm',0,0,_binary '','0','MAJOR','TODO','PRACTICE','0ddff544-bc3b-420d-b503-312315fd770d','97d36d58-6a95-44ba-9e9c-d9850208de3f','0fbf8da7-6caa-46bc-a29b-ee41767323dd','1d95edd7-9ceb-4e2c-af16-35735c0d39e8','2025-01-31 19:04:40.000000'),('35c299d4-0340-4fd1-b636-fd7391c9f293','21130363',_binary '\0',NULL,'2025-08-03 10:55:00.876857',NULL,'2025-08-03 10:55:00.876857','21130363',0,NULL,'2025-05-02 17:00:00.000000',NULL,'2025-04-19 17:00:00.000000','Tối ưu hóa mã nguồn các mẫu đã dùng',0,0,_binary '','0','MAJOR','TODO','PRACTICE','f3ee7d4d-d82b-45d8-8c46-6756b1b6ea88','03ef89f3-394a-4447-ab47-2768e03ea221','d1aca7d1-1754-4931-a600-e6d30953b632','fb4952a3-6fbb-416b-92b3-d13f835e0de6','2025-01-31 19:03:17.000000'),('35d92b31-8a2b-44bf-8da3-3026ee264f9f','21130451',_binary '\0',NULL,'2025-07-14 06:23:29.822061',NULL,'2025-07-14 08:41:09.502145','21130451',2,'<p><br></p>','2025-02-14 17:00:00.000000',NULL,'2025-02-08 17:00:00.000000','Lựa chọn chức năng',0,0,_binary '','','CRITICAL','BACKLOG','THEORY','4527de36-9be4-4ba3-994d-f6276f6c67c0','eb2cff67-6672-4ad6-8b2f-829a547c2595','56ecb8b8-6a8a-471a-826f-3a827025e524','4bccc8ff-e9e3-43ec-b037-a2df9987185e','2025-02-10 17:15:16.000000'),('37415898-8c5d-48b1-afba-bea1dd1bd216','21130451',_binary '\0',NULL,'2025-07-08 03:42:23.665486',NULL,'2025-07-11 15:22:52.503481','21130451',0,'<ol><li data-list=\"bullet\"><span class=\"ql-ui\" contenteditable=\"false\"></span>Routes</li><li data-list=\"bullet\"><span class=\"ql-ui\" contenteditable=\"false\"></span>Dispatcher</li><li data-list=\"bullet\"><span class=\"ql-ui\" contenteditable=\"false\"></span>Filter</li><li data-list=\"bullet\"><span class=\"ql-ui\" contenteditable=\"false\"></span>Model Attribute</li></ol>','2025-02-16 23:39:46.000000',NULL,'2025-02-15 17:00:00.000000','Tìm hiểu về Java Servlet',0,0,_binary '\0','','CRITICAL','TODO','THEORY','4527de36-9be4-4ba3-994d-f6276f6c67c0','8f109a77-484b-4f39-a076-6b2a44b8137a','7cc9eb1e-b051-4fc4-9b5d-0dd423b9b723','de1a9928-7d90-4b22-9f2c-1c1977a9b1d3','2025-02-15 17:00:00.000000'),('37ab57ea-eef5-47f6-8bf6-b62dec25687c','21130320',_binary '\0',NULL,'2025-08-03 10:52:11.442511',NULL,'2025-08-03 10:52:11.442511','21130320',0,NULL,'2025-03-28 17:00:00.000000',NULL,'2025-03-22 17:00:00.000000','Hiện thực Iterator Pattern cho duyệt đơn hàng',0,0,_binary '','0','MAJOR','TODO','PRACTICE','29494edf-a498-48f4-85e1-e33775976468','5122db1f-5ad5-4c6a-baea-404608794939','17194877-c523-475f-9bf6-e627293e916f','4d8b7804-ba53-497d-8f69-3ecbe2ba6c05','2025-01-31 19:00:27.000000'),('38023e49-d517-4f85-b018-a18566e73fd0','21130601',_binary '\0',NULL,'2025-07-30 04:18:35.904316',NULL,'2025-08-02 09:47:50.734700','21130601',0,NULL,'2025-03-29 01:18:15.000000',NULL,'2025-03-23 00:00:00.000000','Chuẩn hóa CSDL và tối ưu hóa truy vấn',0,0,_binary '\0','','MAJOR','DONE','THEORY','877fd8ab-c4ee-4109-812c-965f17c590f1','a8eb1192-3e81-42e8-9f69-8483736af936','cf1781cc-fd98-477f-8fb9-da0b45544521','d74cdee3-a4fc-44b4-bd90-1e53bec5cad1','2025-03-01 14:00:00.000000'),('3818c6f6-e8a5-4684-8423-9b8ce3c95160','21130371',_binary '\0',NULL,'2025-08-03 10:56:48.158280',NULL,'2025-08-03 10:56:48.158280','21130371',0,NULL,'2025-05-02 17:00:00.000000',NULL,'2025-04-19 17:00:00.000000','Kiểm tra tính đúng đắn của các mẫu thiết kế',0,0,_binary '','0','MAJOR','TODO','PRACTICE','e8940cd9-c8f9-4bd8-97b6-be4f7b8536e7','6cc2afa7-7786-4f77-9e9b-e5e3d3abbda7','4d5f6b20-6bc0-4671-b683-904e880509d8','fb4952a3-6fbb-416b-92b3-d13f835e0de6','2025-01-31 19:05:04.000000'),('3825386d-5e5b-42b1-8ef5-87291f63a3bc','21130601',_binary '\0',NULL,'2025-08-03 10:53:22.960570',NULL,'2025-08-03 10:53:22.960570','21130601',0,NULL,'2025-05-02 17:00:00.000000',NULL,'2025-04-19 17:00:00.000000','Tối ưu hóa mã nguồn các mẫu đã dùng',0,0,_binary '','0','MAJOR','TODO','PRACTICE','cf1781cc-fd98-477f-8fb9-da0b45544521','6d7c2809-16b0-4200-99b7-ca3ce7ab72f7','877fd8ab-c4ee-4109-812c-965f17c590f1','fb4952a3-6fbb-416b-92b3-d13f835e0de6','2025-01-31 19:01:39.000000'),('38271a4c-8014-4e2b-961c-c03d8a551877','22130001',_binary '\0',NULL,'2025-08-03 10:55:33.584041',NULL,'2025-08-03 10:55:33.584041','22130001',0,NULL,'2025-03-07 17:00:00.000000',NULL,'2025-03-01 17:00:00.000000','Ghi tài liệu về Strategy Pattern',0,0,_binary '','0','MINOR','TODO','THEORY','c94c51f9-dbd5-4c78-b857-46f2592d1fe1','66436f4d-8245-433d-a9d2-d0eb03a6a47b','a06e6810-6edc-4b00-ae0e-5883eea883b0','542b89e4-501f-418c-8e43-890f945e847a','2025-01-31 19:03:50.000000'),('3882021b-b8e7-4d1d-b7b8-00decb7480db','21130335',_binary '\0',NULL,'2025-07-30 04:29:06.001754',NULL,'2025-08-02 08:59:38.422727','21130335',0,NULL,'2025-03-25 17:18:34.000000',NULL,'2025-03-23 00:00:00.000000','Thiết kế ERD cho sơ đồ ghế & vé',0,1,_binary '\0','','MAJOR','DONE','PRACTICE','654bfbae-b089-4f97-bcd6-e8183a3a0783','cfcba21d-966a-43b8-a1a8-9751e05ed7c5','9ca7eb3e-24a0-4a16-9d24-82d86344ac7b','d74cdee3-a4fc-44b4-bd90-1e53bec5cad1','2025-03-01 14:00:00.000000'),('388431ba-e743-428a-aeec-313f8b22b7df','21130279',_binary '\0',NULL,'2025-07-30 04:28:39.165308',NULL,'2025-08-03 03:29:43.400433','21130279',0,NULL,'2025-05-23 04:04:29.000000',NULL,'2025-05-18 00:00:00.000000','Hiện thực cách tính tiền cho đơn hàng handmade',0,0,_binary '\0','','CRITICAL','DONE','PRACTICE','bbecaa3b-396a-4cfd-8fb5-908ceb80b212','89427d93-69a9-4187-baac-7a3105624b8b','e95ab128-0e4a-494b-bcd8-47bb5e0f6355','55737e22-cac3-411e-96a1-b5b1a1488b61','2025-03-01 14:00:00.000000'),('39162b3b-3530-47a9-930b-472519d3ea82','21130451',_binary '\0',NULL,'2025-07-14 06:30:07.426281',NULL,'2025-07-14 06:39:29.871877','21130451',2,'<p><br></p>','2025-02-15 17:31:09.000000',NULL,'2025-02-15 17:00:00.000000','Nguyên tắc vẽ Usecase',0,0,_binary '\0','','CRITICAL','TODO','THEORY','4527de36-9be4-4ba3-994d-f6276f6c67c0','eb2cff67-6672-4ad6-8b2f-829a547c2595',NULL,'4af885f3-a68c-4204-8840-2a1c179222a4','2025-02-15 17:00:00.000000'),('3a1a72fe-a3bf-4958-8318-cd18bd1ccc3e','21130371',_binary '\0',NULL,'2025-08-03 10:56:48.042214',NULL,'2025-08-03 10:56:48.042214','21130371',1,NULL,'2025-04-04 17:00:00.000000',NULL,'2025-03-29 17:00:00.000000','Nghiên cứu Visitor Pattern cho báo cáo doanh thu',0,0,_binary '','0','MAJOR','TODO','THEORY','e8940cd9-c8f9-4bd8-97b6-be4f7b8536e7','6cc2afa7-7786-4f77-9e9b-e5e3d3abbda7','4d5f6b20-6bc0-4671-b683-904e880509d8','fca63275-f3b3-4839-b287-a8b7474dd393','2025-01-31 19:05:04.000000'),('3b6bb22d-9933-4411-a38a-74557aa8af6a','21130320',_binary '\0',NULL,'2025-07-14 08:26:06.936786',NULL,'2025-07-14 09:14:07.367000','21130320',2,'<p><br></p>','2025-03-26 06:02:41.000000',NULL,'2025-03-22 17:00:00.000000','Ứng dụng Observer trong chức năng thông báo',0,0,_binary '\0','','CRITICAL','TODO','PRACTICE','17194877-c523-475f-9bf6-e627293e916f','7d783967-3144-4c76-ae91-0bcb3ebab45b','0efffdb4-b730-4f32-b930-79dddc45554a','6a01e474-92f2-440e-9cc1-c1041de2e1be','2025-03-22 17:00:00.000000'),('3bc3404c-8291-4b9f-b558-a24b707ebb69','21130363',_binary '\0',NULL,'2025-07-30 04:26:37.336189',NULL,'2025-08-02 06:29:47.235751','21130363',0,NULL,'2025-03-24 01:19:29.000000',NULL,'2025-03-23 00:00:00.000000','Thiết kế ERD cho nhà hàng & menu',0,0,_binary '\0','','CRITICAL','DONE','PRACTICE','f3ee7d4d-d82b-45d8-8c46-6756b1b6ea88','80bc4a94-2ad4-44e8-bc20-8e76a44864e5','d1aca7d1-1754-4931-a600-e6d30953b632','d74cdee3-a4fc-44b4-bd90-1e53bec5cad1','2025-03-01 14:00:00.000000'),('3cb22bcd-aba3-4674-b2f8-f4081b08397f','21130279',_binary '\0',NULL,'2025-08-03 10:55:50.197033',NULL,'2025-08-03 10:55:50.197033','21130279',0,NULL,'2025-03-14 17:00:00.000000',NULL,'2025-03-08 17:00:00.000000','Hiện thực Observer Pattern cho thông báo sự kiện',0,0,_binary '','0','MAJOR','TODO','PRACTICE','d48742db-1f1a-4bf1-aeef-1865a47b5d09','e18c1088-2d20-400c-81bf-6eaca20ede2e','bbecaa3b-396a-4cfd-8fb5-908ceb80b212','00bf93d6-7893-481b-b3a6-7536a788f22d','2025-01-31 19:04:06.000000'),('3ccd42a7-db79-4bc8-bb37-9e3815e5629f','21130363',_binary '\0',NULL,'2025-07-08 04:03:25.397650',NULL,'2025-07-08 04:03:25.397650','21130363',0,'<p><br></p>','2025-02-21 17:00:00.000000',NULL,'2025-02-15 17:00:00.000000','Vẽ ERD',0,0,_binary '\0','0','CRITICAL','TODO','THEORY',NULL,'3bff699d-9121-413b-8896-49b00f0952a3',NULL,'de1a9928-7d90-4b22-9f2c-1c1977a9b1d3','2025-02-15 17:00:00.000000'),('3e3ca932-c735-49c1-8f4d-3d296628f398','21130601',_binary '\0',NULL,'2025-07-30 04:18:36.090613',NULL,'2025-08-03 01:24:20.699193','21130601',0,NULL,'2025-05-12 05:59:29.000000',NULL,'2025-05-11 00:00:00.000000','Phân biệt sản phẩm theo phiên bản/cấu hình',0,0,_binary '\0','','MAJOR','DONE','PRACTICE','cf1781cc-fd98-477f-8fb9-da0b45544521','a8eb1192-3e81-42e8-9f69-8483736af936','877fd8ab-c4ee-4109-812c-965f17c590f1','8bace90b-9f85-46b3-9411-8e098ba21c6e','2025-03-01 14:00:00.000000'),('3e4f12eb-13b5-4998-b2f9-4789361c6e64','21130601',_binary '\0',NULL,'2025-07-08 03:56:16.020644',NULL,'2025-07-08 03:56:16.020644','21130601',0,'<p><br></p>','2025-02-21 17:00:00.000000',NULL,'2025-02-15 17:00:00.000000','Vẽ ERD',0,0,_binary '\0','0','CRITICAL','TODO','THEORY',NULL,'f5dbc1df-3827-4a90-b9fb-8e1e5736c8c9',NULL,'de1a9928-7d90-4b22-9f2c-1c1977a9b1d3','2025-02-15 17:00:00.000000'),('3eb60212-dfef-42fc-8c53-29edbea47c3f','21130279',_binary '\0',NULL,'2025-07-30 04:28:39.242945',NULL,'2025-08-03 04:37:39.487097','21130279',0,NULL,'2025-06-04 00:32:01.000000',NULL,'2025-06-01 00:00:00.000000','Chuẩn bị demo website hoàn chỉnh',0,0,_binary '\0','','CRITICAL','DONE','PRACTICE','e95ab128-0e4a-494b-bcd8-47bb5e0f6355','89427d93-69a9-4187-baac-7a3105624b8b','bbecaa3b-396a-4cfd-8fb5-908ceb80b212','14d6b9c2-92f2-4ebb-8ef6-fa89a0233449','2025-03-01 14:00:00.000000'),('3ecb7528-f1ca-4ae3-94c0-08db5bd76d9b','21130601',_binary '\0',NULL,'2025-08-03 10:53:22.659397',NULL,'2025-08-03 10:53:22.659397','21130601',0,NULL,'2025-03-07 17:00:00.000000',NULL,'2025-03-01 17:00:00.000000','Áp dụng Strategy Pattern cho tính phí',0,0,_binary '','0','MAJOR','TODO','PRACTICE','877fd8ab-c4ee-4109-812c-965f17c590f1','6d7c2809-16b0-4200-99b7-ca3ce7ab72f7','aece6254-3942-4a02-be99-782106eb4a52','542b89e4-501f-418c-8e43-890f945e847a','2025-01-31 19:01:39.000000'),('3f1a9020-6c23-408e-9986-da0d72c8c21f','21130451',_binary '\0',NULL,'2025-07-09 06:35:17.713368',NULL,'2025-07-09 15:27:36.776191','21130451',1,'<p><br></p>','2025-02-22 21:03:21.000000',NULL,'2025-02-18 17:00:00.000000','Chuẩn hóa dữ liệu',0,0,_binary '\0','','CRITICAL','TODO','THEORY','4527de36-9be4-4ba3-994d-f6276f6c67c0','5090ec43-8787-4d26-8bc2-7c760a4d93ff','56ecb8b8-6a8a-471a-826f-3a827025e524','94b4cde8-df2d-4241-a80a-d79fffaafd45','2025-02-18 17:00:00.000000'),('3f3ad9a7-29b6-4dd9-a2ac-2a2973e03a93','21130451',_binary '\0',NULL,'2025-08-03 10:53:12.789218',NULL,'2025-08-03 10:53:12.789218','21130451',0,NULL,'2025-03-14 17:00:00.000000',NULL,'2025-03-08 17:00:00.000000','Hiện thực Singleton Pattern cho quản lý nguồn tin',0,0,_binary '','0','MAJOR','TODO','PRACTICE','7cc9eb1e-b051-4fc4-9b5d-0dd423b9b723','29d9f886-4301-4881-8785-f773e8e9b3c7','4527de36-9be4-4ba3-994d-f6276f6c67c0','00bf93d6-7893-481b-b3a6-7536a788f22d','2025-01-31 19:01:29.000000'),('3fa2159a-2bc8-4222-8fd3-032c25b53d28','21130451',_binary '\0',NULL,'2025-07-30 04:17:29.880097',NULL,'2025-08-03 03:15:22.773028','21130451',1,NULL,'2025-05-18 23:50:18.000000',NULL,'2025-05-18 00:00:00.000000','Hiển thị lịch sử đơn hàng cho người dùng',0,0,_binary '\0','','MAJOR','DONE','PRACTICE','56ecb8b8-6a8a-471a-826f-3a827025e524','3438c873-bc50-42c4-a598-1ed31761fe23','4527de36-9be4-4ba3-994d-f6276f6c67c0','55737e22-cac3-411e-96a1-b5b1a1488b61','2025-03-01 14:00:00.000000'),('3fbce159-615a-48d6-bde3-405f33c00397','21130451',_binary '\0',NULL,'2025-07-09 06:38:31.700108',NULL,'2025-07-09 16:10:30.338315','21130451',1,'<p><br></p>','2025-04-08 03:57:19.000000',NULL,'2025-04-04 17:00:00.000000','Chuẩn bị slide thuyết trình và báo cáo',0,0,_binary '\0','','CRITICAL','TODO','THEORY','7cc9eb1e-b051-4fc4-9b5d-0dd423b9b723','5090ec43-8787-4d26-8bc2-7c760a4d93ff','56ecb8b8-6a8a-471a-826f-3a827025e524','2fec7291-d7dd-4835-853f-f3d8453487eb','2025-04-04 17:00:00.000000'),('3fd8d9c8-d35f-4336-816a-344092dc68fe','20130224',_binary '\0',NULL,'2025-08-03 10:56:23.878728',NULL,'2025-08-03 10:56:23.878728','20130224',1,NULL,'2025-03-21 17:00:00.000000',NULL,'2025-03-15 17:00:00.000000','Nghiên cứu Abstract Factory Pattern',0,0,_binary '','0','MAJOR','TODO','THEORY','0fbf8da7-6caa-46bc-a29b-ee41767323dd','97d36d58-6a95-44ba-9e9c-d9850208de3f','bf4ca8d4-f8f2-406a-99cd-8e043a030a39','1d95edd7-9ceb-4e2c-af16-35735c0d39e8','2025-01-31 19:04:40.000000'),('4054e1b7-a01c-4336-9c64-f5e1de556ea8','21130359',_binary '\0',NULL,'2025-07-30 04:29:26.211505',NULL,'2025-08-02 07:08:42.426518','21130359',2,NULL,'2025-03-24 01:58:18.000000',NULL,'2025-03-23 00:00:00.000000','Thiết kế ERD cho sản phẩm thể thao & thuộc tính',0,0,_binary '\0','','CRITICAL','DONE','PRACTICE','e8ce7209-bec9-428a-9548-239de2754237','a5bc1288-fe8b-41c1-8993-152dbe7cb3fa','4587115e-b26e-4761-8de8-41826f97d842','d74cdee3-a4fc-44b4-bd90-1e53bec5cad1','2025-03-01 14:00:00.000000'),('40a14a19-d0a5-48a6-a0ff-5ae81d31d2a7','21130371',_binary '\0',NULL,'2025-08-03 10:56:47.754740',NULL,'2025-08-03 10:56:47.754740','21130371',1,NULL,'2025-02-28 17:00:00.000000',NULL,'2025-02-15 17:00:00.000000','Tìm hiểu 4 nguyên tắc OOP',0,0,_binary '','0','MAJOR','TODO','THEORY','e8940cd9-c8f9-4bd8-97b6-be4f7b8536e7','6cc2afa7-7786-4f77-9e9b-e5e3d3abbda7','4d5f6b20-6bc0-4671-b683-904e880509d8','49dd8be6-7191-430b-acae-501c1bee2770','2025-01-31 19:05:04.000000'),('41174874-b027-47c4-ad47-f14b80275028','21130320',_binary '\0',NULL,'2025-07-24 01:26:33.034022',NULL,'2025-07-24 01:26:33.034022','21130320',2,'<p><br></p>','2025-02-23 17:00:00.000000',NULL,'2025-02-16 17:00:00.000000','Đánh giá và nhận xét',0,0,_binary '','0','CRITICAL','TODO','THEORY','29494edf-a498-48f4-85e1-e33775976468','09a3fd3d-110c-4021-b4f2-13e32f43e261','0efffdb4-b730-4f32-b930-79dddc45554a','bc3884ae-e246-4001-857c-b2ddd16ec442','2025-02-08 17:03:19.000000'),('41588002-2923-47de-b973-73dba7ae0406','21130451',_binary '\0',NULL,'2025-07-09 06:35:50.715257',NULL,'2025-07-09 15:55:11.763079','21130451',1,'<p><br></p>','2025-04-03 17:00:00.000000',NULL,'2025-03-20 17:00:00.000000','Ghi nhận kết quả thực nghiệm',0,0,_binary '\0','','CRITICAL','TODO','THEORY','4527de36-9be4-4ba3-994d-f6276f6c67c0','5090ec43-8787-4d26-8bc2-7c760a4d93ff','7cc9eb1e-b051-4fc4-9b5d-0dd423b9b723','be992de1-8f5a-4c5b-8158-2d7ae3c7ab38','2025-03-20 17:00:00.000000'),('417fd31a-5225-4c20-84fc-e45a34e3be90','21130320',_binary '\0',NULL,'2025-07-09 06:10:40.084646',NULL,'2025-07-09 16:10:23.270581','21130320',0,'<p><br></p>','2025-04-08 03:57:11.000000',NULL,'2025-04-04 17:00:00.000000','Ghi nhận ưu/nhược điểm',0,0,_binary '\0','','CRITICAL','TODO','THEORY','0efffdb4-b730-4f32-b930-79dddc45554a','66fb3db5-3f1f-41b6-9ee9-c7c01a801de8','17194877-c523-475f-9bf6-e627293e916f','2fec7291-d7dd-4835-853f-f3d8453487eb','2025-04-04 17:00:00.000000'),('41c66bcf-a440-49f7-a92d-2fc0a150ed6e','21130601',_binary '\0',NULL,'2025-08-03 10:53:22.712077',NULL,'2025-08-03 10:53:22.712077','21130601',0,NULL,'2025-03-14 17:00:00.000000',NULL,'2025-03-08 17:00:00.000000','Hiện thực Observer Pattern cho cập nhật chỗ trống',0,0,_binary '','0','MAJOR','TODO','PRACTICE','877fd8ab-c4ee-4109-812c-965f17c590f1','6d7c2809-16b0-4200-99b7-ca3ce7ab72f7','aece6254-3942-4a02-be99-782106eb4a52','00bf93d6-7893-481b-b3a6-7536a788f22d','2025-01-31 19:01:39.000000'),('41fc4607-6c2a-437b-9345-bb58a7f04610','21130371',_binary '\0',NULL,'2025-07-30 04:29:45.047615',NULL,'2025-08-03 01:02:00.678458','21130371',1,NULL,'2025-05-04 17:37:20.000000',NULL,'2025-05-04 00:00:00.000000','Xây dựng trang sản phẩm bán chạy/mới về',0,0,_binary '\0','','MAJOR','DONE','PRACTICE','b5090bc3-59bb-4aa5-968c-8ea52e045d9d','d909ec23-e3b8-473c-8b53-b0dd10e5cb4a','e8940cd9-c8f9-4bd8-97b6-be4f7b8536e7','5b1751c1-f7f6-42f3-b556-2db391f9527a','2025-03-01 14:00:00.000000'),('420cbd3c-da64-488b-8a86-999b3372c237','21130279',_binary '\0',NULL,'2025-08-03 10:55:50.165236',NULL,'2025-08-03 10:55:50.165236','21130279',0,NULL,'2025-03-07 17:00:00.000000',NULL,'2025-03-01 17:00:00.000000','Ghi tài liệu về Strategy Pattern',0,0,_binary '','0','MINOR','TODO','THEORY','bbecaa3b-396a-4cfd-8fb5-908ceb80b212','e18c1088-2d20-400c-81bf-6eaca20ede2e','e95ab128-0e4a-494b-bcd8-47bb5e0f6355','542b89e4-501f-418c-8e43-890f945e847a','2025-01-31 19:04:06.000000'),('425c4d4d-b53c-451b-a583-96d25585b1f8','21130279',_binary '\0',NULL,'2025-07-30 04:28:39.016241',NULL,'2025-08-02 14:49:42.791018','21130279',1,NULL,'2025-04-22 17:31:12.000000',NULL,'2025-04-20 00:00:00.000000','Chuẩn bị tài liệu báo cáo giữa kì',0,0,_binary '\0','','MAJOR','DONE','THEORY','bbecaa3b-396a-4cfd-8fb5-908ceb80b212','89427d93-69a9-4187-baac-7a3105624b8b','e95ab128-0e4a-494b-bcd8-47bb5e0f6355','9000c302-d92f-436d-a59e-c1de271cbe87','2025-03-01 14:00:00.000000'),('426597cd-62f8-4f12-a852-abcaa0910416','21130335',_binary '\0',NULL,'2025-08-03 10:55:59.029379',NULL,'2025-08-03 10:55:59.029379','21130335',0,NULL,'2025-03-07 17:00:00.000000',NULL,'2025-03-01 17:00:00.000000','Áp dụng Strategy Pattern cho tính điểm',0,0,_binary '','0','MAJOR','TODO','PRACTICE','8525cbcd-87f7-4826-96d2-05ef5a536c9b','bdf5e58c-8905-4f18-afb3-d36945768d9f','654bfbae-b089-4f97-bcd6-e8183a3a0783','542b89e4-501f-418c-8e43-890f945e847a','2025-01-31 19:04:15.000000'),('4269c5a2-0c05-4f6b-90d8-62247764c86d','21130359',_binary '\0',NULL,'2025-08-03 10:56:37.656143',NULL,'2025-08-03 10:56:37.656143','21130359',1,NULL,'2025-02-28 17:00:00.000000',NULL,'2025-02-15 17:00:00.000000','Thiết kế Class Diagram cho Lớp học và Học sinh',0,0,_binary '','0','MAJOR','TODO','PRACTICE','acef4982-efaf-450c-ba00-7f889d15ca49','a6154ca9-d3f9-4a18-a20a-e0da52601faa','e8ce7209-bec9-428a-9548-239de2754237','49dd8be6-7191-430b-acae-501c1bee2770','2025-01-31 19:04:54.000000'),('4278214a-b080-44a8-a3bf-57094f6d42ea','21130320',_binary '\0',NULL,'2025-07-07 13:46:14.653113',NULL,'2025-07-11 15:33:28.279421','21130320',0,'<p><br></p>','2025-02-24 11:50:12.000000',NULL,'2025-02-22 17:00:00.000000','Xây dựng UI đăng nhập/Đăng ký',0,0,_binary '\0','','CRITICAL','TODO','THEORY','29494edf-a498-48f4-85e1-e33775976468','caf9e00b-e1c5-4b0f-9c49-2eac892a327e','0efffdb4-b730-4f32-b930-79dddc45554a','5d57fb7a-7aab-4264-a6cf-12fc55f5093d','2025-02-22 17:00:00.000000'),('4283c8ab-a88e-4852-996f-4add842026c6','21130363',_binary '\0',NULL,'2025-07-08 04:03:25.601955',NULL,'2025-07-08 04:03:25.601955','21130363',0,'<p><br></p>','2025-02-28 17:00:00.000000',NULL,'2025-02-22 17:00:00.000000','Xây dựng UI đăng nhập/Đăng ký',0,0,_binary '\0','0','CRITICAL','TODO','THEORY',NULL,'3bff699d-9121-413b-8896-49b00f0952a3',NULL,'5d57fb7a-7aab-4264-a6cf-12fc55f5093d','2025-02-22 17:00:00.000000'),('42dcaa4b-9c21-4922-872e-f89e1339f857','21130451',_binary '\0',NULL,'2025-07-14 05:55:08.833614',NULL,'2025-07-14 06:24:55.571954','21130451',2,'<p><br></p>','2025-02-10 17:16:41.000000',NULL,'2025-02-08 17:00:00.000000','Chọn ngôn ngữ',0,0,_binary '\0','','CRITICAL','TODO','THEORY','4527de36-9be4-4ba3-994d-f6276f6c67c0','eb2cff67-6672-4ad6-8b2f-829a547c2595','4527de36-9be4-4ba3-994d-f6276f6c67c0','4bccc8ff-e9e3-43ec-b037-a2df9987185e','2025-02-08 17:00:00.000000'),('432891f3-984a-48d9-b58e-034eb82a6e8b','21130371',_binary '\0',NULL,'2025-08-03 10:56:48.003109',NULL,'2025-08-03 10:56:48.003109','21130371',0,NULL,'2025-03-28 17:00:00.000000',NULL,'2025-03-22 17:00:00.000000','Ghi tài liệu Decorator và Iterator',0,0,_binary '','0','MINOR','TODO','THEORY','4d5f6b20-6bc0-4671-b683-904e880509d8','6cc2afa7-7786-4f77-9e9b-e5e3d3abbda7','b5090bc3-59bb-4aa5-968c-8ea52e045d9d','4d8b7804-ba53-497d-8f69-3ecbe2ba6c05','2025-01-31 19:05:04.000000'),('43562832-5848-4f03-a55b-d09c3a3c3af8','21130601',_binary '\0',NULL,'2025-07-30 04:18:36.164454',NULL,'2025-08-03 03:59:51.932376','21130601',0,NULL,'2025-05-28 04:34:27.000000',NULL,'2025-05-25 00:00:00.000000','Xây dựng hệ thống hỗ trợ khách hàng trực tuyến',0,0,_binary '\0','','MAJOR','DONE','PRACTICE','cf1781cc-fd98-477f-8fb9-da0b45544521','a8eb1192-3e81-42e8-9f69-8483736af936','877fd8ab-c4ee-4109-812c-965f17c590f1','00f6f2eb-2153-40a6-b2f3-8f4837ba3a3c','2025-03-01 14:00:00.000000'),('4394db4e-95ae-42a2-8b7a-3bcf95ed04bf','21130363',_binary '\0',NULL,'2025-07-08 04:03:25.414101',NULL,'2025-07-29 04:21:39.173988','21130363',0,'<p><br></p>','2025-02-14 17:00:00.000000',NULL,'2025-02-08 17:00:00.000000','Đối tượng sử dụng chính',0,0,_binary '\0','','CRITICAL','TODO','THEORY',NULL,'3bff699d-9121-413b-8896-49b00f0952a3',NULL,'565e13cb-7a4c-4f75-88f2-903a54ddc690','2025-02-08 17:00:00.000000'),('43e8ed3a-7f19-4984-abb2-30830b69e3fa','21130320',_binary '\0',NULL,'2025-07-30 04:16:37.113584',NULL,'2025-08-02 10:51:29.469052','21130320',0,NULL,'2025-04-09 00:34:54.000000',NULL,'2025-04-06 00:00:00.000000','Thiết kế giao diện giỏ hàng và thanh toán',0,0,_binary '\0','','MAJOR','DONE','PRACTICE','0efffdb4-b730-4f32-b930-79dddc45554a','dc9af886-7862-4815-9876-037e5440de12','29494edf-a498-48f4-85e1-e33775976468','c4389934-e970-4cab-9330-2d517122d28d','2025-03-01 14:00:00.000000'),('441703c9-c371-477a-a4ae-1cdf47e46fb2','21130371',_binary '\0',NULL,'2025-07-30 04:29:44.934808',NULL,'2025-08-02 15:34:43.135637','21130371',1,NULL,'2025-04-27 17:28:32.000000',NULL,'2025-04-27 00:00:00.000000','Thiết kế giao diện trang chi tiết sản phẩm mỹ phẩm',0,0,_binary '\0','','MAJOR','DONE','PRACTICE','4d5f6b20-6bc0-4671-b683-904e880509d8','d909ec23-e3b8-473c-8b53-b0dd10e5cb4a','e8940cd9-c8f9-4bd8-97b6-be4f7b8536e7','02d28358-9e5a-4b65-9f56-bac4a0bffc34','2025-04-25 05:41:04.000000'),('443e7699-012a-4b79-a0ee-eb41f04371b1','21130601',_binary '\0',NULL,'2025-08-03 10:53:22.605536',NULL,'2025-08-03 10:53:22.605536','21130601',1,NULL,'2025-02-28 17:00:00.000000',NULL,'2025-02-15 17:00:00.000000','Tìm hiểu về đa hình và trừu tượng',0,0,_binary '','0','MAJOR','TODO','THEORY','877fd8ab-c4ee-4109-812c-965f17c590f1','6d7c2809-16b0-4200-99b7-ca3ce7ab72f7','aece6254-3942-4a02-be99-782106eb4a52','49dd8be6-7191-430b-acae-501c1bee2770','2025-01-31 19:01:39.000000'),('446c0eb5-72a9-4696-9aa8-c93ace7a095a','21130451',_binary '\0',NULL,'2025-07-30 04:17:29.546889',NULL,'2025-08-02 05:01:17.992193','21130451',1,NULL,'2025-03-12 05:02:20.000000',NULL,'2025-03-09 00:00:00.000000','Nghiên cứu các nền tảng sách hiện có',0,1,_binary '\0','','BLOCKED','DONE','THEORY','4527de36-9be4-4ba3-994d-f6276f6c67c0','3438c873-bc50-42c4-a598-1ed31761fe23','7cc9eb1e-b051-4fc4-9b5d-0dd423b9b723','bbfddaeb-dea5-4178-b067-e0fa8812c338','2025-03-01 14:00:00.000000'),('4565c10c-2026-4732-8b55-cda17c85c1ad','21130601',_binary '\0',NULL,'2025-08-02 14:57:46.720261',NULL,'2025-08-02 14:58:36.697357','21130601',2,'<p><br></p>','2025-04-26 00:00:00.000000',NULL,'2025-04-20 00:00:00.000000','Cải thiện',0,0,_binary '','','CRITICAL','REVIEW','THEORY','aece6254-3942-4a02-be99-782106eb4a52','a8eb1192-3e81-42e8-9f69-8483736af936','cf1781cc-fd98-477f-8fb9-da0b45544521','9000c302-d92f-436d-a59e-c1de271cbe87','2025-04-25 05:39:12.000000'),('4579a7f5-66b2-4fc4-a078-5c639ceff9e1','21130363',_binary '\0',NULL,'2025-07-30 04:26:37.599428',NULL,'2025-08-03 03:29:36.396087','21130363',0,NULL,'2025-05-23 04:04:22.000000',NULL,'2025-05-18 00:00:00.000000','Hiện thực cách tính tiền cho đơn hàng đồ ăn',0,0,_binary '\0','','CRITICAL','DONE','PRACTICE','d1aca7d1-1754-4931-a600-e6d30953b632','80bc4a94-2ad4-44e8-bc20-8e76a44864e5','f3ee7d4d-d82b-45d8-8c46-6756b1b6ea88','55737e22-cac3-411e-96a1-b5b1a1488b61','2025-03-01 14:00:00.000000'),('45c5db4a-1d3e-4f0d-aae1-80045679d619','20130224',_binary '\0',NULL,'2025-08-03 10:56:23.989910',NULL,'2025-08-03 10:56:23.989910','20130224',0,NULL,'2025-04-04 17:00:00.000000',NULL,'2025-03-29 17:00:00.000000','Ghi tài liệu Template Method và Visitor',0,0,_binary '','0','MINOR','TODO','THEORY','bf4ca8d4-f8f2-406a-99cd-8e043a030a39','97d36d58-6a95-44ba-9e9c-d9850208de3f','0ddff544-bc3b-420d-b503-312315fd770d','fca63275-f3b3-4839-b287-a8b7474dd393','2025-01-31 19:04:40.000000'),('45f66c89-cfb8-45e3-8068-625d6bc94b9a','21130320',_binary '\0',NULL,'2025-07-23 17:59:50.719005',NULL,'2025-07-28 08:25:03.635977','21130320',1,'<p>Điều kiện:</p><ol><li data-list=\"bullet\"><span class=\"ql-ui\" contenteditable=\"false\"></span>Có tập dataset</li><li data-list=\"bullet\"><span class=\"ql-ui\" contenteditable=\"false\"></span>Có bài báo kham khảo</li><li data-list=\"bullet\"><span class=\"ql-ui\" contenteditable=\"false\"></span>Các đề án đã thực hiện nếu có</li></ol>',NULL,NULL,'2025-02-08 17:00:00.000000','Chọn đề tài',1,0,_binary '','','CRITICAL','INPROCESS','THEORY','29494edf-a498-48f4-85e1-e33775976468','09a3fd3d-110c-4021-b4f2-13e32f43e261','29494edf-a498-48f4-85e1-e33775976468','ed30f4f9-61ee-499c-b68d-e736c3290b2a','2025-02-08 17:31:29.000000'),('462c2842-c317-4df1-9081-09117b8f4b3b','21130320',_binary '\0',NULL,'2025-07-30 04:16:37.242884',NULL,'2025-08-03 01:01:03.360359','21130320',0,NULL,'2025-05-04 17:36:22.000000',NULL,'2025-05-04 00:00:00.000000','Hiện thực giao diện Admin quản lý sản phẩm',0,0,_binary '\0','','CRITICAL','DONE','PRACTICE',NULL,'dc9af886-7862-4815-9876-037e5440de12',NULL,'5b1751c1-f7f6-42f3-b556-2db391f9527a','2025-03-01 14:00:00.000000'),('4652db2c-ec8f-46a5-9220-e483541615d4','21130371',_binary '\0',NULL,'2025-07-30 04:29:45.102848',NULL,'2025-08-03 03:30:00.398087','21130371',0,NULL,'2025-05-23 04:04:46.000000',NULL,'2025-05-18 00:00:00.000000','Hiện thực cách tính tiền cho đơn hàng mỹ phẩm',0,0,_binary '\0','','CRITICAL','DONE','PRACTICE','b5090bc3-59bb-4aa5-968c-8ea52e045d9d','d909ec23-e3b8-473c-8b53-b0dd10e5cb4a','e8940cd9-c8f9-4bd8-97b6-be4f7b8536e7','55737e22-cac3-411e-96a1-b5b1a1488b61','2025-03-01 14:00:00.000000'),('465701b3-29fa-4791-8bb0-8dd6f244a2b4','21130451',_binary '\0',NULL,'2025-07-14 08:42:54.959466',NULL,'2025-07-14 08:55:41.639932','21130451',2,'<p><br></p>','2025-03-16 05:44:28.000000',NULL,'2025-03-15 17:00:00.000000','Tóm tắt kiển thức Factory Method',0,0,_binary '\0','','CRITICAL','TODO','THEORY','4527de36-9be4-4ba3-994d-f6276f6c67c0','eb2cff67-6672-4ad6-8b2f-829a547c2595',NULL,'dd34ecaf-9783-4b03-b211-edc72a3e5f31','2025-03-15 17:00:00.000000'),('466cbd4e-5f3e-469b-a7f7-dd0cf7cf579c','21130320',_binary '\0',NULL,'2025-07-09 05:04:19.736036',NULL,'2025-07-11 16:05:17.478037','21130320',0,'<p><br></p>','2025-03-15 20:48:18.000000',NULL,'2025-03-15 17:00:00.000000','Tạo Data mẫu',0,0,_binary '\0','','CRITICAL','TODO','THEORY',NULL,'caf9e00b-e1c5-4b0f-9c49-2eac892a327e',NULL,'0a98d5b3-7a3f-4cd0-a294-b04adeccbe7c','2025-03-15 17:00:00.000000'),('46b71c4a-adfc-4f97-be20-082be6f2b8a0','21130601',_binary '\0',NULL,'2025-08-03 10:53:22.943926',NULL,'2025-08-03 10:53:22.943926','21130601',0,NULL,'2025-04-18 17:00:00.000000',NULL,'2025-04-05 17:00:00.000000','Hiện thực View cho trạng thái bãi đỗ xe',0,0,_binary '','0','MAJOR','TODO','PRACTICE','aece6254-3942-4a02-be99-782106eb4a52','6d7c2809-16b0-4200-99b7-ca3ce7ab72f7','cf1781cc-fd98-477f-8fb9-da0b45544521','07743875-1d87-4d81-8c5c-4e909871d8f0','2025-01-31 19:01:39.000000'),('46d09bf8-d12c-4870-a6a9-a19fd1a487bb','21130363',_binary '\0',NULL,'2025-07-30 04:26:37.672531',NULL,'2025-08-03 04:37:30.690857','21130363',1,NULL,'2025-06-04 00:31:52.000000',NULL,'2025-06-01 00:00:00.000000','Chuẩn bị tài liệu hướng dẫn sử dụng & quản trị',0,0,_binary '\0','','MAJOR','DONE','THEORY',NULL,'80bc4a94-2ad4-44e8-bc20-8e76a44864e5',NULL,'14d6b9c2-92f2-4ebb-8ef6-fa89a0233449','2025-03-01 14:00:00.000000'),('46f69c03-27a1-4bb4-a6a9-7fe14cee096a','21130320',_binary '\0',NULL,'2025-07-14 09:07:03.801266',NULL,'2025-07-14 09:15:30.203974','21130320',2,'<p><br></p>','2025-03-26 06:04:04.000000',NULL,'2025-03-22 17:00:00.000000','Tóm tắt kiến thức decorator',0,0,_binary '\0','','CRITICAL','TODO','THEORY','0efffdb4-b730-4f32-b930-79dddc45554a','7d783967-3144-4c76-ae91-0bcb3ebab45b','29494edf-a498-48f4-85e1-e33775976468','6a01e474-92f2-440e-9cc1-c1041de2e1be','2025-03-22 17:00:00.000000'),('4725238f-8c28-45de-912a-b1041d6de409','21130363',_binary '\0',NULL,'2025-08-03 10:55:00.708784',NULL,'2025-08-03 10:55:00.708784','21130363',0,NULL,'2025-03-21 17:00:00.000000',NULL,'2025-03-15 17:00:00.000000','Ghi tài liệu Factory Method',0,0,_binary '','0','MINOR','TODO','THEORY','d22a81b9-1297-4971-a5b1-2ea027e0fa8d','03ef89f3-394a-4447-ab47-2768e03ea221','f3ee7d4d-d82b-45d8-8c46-6756b1b6ea88','1d95edd7-9ceb-4e2c-af16-35735c0d39e8','2025-01-31 19:03:17.000000'),('4771f39a-423d-4b7b-a0c6-f005190330f6','21130359',_binary '\0',NULL,'2025-07-30 04:29:26.437160',NULL,'2025-08-03 01:25:01.774889','21130359',1,NULL,'2025-05-12 06:00:10.000000',NULL,'2025-05-11 00:00:00.000000','Phân biệt sản phẩm theo kích cỡ/màu sắc trong giỏ hàng',0,0,_binary '\0','','MAJOR','DONE','PRACTICE','acef4982-efaf-450c-ba00-7f889d15ca49','a5bc1288-fe8b-41c1-8993-152dbe7cb3fa','4587115e-b26e-4761-8de8-41826f97d842','8bace90b-9f85-46b3-9411-8e098ba21c6e','2025-03-01 14:00:00.000000'),('47997b2c-76da-4449-b867-6fcea239a0e1','21130320',_binary '\0',NULL,'2025-07-30 04:16:37.144320',NULL,'2025-08-02 14:48:56.094156','21130320',0,NULL,'2025-04-22 17:30:26.000000',NULL,'2025-04-20 00:00:00.000000','Chuẩn bị demo giao diện',0,1,_binary '\0','','MINOR','DONE','PRACTICE','0efffdb4-b730-4f32-b930-79dddc45554a','dc9af886-7862-4815-9876-037e5440de12','29494edf-a498-48f4-85e1-e33775976468','9000c302-d92f-436d-a59e-c1de271cbe87','2025-03-01 14:00:00.000000'),('47b4e4ff-d4fa-48d1-aa34-38ed4efb89be','22130001',_binary '\0',NULL,'2025-08-02 11:01:27.849530',NULL,'2025-08-02 11:11:46.624706','22130001',2,'<p><br></p>','2025-04-12 08:55:05.000000',NULL,'2025-04-06 00:00:00.000000','Tạo Footer tái sử dụng ở nhiều trang',0,0,_binary '\0','','CRITICAL','DONE','THEORY','a06e6810-6edc-4b00-ae0e-5883eea883b0','f27d5a34-ecc1-4c32-8fd9-44615cbbed19','1e999da3-163f-4a7c-84cd-2678f6ca565d','c4389934-e970-4cab-9330-2d517122d28d','2025-04-09 00:44:52.000000'),('47ec5b96-81f0-4085-a30d-4e4ce2d820c0','21130320',_binary '\0',NULL,'2025-07-30 04:16:37.391880',NULL,'2025-08-03 04:29:13.827487','21130320',0,NULL,'2025-06-01 12:23:40.000000',NULL,'2025-06-01 00:00:00.000000','Chuẩn bị demo website hoàn chỉnh',0,0,_binary '\0','','CRITICAL','DONE','PRACTICE','17194877-c523-475f-9bf6-e627293e916f','dc9af886-7862-4815-9876-037e5440de12','29494edf-a498-48f4-85e1-e33775976468','14d6b9c2-92f2-4ebb-8ef6-fa89a0233449','2025-03-01 14:00:00.000000'),('483f12f6-ffdd-4cfc-a615-1016244e0e1f','21130451',_binary '\0',NULL,'2025-07-08 03:42:23.855421',NULL,'2025-07-11 17:10:46.099087','21130451',0,'<p><br></p>','2025-05-04 06:19:27.000000',NULL,'2025-05-03 17:00:00.000000','Quản lý đơn hàng cho admin',0,0,_binary '\0','','CRITICAL','TODO','THEORY','56ecb8b8-6a8a-471a-826f-3a827025e524','8f109a77-484b-4f39-a076-6b2a44b8137a','7cc9eb1e-b051-4fc4-9b5d-0dd423b9b723','20550769-da23-4d54-983e-bdcc62d80a37','2025-05-03 17:00:00.000000'),('48734541-930d-497c-a3ea-a34e93bc34ec','21130451',_binary '\0',NULL,'2025-08-03 10:53:12.869601',NULL,'2025-08-03 10:53:12.869601','21130451',1,NULL,'2025-03-21 17:00:00.000000',NULL,'2025-03-15 17:00:00.000000','Nghiên cứu Abstract Factory cho giao diện',0,0,_binary '','0','MAJOR','TODO','THEORY','4527de36-9be4-4ba3-994d-f6276f6c67c0','29d9f886-4301-4881-8785-f773e8e9b3c7','56ecb8b8-6a8a-471a-826f-3a827025e524','1d95edd7-9ceb-4e2c-af16-35735c0d39e8','2025-01-31 19:01:29.000000'),('48b99717-fdef-4899-b84f-8a82667d5b21','20130224',_binary '\0',NULL,'2025-08-03 10:56:23.812074',NULL,'2025-08-03 10:56:23.812074','20130224',0,NULL,'2025-03-14 17:00:00.000000',NULL,'2025-03-08 17:00:00.000000','Hiện thực Singleton Pattern cho quản lý kho',0,0,_binary '','0','MAJOR','TODO','PRACTICE','0ddff544-bc3b-420d-b503-312315fd770d','97d36d58-6a95-44ba-9e9c-d9850208de3f','0fbf8da7-6caa-46bc-a29b-ee41767323dd','00bf93d6-7893-481b-b3a6-7536a788f22d','2025-01-31 19:04:40.000000'),('48cc20b4-32bc-4a0e-a41b-2ae020ea2d9c','22130001',_binary '\0',NULL,'2025-08-03 10:55:33.773508',NULL,'2025-08-03 10:55:33.773508','22130001',1,NULL,'2025-04-04 17:00:00.000000',NULL,'2025-03-29 17:00:00.000000','Nghiên cứu Visitor Pattern cho xuất dữ liệu',0,0,_binary '','0','MAJOR','TODO','THEORY','1e999da3-163f-4a7c-84cd-2678f6ca565d','66436f4d-8245-433d-a9d2-d0eb03a6a47b','c94c51f9-dbd5-4c78-b857-46f2592d1fe1','fca63275-f3b3-4839-b287-a8b7474dd393','2025-01-31 19:03:50.000000'),('48f5e059-d6ca-4e60-bff7-a8057b77770a','21130451',_binary '\0',NULL,'2025-07-30 04:17:29.729441',NULL,'2025-08-02 15:39:08.617362','21130451',1,NULL,'2025-04-27 17:32:58.000000',NULL,'2025-04-27 00:00:00.000000','Ứng dụng Session cho người dùng',0,0,_binary '\0','','MAJOR','DONE','PRACTICE','56ecb8b8-6a8a-471a-826f-3a827025e524','3438c873-bc50-42c4-a598-1ed31761fe23','7cc9eb1e-b051-4fc4-9b5d-0dd423b9b723','02d28358-9e5a-4b65-9f56-bac4a0bffc34','2025-03-01 14:00:00.000000'),('4991ce18-3585-4fdf-b2dd-5c5b6a9e33bc','20130224',_binary '\0',NULL,'2025-07-30 04:29:15.545024',NULL,'2025-08-02 11:12:17.392140','20130224',2,NULL,'2025-04-12 08:55:21.000000',NULL,'2025-04-06 00:00:00.000000','Thiết kế giao diện trang tìm kiếm sự kiện',0,1,_binary '\0','','MINOR','DONE','PRACTICE','0fbf8da7-6caa-46bc-a29b-ee41767323dd','253ac332-b8e2-43a7-bbc7-d673ddabc733','0ddff544-bc3b-420d-b503-312315fd770d','c4389934-e970-4cab-9330-2d517122d28d','2025-03-01 14:00:00.000000'),('49b6cad4-89f5-45e3-b235-4c3bad2a611c','21130363',_binary '\0',NULL,'2025-07-08 04:03:25.576294',NULL,'2025-07-08 04:03:25.576294','21130363',0,'<p><br></p>',NULL,NULL,NULL,'Tạo data mẫu cho sản phẩm',0,0,_binary '','0','CRITICAL','BACKLOG','THEORY',NULL,'3bff699d-9121-413b-8896-49b00f0952a3',NULL,NULL,NULL),('49e2fa30-92a0-4f78-b35c-dfacfe7d7f95','21130320',_binary '\0',NULL,'2025-08-03 10:52:11.059004',NULL,'2025-08-03 10:52:11.059004','21130320',1,NULL,'2025-02-14 17:00:00.000000',NULL,'2025-02-08 17:00:00.000000','Chọn đề tài và ngôn ngữ',0,0,_binary '','0','MAJOR','TODO','THEORY','29494edf-a498-48f4-85e1-e33775976468','5122db1f-5ad5-4c6a-baea-404608794939','17194877-c523-475f-9bf6-e627293e916f','1b19a7f7-7e06-4a7c-a3a0-918eb14670bf','2025-01-31 19:00:27.000000'),('4a23bbf7-6df4-4523-b8e2-bca52203c3cc','21130451',_binary '\0',NULL,'2025-07-09 06:35:13.836280',NULL,'2025-07-09 16:08:26.052044','21130451',1,'<p><br></p>','2025-04-08 03:55:14.000000',NULL,'2025-04-04 17:00:00.000000','Viết báo cáo dữ liệu',0,0,_binary '\0','','CRITICAL','TODO','THEORY','4527de36-9be4-4ba3-994d-f6276f6c67c0','5090ec43-8787-4d26-8bc2-7c760a4d93ff','56ecb8b8-6a8a-471a-826f-3a827025e524','2fec7291-d7dd-4835-853f-f3d8453487eb','2025-04-04 17:00:00.000000'),('4a8f5909-d0de-4e18-93f0-507a9319acdc','21130279',_binary '\0',NULL,'2025-08-03 10:55:50.117357',NULL,'2025-08-03 10:55:50.117357','21130279',1,NULL,'2025-02-28 17:00:00.000000',NULL,'2025-02-15 17:00:00.000000','Thiết kế Class Diagram cho Sự kiện',0,0,_binary '','0','MAJOR','TODO','PRACTICE','bbecaa3b-396a-4cfd-8fb5-908ceb80b212','e18c1088-2d20-400c-81bf-6eaca20ede2e','e95ab128-0e4a-494b-bcd8-47bb5e0f6355','49dd8be6-7191-430b-acae-501c1bee2770','2025-01-31 19:04:06.000000'),('4b2a4626-0ef4-49b7-bdfc-09318cf788cb','21130451',_binary '\0',NULL,'2025-07-08 03:42:23.599768',NULL,'2025-07-11 16:57:24.943707','21130451',0,'<p><br></p>','2025-03-30 01:40:07.000000',NULL,'2025-03-29 17:00:00.000000','Tạo Api đơn hàng và thành toán',0,0,_binary '\0','','CRITICAL','TODO','THEORY','4527de36-9be4-4ba3-994d-f6276f6c67c0','8f109a77-484b-4f39-a076-6b2a44b8137a','7cc9eb1e-b051-4fc4-9b5d-0dd423b9b723','28e4b229-c075-444e-bb7e-b2f27a9fd103','2025-03-29 17:00:00.000000'),('4b8d994c-3217-4fe5-b679-e4709de8adff','21130359',_binary '\0',NULL,'2025-07-30 04:29:26.450266',NULL,'2025-08-03 03:29:56.155694','21130359',0,NULL,'2025-05-23 04:04:42.000000',NULL,'2025-05-18 00:00:00.000000','Hiện thực cách tính tiền cho đơn hàng đồ thể thao',0,0,_binary '\0','','CRITICAL','DONE','PRACTICE','acef4982-efaf-450c-ba00-7f889d15ca49','a5bc1288-fe8b-41c1-8993-152dbe7cb3fa','e8ce7209-bec9-428a-9548-239de2754237','55737e22-cac3-411e-96a1-b5b1a1488b61','2025-03-01 14:00:00.000000'),('4bb3fa06-15a9-467c-bbfc-e3d71eca6059','21130359',_binary '\0',NULL,'2025-08-03 10:56:38.073155',NULL,'2025-08-03 10:56:38.073155','21130359',0,NULL,'2025-05-09 17:00:00.000000',NULL,'2025-05-03 17:00:00.000000','Chuẩn bị bản demo ứng dụng',0,0,_binary '','0','MAJOR','TODO','PRACTICE','4587115e-b26e-4761-8de8-41826f97d842','a6154ca9-d3f9-4a18-a20a-e0da52601faa','acef4982-efaf-450c-ba00-7f889d15ca49','248f987f-a6ca-401f-af4d-776eb16310c2','2025-01-31 19:04:54.000000'),('4bcca77a-4df6-4663-b89c-fd5280d4a739','21130601',_binary '\0',NULL,'2025-08-03 10:53:22.796607',NULL,'2025-08-03 10:53:22.796607','21130601',0,NULL,'2025-03-28 17:00:00.000000',NULL,'2025-03-22 17:00:00.000000','Hiện thực Decorator Pattern cho dịch vụ bổ sung',0,0,_binary '','0','MAJOR','TODO','PRACTICE','cf1781cc-fd98-477f-8fb9-da0b45544521','6d7c2809-16b0-4200-99b7-ca3ce7ab72f7','877fd8ab-c4ee-4109-812c-965f17c590f1','4d8b7804-ba53-497d-8f69-3ecbe2ba6c05','2025-01-31 19:01:39.000000'),('4be3a4df-5dcb-4dc7-9a9d-2b549fc9be69','21130363',_binary '\0',NULL,'2025-08-03 10:55:00.609067',NULL,'2025-08-03 10:55:00.609067','21130363',0,NULL,'2025-03-07 17:00:00.000000',NULL,'2025-03-01 17:00:00.000000','Ghi tài liệu về Strategy Pattern',0,0,_binary '','0','MINOR','TODO','THEORY','d22a81b9-1297-4971-a5b1-2ea027e0fa8d','03ef89f3-394a-4447-ab47-2768e03ea221','f3ee7d4d-d82b-45d8-8c46-6756b1b6ea88','542b89e4-501f-418c-8e43-890f945e847a','2025-01-31 19:03:17.000000'),('4c0f3298-22bf-4630-9694-a94804122e41','21130451',_binary '\0',NULL,'2025-08-03 10:53:12.890138',NULL,'2025-08-03 10:53:12.890138','21130451',0,NULL,'2025-03-21 17:00:00.000000',NULL,'2025-03-15 17:00:00.000000','Ghi tài liệu về Factory Method',0,0,_binary '','0','MINOR','TODO','THEORY','56ecb8b8-6a8a-471a-826f-3a827025e524','29d9f886-4301-4881-8785-f773e8e9b3c7','7cc9eb1e-b051-4fc4-9b5d-0dd423b9b723','1d95edd7-9ceb-4e2c-af16-35735c0d39e8','2025-01-31 19:01:29.000000'),('4c31e72a-43cd-438f-a63c-814f5a684b16','20130224',_binary '\0',NULL,'2025-08-03 10:56:23.925704',NULL,'2025-08-03 10:56:23.925704','20130224',0,NULL,'2025-03-28 17:00:00.000000',NULL,'2025-03-22 17:00:00.000000','Hiện thực Iterator Pattern cho duyệt kho',0,0,_binary '','0','MAJOR','TODO','PRACTICE','0fbf8da7-6caa-46bc-a29b-ee41767323dd','97d36d58-6a95-44ba-9e9c-d9850208de3f','bf4ca8d4-f8f2-406a-99cd-8e043a030a39','4d8b7804-ba53-497d-8f69-3ecbe2ba6c05','2025-01-31 19:04:40.000000'),('4c41fd02-6f06-4cd3-ad3e-0aeb78b0d14b','21130451',_binary '\0',NULL,'2025-07-08 03:42:23.842099',NULL,'2025-07-11 15:33:35.465242','21130451',0,'<ol><li data-list=\"bullet\"><span class=\"ql-ui\" contenteditable=\"false\"></span>Tạo kết nối database bằng jdbi</li><li data-list=\"bullet\"><span class=\"ql-ui\" contenteditable=\"false\"></span>Viết class util để xử lý chung </li><li data-list=\"bullet\"><span class=\"ql-ui\" contenteditable=\"false\"></span>Tạo data mẫu cho user và test CRUD</li></ol>','2025-02-24 11:50:19.000000',NULL,'2025-02-22 17:00:00.000000','Thiết lập kết nối database',0,0,_binary '\0','','CRITICAL','TODO','THEORY','56ecb8b8-6a8a-471a-826f-3a827025e524','8f109a77-484b-4f39-a076-6b2a44b8137a','7cc9eb1e-b051-4fc4-9b5d-0dd423b9b723','5d57fb7a-7aab-4264-a6cf-12fc55f5093d','2025-02-22 17:00:00.000000'),('4c50b5c3-cbf9-4e1b-bcf8-c1b93e04524d','21130320',_binary '\0',NULL,'2025-07-14 09:37:15.823653',NULL,'2025-07-14 09:56:22.115103','21130320',2,'<p><br></p>','2025-04-16 22:44:28.000000',NULL,'2025-04-05 17:00:00.000000','Tóm tắt kiến thức MVC',0,0,_binary '\0','','CRITICAL','TODO','THEORY','0efffdb4-b730-4f32-b930-79dddc45554a','7d783967-3144-4c76-ae91-0bcb3ebab45b','17194877-c523-475f-9bf6-e627293e916f','bbfc8df2-5eb2-4a78-84d1-1e65beddd6f3','2025-04-05 17:00:00.000000'),('4c62b861-765b-4a77-b5b1-1618b119d718','20130224',_binary '\0',NULL,'2025-07-30 04:29:15.471844',NULL,'2025-08-02 05:14:00.091908','20130224',0,'<p><br></p>','2025-03-14 17:14:58.000000',NULL,'2025-03-09 00:00:00.000000','Xác định yêu cầu cho ban tổ chức',1,2,_binary '\0','','MINOR','DONE','THEORY','0ddff544-bc3b-420d-b503-312315fd770d','253ac332-b8e2-43a7-bbc7-d673ddabc733','0fbf8da7-6caa-46bc-a29b-ee41767323dd','bbfddaeb-dea5-4178-b067-e0fa8812c338','2025-03-01 14:00:00.000000'),('4cf5c1e4-3cea-4ead-bcaa-7278d60ba126','21130601',_binary '\0',NULL,'2025-07-08 03:56:16.263855',NULL,'2025-07-08 03:56:16.263855','21130601',0,'<p><br></p>','2025-03-28 17:00:00.000000',NULL,'2025-03-22 17:00:00.000000','Viết SQL mã giảm giá',0,0,_binary '\0','0','CRITICAL','TODO','THEORY',NULL,'f5dbc1df-3827-4a90-b9fb-8e1e5736c8c9',NULL,'0e1c0884-cd4f-4efe-85cf-ed3d6c1fce8d','2025-03-22 17:00:00.000000'),('4d5cad7e-2d97-4e28-8b3b-d6d27ab69288','21130335',_binary '\0',NULL,'2025-08-03 10:55:59.215845',NULL,'2025-08-03 10:55:59.215845','21130335',0,NULL,'2025-04-04 17:00:00.000000',NULL,'2025-03-29 17:00:00.000000','Thiết kế Template Method cho quy trình game loop',0,0,_binary '','0','MAJOR','TODO','PRACTICE','9ca7eb3e-24a0-4a16-9d24-82d86344ac7b','bdf5e58c-8905-4f18-afb3-d36945768d9f','8525cbcd-87f7-4826-96d2-05ef5a536c9b','fca63275-f3b3-4839-b287-a8b7474dd393','2025-01-31 19:04:15.000000'),('4d7d1bdb-3ac3-4b91-b4f1-51e0a4b94317','21130371',_binary '\0',NULL,'2025-07-30 04:29:44.881492',NULL,'2025-08-02 05:10:21.121504','21130371',1,NULL,'2025-03-12 05:11:23.000000',NULL,'2025-03-09 00:00:00.000000','Lập kế hoạch dự án và phân công nhiệm vụ',0,0,_binary '\0','','MAJOR','DONE','THEORY','b5090bc3-59bb-4aa5-968c-8ea52e045d9d','d909ec23-e3b8-473c-8b53-b0dd10e5cb4a','e8940cd9-c8f9-4bd8-97b6-be4f7b8536e7','bbfddaeb-dea5-4178-b067-e0fa8812c338','2025-03-01 14:00:00.000000'),('4db81418-39d6-4016-9c60-d0683b3c16a8','21130335',_binary '\0',NULL,'2025-07-30 04:29:06.096310',NULL,'2025-08-02 15:34:24.968790','21130335',0,NULL,'2025-04-27 17:28:14.000000',NULL,'2025-04-27 00:00:00.000000','Hiện thực module đăng ký/đăng nhập',0,0,_binary '\0','','CRITICAL','DONE','PRACTICE','654bfbae-b089-4f97-bcd6-e8183a3a0783','cfcba21d-966a-43b8-a1a8-9751e05ed7c5','9ca7eb3e-24a0-4a16-9d24-82d86344ac7b','02d28358-9e5a-4b65-9f56-bac4a0bffc34','2025-03-01 14:00:00.000000'),('4dc3a40c-83f3-42d0-8727-2410f953c59f','21130320',_binary '\0',NULL,'2025-07-30 04:16:37.211507',NULL,'2025-08-03 01:01:04.832692','21130320',0,NULL,'2025-05-04 17:36:24.000000',NULL,'2025-05-04 00:00:00.000000','Hiện thực chức năng tìm kiếm sản phẩm',0,1,_binary '\0','','MINOR','DONE','PRACTICE','17194877-c523-475f-9bf6-e627293e916f','dc9af886-7862-4815-9876-037e5440de12','29494edf-a498-48f4-85e1-e33775976468','5b1751c1-f7f6-42f3-b556-2db391f9527a','2025-03-01 14:00:00.000000'),('4e272291-4b0f-4fd3-8f3a-a129ae98d94a','21130320',_binary '\0',NULL,'2025-07-14 06:29:07.665919',NULL,'2025-07-14 06:41:31.766224','21130320',2,'<p><br></p>','2025-02-23 05:33:01.000000',NULL,'2025-02-15 17:00:00.000000','Tóm tắt kiến thức',0,0,_binary '\0','','CRITICAL','TODO','THEORY','0efffdb4-b730-4f32-b930-79dddc45554a','7d783967-3144-4c76-ae91-0bcb3ebab45b',NULL,'4af885f3-a68c-4204-8840-2a1c179222a4','2025-02-15 17:00:00.000000'),('4e59a50e-fbf3-4dde-b729-08ade183e0f8','21130601',_binary '\0',NULL,'2025-07-30 04:18:36.033510',NULL,'2025-08-03 00:57:22.563921','21130601',0,NULL,'2025-05-04 17:32:42.000000',NULL,'2025-05-04 00:00:00.000000','Hiện thực chức năng tìm kiếm & lọc sản phẩm',0,0,_binary '\0','','MAJOR','DONE','PRACTICE','877fd8ab-c4ee-4109-812c-965f17c590f1','a8eb1192-3e81-42e8-9f69-8483736af936','cf1781cc-fd98-477f-8fb9-da0b45544521','5b1751c1-f7f6-42f3-b556-2db391f9527a','2025-03-01 14:00:00.000000'),('4e7419a7-7605-4c3c-8e32-dc73c5852b3e','21130279',_binary '\0',NULL,'2025-08-03 10:55:50.478838',NULL,'2025-08-03 10:55:50.478838','21130279',0,NULL,'2025-05-02 17:00:00.000000',NULL,'2025-04-19 17:00:00.000000','Kiểm tra tính đúng đắn của các mẫu thiết kế',0,0,_binary '','0','MAJOR','TODO','PRACTICE','d48742db-1f1a-4bf1-aeef-1865a47b5d09','e18c1088-2d20-400c-81bf-6eaca20ede2e','bbecaa3b-396a-4cfd-8fb5-908ceb80b212','fb4952a3-6fbb-416b-92b3-d13f835e0de6','2025-01-31 19:04:06.000000'),('4e82b516-b57b-4f04-bf99-376280fa0734','21130601',_binary '\0',NULL,'2025-07-30 04:18:35.932504',NULL,'2025-08-02 10:55:03.486773','21130601',0,NULL,'2025-04-09 00:38:28.000000',NULL,'2025-04-06 00:00:00.000000','Thiết kế giao diện so sánh sản phẩm',0,0,_binary '\0','','MAJOR','DONE','PRACTICE','cf1781cc-fd98-477f-8fb9-da0b45544521','a8eb1192-3e81-42e8-9f69-8483736af936','877fd8ab-c4ee-4109-812c-965f17c590f1','c4389934-e970-4cab-9330-2d517122d28d','2025-03-01 14:00:00.000000'),('4e9a8bbf-0d99-41f7-b5d9-65f0289ee0ce','21130601',_binary '\0',NULL,'2025-08-03 03:53:33.953799',NULL,'2025-08-03 03:59:52.944526','21130601',2,'<p><br></p>','2025-05-28 04:34:28.000000',NULL,'2025-05-25 00:00:00.000000','Cải thiện flow thanh toán',0,0,_binary '\0','','CRITICAL','DONE','THEORY','aece6254-3942-4a02-be99-782106eb4a52','a8eb1192-3e81-42e8-9f69-8483736af936','cf1781cc-fd98-477f-8fb9-da0b45544521','00f6f2eb-2153-40a6-b2f3-8f4837ba3a3c','2025-05-26 12:28:12.000000'),('4fdd6606-26d6-427b-9f5d-ecefdd2221d9','21130320',_binary '\0',NULL,'2025-08-03 10:52:11.383799',NULL,'2025-08-03 10:52:11.383799','21130320',1,NULL,'2025-03-21 17:00:00.000000',NULL,'2025-03-15 17:00:00.000000','Nghiên cứu Abstract Factory Pattern',0,0,_binary '','0','MAJOR','TODO','THEORY','29494edf-a498-48f4-85e1-e33775976468','5122db1f-5ad5-4c6a-baea-404608794939','17194877-c523-475f-9bf6-e627293e916f','1d95edd7-9ceb-4e2c-af16-35735c0d39e8','2025-01-31 19:00:27.000000'),('4fe2ed5c-8c6c-4cf4-97d9-4f18bc5b0723','21130359',_binary '\0',NULL,'2025-07-30 04:29:26.521221',NULL,'2025-08-03 04:37:48.520247','21130359',1,NULL,'2025-06-04 00:32:10.000000',NULL,'2025-06-01 00:00:00.000000','Chuẩn bị tài liệu hướng dẫn sử dụng & quản trị',0,0,_binary '\0','','MAJOR','DONE','THEORY','4587115e-b26e-4761-8de8-41826f97d842','a5bc1288-fe8b-41c1-8993-152dbe7cb3fa','e8ce7209-bec9-428a-9548-239de2754237','14d6b9c2-92f2-4ebb-8ef6-fa89a0233449','2025-03-01 14:00:00.000000'),('4fea5cc1-f87f-424d-b71b-9d490363ddd8','20130224',_binary '\0',NULL,'2025-08-03 10:56:24.119899',NULL,'2025-08-03 10:56:24.119899','20130224',0,NULL,'2025-05-09 17:00:00.000000',NULL,'2025-05-03 17:00:00.000000','Chuẩn bị bản demo ứng dụng',0,0,_binary '','0','MAJOR','TODO','PRACTICE','0fbf8da7-6caa-46bc-a29b-ee41767323dd','97d36d58-6a95-44ba-9e9c-d9850208de3f','bf4ca8d4-f8f2-406a-99cd-8e043a030a39','248f987f-a6ca-401f-af4d-776eb16310c2','2025-01-31 19:04:40.000000'),('5038d1e9-ffbf-4045-9d2f-3dac7296273e','20130224',_binary '\0',NULL,'2025-08-03 10:56:23.828237',NULL,'2025-08-03 10:56:23.828237','20130224',0,NULL,'2025-03-14 17:00:00.000000',NULL,'2025-03-08 17:00:00.000000','Hiện thực Observer Pattern cho cảnh báo tồn kho',0,0,_binary '','0','MAJOR','TODO','PRACTICE','0fbf8da7-6caa-46bc-a29b-ee41767323dd','97d36d58-6a95-44ba-9e9c-d9850208de3f','bf4ca8d4-f8f2-406a-99cd-8e043a030a39','00bf93d6-7893-481b-b3a6-7536a788f22d','2025-01-31 19:04:40.000000'),('503e6a3e-058e-456b-a157-1df2f9108ca6','21130371',_binary '\0',NULL,'2025-07-30 04:29:44.997376',NULL,'2025-08-02 15:39:32.347401','21130371',0,NULL,'2025-04-27 17:33:21.000000',NULL,'2025-04-27 00:00:00.000000','Hiện thực module đăng ký/đăng nhập',0,0,_binary '\0','','CRITICAL','DONE','PRACTICE','b5090bc3-59bb-4aa5-968c-8ea52e045d9d','d909ec23-e3b8-473c-8b53-b0dd10e5cb4a','4d5f6b20-6bc0-4671-b683-904e880509d8','02d28358-9e5a-4b65-9f56-bac4a0bffc34','2025-03-01 14:00:00.000000'),('508e57cb-6e74-4e49-8100-0e09fb06dcaa','21130451',_binary '\0',NULL,'2025-07-30 04:17:29.530569',NULL,'2025-08-02 05:01:19.078562','21130451',0,NULL,'2025-03-12 05:02:22.000000',NULL,'2025-03-09 00:00:00.000000','Phân tích đối tượng khách hàng sách',0,1,_binary '\0','','TRIVIAL','DONE','THEORY','4527de36-9be4-4ba3-994d-f6276f6c67c0','3438c873-bc50-42c4-a598-1ed31761fe23','56ecb8b8-6a8a-471a-826f-3a827025e524','bbfddaeb-dea5-4178-b067-e0fa8812c338','2025-03-01 14:00:00.000000'),('50fb718f-04bb-441b-ac3c-1726481abcdc','22130001',_binary '\0',NULL,'2025-08-03 10:55:33.519329',NULL,'2025-08-03 10:55:33.519329','22130001',1,NULL,'2025-02-28 17:00:00.000000',NULL,'2025-02-15 17:00:00.000000','Thiết kế Class Diagram cho Liên hệ',0,0,_binary '','0','MAJOR','TODO','PRACTICE','c94c51f9-dbd5-4c78-b857-46f2592d1fe1','66436f4d-8245-433d-a9d2-d0eb03a6a47b','a06e6810-6edc-4b00-ae0e-5883eea883b0','49dd8be6-7191-430b-acae-501c1bee2770','2025-01-31 19:03:49.000000'),('50fe4821-5051-4787-87d8-36f8e5d1bef5','21130359',_binary '\0',NULL,'2025-08-03 10:56:37.639482',NULL,'2025-08-03 10:56:37.639482','21130359',1,NULL,'2025-02-28 17:00:00.000000',NULL,'2025-02-15 17:00:00.000000','Tìm hiểu 4 nguyên tắc OOP',0,0,_binary '','0','MAJOR','TODO','THEORY','4587115e-b26e-4761-8de8-41826f97d842','a6154ca9-d3f9-4a18-a20a-e0da52601faa','acef4982-efaf-450c-ba00-7f889d15ca49','49dd8be6-7191-430b-acae-501c1bee2770','2025-01-31 19:04:54.000000'),('510010e1-3ed9-4df8-8cb2-96966b0306d9','21130451',_binary '\0',NULL,'2025-07-08 03:42:23.815263',NULL,'2025-07-11 15:46:55.586841','21130451',0,'<p><br></p>','2025-03-01 18:43:32.000000',NULL,'2025-03-01 17:00:00.000000','Tạo Api phân trang và tích hợp',0,0,_binary '\0','','CRITICAL','TODO','THEORY','56ecb8b8-6a8a-471a-826f-3a827025e524','8f109a77-484b-4f39-a076-6b2a44b8137a','4527de36-9be4-4ba3-994d-f6276f6c67c0','018a1ba5-dda1-4179-b73e-176e6693a371','2025-03-01 17:00:00.000000'),('5180dbe5-6aca-4b03-a6ec-a48b20c0d5a1','21130320',_binary '\0',NULL,'2025-07-08 07:25:28.210540',NULL,'2025-07-08 07:29:50.572801','21130320',0,'<p><br></p>','2025-05-17 17:00:00.000000',NULL,'2025-05-03 17:00:00.000000','Giới hạn số lượng đặt hàng trong 1 lần',0,0,_binary '','0','CRITICAL','BACKLOG','THEORY','17194877-c523-475f-9bf6-e627293e916f','caf9e00b-e1c5-4b0f-9c49-2eac892a327e','29494edf-a498-48f4-85e1-e33775976468',NULL,NULL),('519f1fed-b286-404f-8590-e86c3b5eb888','21130371',_binary '\0',NULL,'2025-08-03 10:56:47.967931',NULL,'2025-08-03 10:56:47.967931','21130371',0,NULL,'2025-03-28 17:00:00.000000',NULL,'2025-03-22 17:00:00.000000','Hiện thực Decorator Pattern cho thuộc tính món ăn',0,0,_binary '','0','MAJOR','TODO','PRACTICE','b5090bc3-59bb-4aa5-968c-8ea52e045d9d','6cc2afa7-7786-4f77-9e9b-e5e3d3abbda7','e8940cd9-c8f9-4bd8-97b6-be4f7b8536e7','4d8b7804-ba53-497d-8f69-3ecbe2ba6c05','2025-01-31 19:05:04.000000'),('529f48e6-ec05-4b4c-bbb7-0369fd419b28','21130335',_binary '\0',NULL,'2025-08-03 10:55:59.337004',NULL,'2025-08-03 10:55:59.337004','21130335',0,NULL,'2025-05-02 17:00:00.000000',NULL,'2025-04-19 17:00:00.000000','Kiểm tra tính đúng đắn của các mẫu thiết kế',0,0,_binary '','0','MAJOR','TODO','PRACTICE','8525cbcd-87f7-4826-96d2-05ef5a536c9b','bdf5e58c-8905-4f18-afb3-d36945768d9f','654bfbae-b089-4f97-bcd6-e8183a3a0783','fb4952a3-6fbb-416b-92b3-d13f835e0de6','2025-01-31 19:04:15.000000'),('52d5e4fc-d5d4-4818-8009-8387ad193a26','21130371',_binary '\0',NULL,'2025-08-03 10:56:47.894537',NULL,'2025-08-03 10:56:47.894537','21130371',0,NULL,'2025-03-14 17:00:00.000000',NULL,'2025-03-08 17:00:00.000000','Ghi tài liệu về Singleton và Observer',0,0,_binary '','0','MINOR','TODO','THEORY','4d5f6b20-6bc0-4671-b683-904e880509d8','6cc2afa7-7786-4f77-9e9b-e5e3d3abbda7','b5090bc3-59bb-4aa5-968c-8ea52e045d9d','00bf93d6-7893-481b-b3a6-7536a788f22d','2025-01-31 19:05:04.000000'),('535a12c7-076d-4a6d-8e0a-77fcd109d282','22130001',_binary '\0',NULL,'2025-07-30 04:28:24.920610',NULL,'2025-08-03 03:59:57.376484','22130001',0,NULL,'2025-05-28 04:34:32.000000',NULL,'2025-05-25 00:00:00.000000','Chức năng nhắc nhở chăm sóc cây (email/notification)',0,0,_binary '\0','','MINOR','DONE','PRACTICE','a06e6810-6edc-4b00-ae0e-5883eea883b0','f27d5a34-ecc1-4c32-8fd9-44615cbbed19','c94c51f9-dbd5-4c78-b857-46f2592d1fe1','00f6f2eb-2153-40a6-b2f3-8f4837ba3a3c','2025-03-01 14:00:00.000000'),('536a1478-da80-43de-98e0-ee50348f3da0','21130371',_binary '\0',NULL,'2025-08-03 10:56:47.984011',NULL,'2025-08-03 10:56:47.984011','21130371',0,NULL,'2025-03-28 17:00:00.000000',NULL,'2025-03-22 17:00:00.000000','Hiện thực Iterator Pattern cho duyệt thực đơn',0,0,_binary '','0','MAJOR','TODO','PRACTICE','e8940cd9-c8f9-4bd8-97b6-be4f7b8536e7','6cc2afa7-7786-4f77-9e9b-e5e3d3abbda7','4d5f6b20-6bc0-4671-b683-904e880509d8','4d8b7804-ba53-497d-8f69-3ecbe2ba6c05','2025-01-31 19:05:04.000000'),('5372a30d-d0aa-480e-b0e8-8590e8bf8f9e','21130320',_binary '\0',NULL,'2025-08-03 10:52:11.328561',NULL,'2025-08-03 10:52:11.328561','21130320',0,NULL,'2025-03-14 17:00:00.000000',NULL,'2025-03-08 17:00:00.000000','Thiết kế Observer Pattern cho cập nhật trạng thái đơn hàng',0,0,_binary '','0','MAJOR','TODO','PRACTICE','29494edf-a498-48f4-85e1-e33775976468','5122db1f-5ad5-4c6a-baea-404608794939','17194877-c523-475f-9bf6-e627293e916f','00bf93d6-7893-481b-b3a6-7536a788f22d','2025-01-31 19:00:27.000000'),('53866c78-4448-4c75-8bc2-4d800f1e82e0','21130320',_binary '\0',NULL,'2025-07-23 18:00:46.566689',NULL,'2025-07-28 10:46:45.831841','21130320',2,'<p><br></p>',NULL,NULL,'2025-02-08 17:00:00.000000','Tìm kiếm tập dataset',0,0,_binary '','','CRITICAL','INPROCESS','THEORY','29494edf-a498-48f4-85e1-e33775976468','09a3fd3d-110c-4021-b4f2-13e32f43e261','0efffdb4-b730-4f32-b930-79dddc45554a','ed30f4f9-61ee-499c-b68d-e736c3290b2a','2025-02-08 17:32:25.000000'),('53914484-8f6a-4811-8e63-a6c0575cc844','21130335',_binary '\0',NULL,'2025-08-03 10:55:59.147317',NULL,'2025-08-03 10:55:59.147317','21130335',0,NULL,'2025-03-21 17:00:00.000000',NULL,'2025-03-15 17:00:00.000000','Ghi tài liệu Factory Method',0,0,_binary '','0','MINOR','TODO','THEORY','654bfbae-b089-4f97-bcd6-e8183a3a0783','bdf5e58c-8905-4f18-afb3-d36945768d9f','9ca7eb3e-24a0-4a16-9d24-82d86344ac7b','1d95edd7-9ceb-4e2c-af16-35735c0d39e8','2025-01-31 19:04:15.000000'),('53a5b737-e6b8-493c-8ac3-3abb5ba997cb','21130451',_binary '\0',NULL,'2025-07-08 03:42:23.688272',NULL,'2025-07-11 15:33:36.742008','21130451',0,'<p><br></p>','2025-02-24 11:50:20.000000',NULL,'2025-02-22 17:00:00.000000','Xây dựng Bankend Đăng nhập/Đăng ký',0,0,_binary '\0','','CRITICAL','TODO','THEORY','56ecb8b8-6a8a-471a-826f-3a827025e524','8f109a77-484b-4f39-a076-6b2a44b8137a','7cc9eb1e-b051-4fc4-9b5d-0dd423b9b723','5d57fb7a-7aab-4264-a6cf-12fc55f5093d','2025-02-22 17:00:00.000000'),('53e6d8bf-3af2-4311-afe2-b7cb9013a94e','21130320',_binary '\0',NULL,'2025-07-24 01:27:50.730733',NULL,'2025-07-24 01:27:50.730733','21130320',2,'<p><br></p>','2025-03-03 17:00:00.000000',NULL,'2025-02-24 17:00:00.000000','Liệt kê mô hình thực nghiệm',0,0,_binary '','0','CRITICAL','TODO','THEORY','17194877-c523-475f-9bf6-e627293e916f','09a3fd3d-110c-4021-b4f2-13e32f43e261','0efffdb4-b730-4f32-b930-79dddc45554a','746d0e99-8024-4fd8-8851-0ff42317774a','2025-02-08 17:04:36.000000'),('5572b289-45c9-4ae0-9f27-e19a70710ca0','21130320',_binary '\0',NULL,'2025-07-30 04:16:37.195922',NULL,'2025-08-02 15:39:05.171587','21130320',0,NULL,'2025-04-27 17:32:54.000000',NULL,'2025-04-27 00:00:00.000000','Xây dựng phân quyền cơ bản',0,0,_binary '\0','','MAJOR','DONE','PRACTICE','0efffdb4-b730-4f32-b930-79dddc45554a','dc9af886-7862-4815-9876-037e5440de12','29494edf-a498-48f4-85e1-e33775976468','02d28358-9e5a-4b65-9f56-bac4a0bffc34','2025-03-01 14:00:00.000000'),('55e621f9-2874-4380-95e7-7bd9da147eb2','21130601',_binary '\0',NULL,'2025-07-30 04:18:35.990724',NULL,'2025-08-02 15:34:06.006053','21130601',0,NULL,'2025-04-27 17:27:55.000000',NULL,'2025-04-27 00:00:00.000000','Hiện thực module đăng ký/đăng nhập',0,0,_binary '\0','','CRITICAL','DONE','PRACTICE','aece6254-3942-4a02-be99-782106eb4a52','a8eb1192-3e81-42e8-9f69-8483736af936','cf1781cc-fd98-477f-8fb9-da0b45544521','02d28358-9e5a-4b65-9f56-bac4a0bffc34','2025-03-01 14:00:00.000000'),('56081b05-2b8d-4da0-b80d-93cbeffb6b82','21130279',_binary '\0',NULL,'2025-08-03 10:55:50.051709',NULL,'2025-08-03 10:55:50.051709','21130279',1,NULL,'2025-02-14 17:00:00.000000',NULL,'2025-02-08 17:00:00.000000','Chọn đề tài và ngôn ngữ',0,0,_binary '','0','MAJOR','TODO','THEORY','d48742db-1f1a-4bf1-aeef-1865a47b5d09','e18c1088-2d20-400c-81bf-6eaca20ede2e','bbecaa3b-396a-4cfd-8fb5-908ceb80b212','1b19a7f7-7e06-4a7c-a3a0-918eb14670bf','2025-01-31 19:04:06.000000'),('561266e1-3137-4020-8a5e-fe19c3933bc6','21130335',_binary '\0',NULL,'2025-08-03 10:55:59.079811',NULL,'2025-08-03 10:55:59.079811','21130335',0,NULL,'2025-03-14 17:00:00.000000',NULL,'2025-03-08 17:00:00.000000','Hiện thực Observer Pattern cho cập nhật trạng thái game',0,0,_binary '','0','MAJOR','TODO','PRACTICE','8525cbcd-87f7-4826-96d2-05ef5a536c9b','bdf5e58c-8905-4f18-afb3-d36945768d9f','654bfbae-b089-4f97-bcd6-e8183a3a0783','00bf93d6-7893-481b-b3a6-7536a788f22d','2025-01-31 19:04:15.000000'),('5695100b-f37c-4f68-ba37-424a8a61e80b','22130001',_binary '\0',NULL,'2025-08-03 10:55:33.924847',NULL,'2025-08-03 10:55:33.924847','22130001',0,NULL,'2025-05-09 17:00:00.000000',NULL,'2025-05-03 17:00:00.000000','Chuẩn bị bản demo ứng dụng',0,0,_binary '','0','MAJOR','TODO','PRACTICE','1e999da3-163f-4a7c-84cd-2678f6ca565d','66436f4d-8245-433d-a9d2-d0eb03a6a47b','c94c51f9-dbd5-4c78-b857-46f2592d1fe1','248f987f-a6ca-401f-af4d-776eb16310c2','2025-01-31 19:03:50.000000'),('570543cb-5c86-432a-9968-70de3084c7da','21130335',_binary '\0',NULL,'2025-08-03 10:55:59.264973',NULL,'2025-08-03 10:55:59.264973','21130335',0,NULL,'2025-04-18 17:00:00.000000',NULL,'2025-04-05 17:00:00.000000','Thiết kế cấu trúc MVC cho ứng dụng',0,0,_binary '','0','MAJOR','TODO','PRACTICE','9ca7eb3e-24a0-4a16-9d24-82d86344ac7b','bdf5e58c-8905-4f18-afb3-d36945768d9f','8525cbcd-87f7-4826-96d2-05ef5a536c9b','07743875-1d87-4d81-8c5c-4e909871d8f0','2025-01-31 19:04:15.000000'),('57674d25-5957-4b63-a0e8-3cc382ff2cb5','21130451',_binary '\0',NULL,'2025-07-08 03:42:23.828460',NULL,'2025-07-11 16:16:10.778998','21130451',0,'<p><br></p>','2025-03-23 08:59:02.000000',NULL,'2025-03-22 17:00:00.000000','Viết SQL mã giảm giá',0,0,_binary '\0','','CRITICAL','TODO','THEORY','4527de36-9be4-4ba3-994d-f6276f6c67c0','8f109a77-484b-4f39-a076-6b2a44b8137a','7cc9eb1e-b051-4fc4-9b5d-0dd423b9b723','0e1c0884-cd4f-4efe-85cf-ed3d6c1fce8d','2025-03-22 17:00:00.000000'),('586fae64-1fa6-4abc-bd70-31aa0c87a0d5','21130451',_binary '\0',NULL,'2025-07-09 06:34:41.752349',NULL,'2025-07-09 15:41:23.449085','21130451',1,'<p><br></p>','2025-03-13 05:15:26.000000',NULL,'2025-03-05 17:00:00.000000','Tìm kiếm và đánh giá các bộ dữ liệu tiềm năng',0,0,_binary '\0','','CRITICAL','TODO','THEORY',NULL,'5090ec43-8787-4d26-8bc2-7c760a4d93ff',NULL,'50b47ab0-c2b8-4bfd-95bf-c35023aaf198','2025-03-05 17:00:00.000000'),('5884d36c-7373-4c23-bf8f-85184dcdafd2','21130371',_binary '\0',NULL,'2025-08-03 10:56:47.718587',NULL,'2025-08-03 10:56:47.718587','21130371',0,NULL,'2025-02-14 17:00:00.000000',NULL,'2025-02-08 17:00:00.000000','Xác định yêu cầu chức năng',0,0,_binary '','0','MAJOR','TODO','PRACTICE','4d5f6b20-6bc0-4671-b683-904e880509d8','6cc2afa7-7786-4f77-9e9b-e5e3d3abbda7','b5090bc3-59bb-4aa5-968c-8ea52e045d9d','1b19a7f7-7e06-4a7c-a3a0-918eb14670bf','2025-01-31 19:05:04.000000'),('58e8c82d-b813-4809-b65d-675827426cde','21130320',_binary '\0',NULL,'2025-07-14 09:07:34.507580',NULL,'2025-07-14 09:17:35.544351','21130320',2,'<p><br></p>','2025-03-26 06:06:09.000000',NULL,'2025-03-22 17:00:00.000000','Ứng dụng Decorator',0,0,_binary '\0','','CRITICAL','TODO','THEORY','0efffdb4-b730-4f32-b930-79dddc45554a','7d783967-3144-4c76-ae91-0bcb3ebab45b','29494edf-a498-48f4-85e1-e33775976468','6a01e474-92f2-440e-9cc1-c1041de2e1be','2025-03-22 17:00:00.000000'),('5a494399-9c66-49bf-8b0a-fd4ba6552743','21130279',_binary '\0',NULL,'2025-08-03 10:55:50.148601',NULL,'2025-08-03 10:55:50.148601','21130279',0,NULL,'2025-03-07 17:00:00.000000',NULL,'2025-03-01 17:00:00.000000','Áp dụng Strategy Pattern cho sắp xếp sự kiện',0,0,_binary '','0','MAJOR','TODO','PRACTICE','d48742db-1f1a-4bf1-aeef-1865a47b5d09','e18c1088-2d20-400c-81bf-6eaca20ede2e','bbecaa3b-396a-4cfd-8fb5-908ceb80b212','542b89e4-501f-418c-8e43-890f945e847a','2025-01-31 19:04:06.000000'),('5a617e04-1f3a-4ed6-9d09-cb74469be668','21130601',_binary '\0',NULL,'2025-07-30 04:18:36.047901',NULL,'2025-08-03 01:01:12.762801','21130601',0,NULL,'2025-05-10 00:00:00.000000',NULL,'2025-05-04 00:00:00.000000','Xây dựng trang sản phẩm bán chạy',0,0,_binary '','','MAJOR','REVIEW','PRACTICE','aece6254-3942-4a02-be99-782106eb4a52','a8eb1192-3e81-42e8-9f69-8483736af936','cf1781cc-fd98-477f-8fb9-da0b45544521','5b1751c1-f7f6-42f3-b556-2db391f9527a','2025-03-01 14:00:00.000000'),('5a7224bf-6d99-42f6-a1c5-79bc9765e527','21130451',_binary '\0',NULL,'2025-08-03 10:53:12.919552',NULL,'2025-08-03 10:53:12.919552','21130451',0,NULL,'2025-03-28 17:00:00.000000',NULL,'2025-03-22 17:00:00.000000','Hiện thực Decorator Pattern cho tin tức',0,0,_binary '','0','MAJOR','TODO','PRACTICE','7cc9eb1e-b051-4fc4-9b5d-0dd423b9b723','29d9f886-4301-4881-8785-f773e8e9b3c7','4527de36-9be4-4ba3-994d-f6276f6c67c0','4d8b7804-ba53-497d-8f69-3ecbe2ba6c05','2025-01-31 19:01:29.000000'),('5a870cb9-72f5-40fe-9268-715e7497beda','21130279',_binary '\0',NULL,'2025-08-03 10:55:50.361533',NULL,'2025-08-03 10:55:50.361533','21130279',0,NULL,'2025-04-04 17:00:00.000000',NULL,'2025-03-29 17:00:00.000000','Ghi tài liệu Template Method và Visitor',0,0,_binary '','0','MINOR','TODO','THEORY','bbecaa3b-396a-4cfd-8fb5-908ceb80b212','e18c1088-2d20-400c-81bf-6eaca20ede2e','e95ab128-0e4a-494b-bcd8-47bb5e0f6355','fca63275-f3b3-4839-b287-a8b7474dd393','2025-01-31 19:04:06.000000'),('5a8fb415-4761-4f0a-b18b-151f37180111','21130320',_binary '\0',NULL,'2025-07-09 06:02:30.228922',NULL,'2025-07-09 15:06:21.385332','21130320',0,'<p>Logistic Regression, CNN, v.v.</p>','2025-02-14 19:58:22.000000',NULL,'2025-02-09 17:00:00.000000','Tìm hiểu các mô hình phù hợp với đề tài',0,0,_binary '\0','','CRITICAL','TODO','THEORY','0efffdb4-b730-4f32-b930-79dddc45554a','66fb3db5-3f1f-41b6-9ee9-c7c01a801de8','17194877-c523-475f-9bf6-e627293e916f','ed56cfbc-3019-48c5-9109-e97c30d0e4f5','2025-02-09 17:00:00.000000'),('5ac38aac-3be0-4020-a942-705e62f0412f','21130335',_binary '\0',NULL,'2025-08-03 10:55:59.014380',NULL,'2025-08-03 10:55:59.014380','21130335',0,NULL,'2025-02-28 17:00:00.000000',NULL,'2025-02-15 17:00:00.000000','Hiện thực lớp Block và Board',0,0,_binary '','0','MAJOR','TODO','PRACTICE','9ca7eb3e-24a0-4a16-9d24-82d86344ac7b','bdf5e58c-8905-4f18-afb3-d36945768d9f','8525cbcd-87f7-4826-96d2-05ef5a536c9b','49dd8be6-7191-430b-acae-501c1bee2770','2025-01-31 19:04:15.000000'),('5ac6c293-5858-482a-bc78-0992bcd2531e','21130320',_binary '\0',NULL,'2025-07-08 00:44:49.118425',NULL,'2025-07-11 16:05:42.630935','21130320',0,'<p><br></p>','2025-03-15 20:48:43.000000',NULL,'2025-03-15 17:00:00.000000','Tích hợp backend giỏ hàng',0,0,_binary '\0','','CRITICAL','TODO','THEORY','0efffdb4-b730-4f32-b930-79dddc45554a','caf9e00b-e1c5-4b0f-9c49-2eac892a327e','29494edf-a498-48f4-85e1-e33775976468','0a98d5b3-7a3f-4cd0-a294-b04adeccbe7c','2025-03-15 17:00:00.000000'),('5b692e5a-40f6-400c-878d-34639e60ed28','21130451',_binary '\0',NULL,'2025-07-08 14:08:29.935336',NULL,'2025-07-08 14:08:30.021867','21130451',0,'<p><br></p>',NULL,NULL,NULL,'Upload ảnh lên server',0,0,_binary '','0','CRITICAL','BACKLOG','THEORY','56ecb8b8-6a8a-471a-826f-3a827025e524','8f109a77-484b-4f39-a076-6b2a44b8137a','4527de36-9be4-4ba3-994d-f6276f6c67c0',NULL,NULL),('5ba87096-58f7-42f9-8f3f-fc476dfa55bc','21130363',_binary '\0',NULL,'2025-07-08 04:03:25.521922',NULL,'2025-07-08 04:03:25.521922','21130363',0,'<p><br></p>','2025-03-14 17:00:00.000000',NULL,'2025-03-01 17:00:00.000000','Viết SQL lấy danh sách sản phẩm (có phân trang)',0,0,_binary '\0','0','CRITICAL','TODO','THEORY',NULL,'3bff699d-9121-413b-8896-49b00f0952a3',NULL,'018a1ba5-dda1-4179-b73e-176e6693a371','2025-03-01 17:00:00.000000'),('5bb097a7-4df5-4c5c-b40c-5ff8af2c55b2','21130451',_binary '\0',NULL,'2025-07-09 06:35:47.164951',NULL,'2025-07-09 15:55:13.854470','21130451',1,'<p><br></p>','2025-03-28 04:22:17.000000',NULL,'2025-03-20 17:00:00.000000','Tích hợp mô hình',0,0,_binary '\0','','CRITICAL','TODO','THEORY',NULL,'5090ec43-8787-4d26-8bc2-7c760a4d93ff',NULL,'be992de1-8f5a-4c5b-8158-2d7ae3c7ab38','2025-03-20 17:00:00.000000'),('5c1dc6ac-58ec-4607-939b-b1e518fa98c6','21130371',_binary '\0',NULL,'2025-08-03 10:56:47.877138',NULL,'2025-08-03 10:56:47.877138','21130371',0,NULL,'2025-03-14 17:00:00.000000',NULL,'2025-03-08 17:00:00.000000','Hiện thực Observer Pattern cho cập nhật thực đơn',0,0,_binary '','0','MAJOR','TODO','PRACTICE','e8940cd9-c8f9-4bd8-97b6-be4f7b8536e7','6cc2afa7-7786-4f77-9e9b-e5e3d3abbda7','4d5f6b20-6bc0-4671-b683-904e880509d8','00bf93d6-7893-481b-b3a6-7536a788f22d','2025-01-31 19:05:04.000000'),('5c25ca54-c29e-4318-91e6-1dcfb2b59dc7','21130335',_binary '\0',NULL,'2025-08-03 10:55:59.098564',NULL,'2025-08-03 10:55:59.098564','21130335',0,NULL,'2025-03-14 17:00:00.000000',NULL,'2025-03-08 17:00:00.000000','Ghi tài liệu về Singleton và Observer',0,0,_binary '','0','MINOR','TODO','THEORY','654bfbae-b089-4f97-bcd6-e8183a3a0783','bdf5e58c-8905-4f18-afb3-d36945768d9f','9ca7eb3e-24a0-4a16-9d24-82d86344ac7b','00bf93d6-7893-481b-b3a6-7536a788f22d','2025-01-31 19:04:15.000000'),('5c697b56-7bb9-4027-ba45-023e614fcdfa','21130371',_binary '\0',NULL,'2025-08-03 10:56:47.912882',NULL,'2025-08-03 10:56:47.912882','21130371',0,NULL,'2025-03-21 17:00:00.000000',NULL,'2025-03-15 17:00:00.000000','Thiết kế Factory Method cho tạo loại món ăn',0,0,_binary '','0','MAJOR','TODO','PRACTICE','b5090bc3-59bb-4aa5-968c-8ea52e045d9d','6cc2afa7-7786-4f77-9e9b-e5e3d3abbda7','e8940cd9-c8f9-4bd8-97b6-be4f7b8536e7','1d95edd7-9ceb-4e2c-af16-35735c0d39e8','2025-01-31 19:05:04.000000'),('5c745837-5caa-4304-ba8b-1e0547dc6cde','21130601',_binary '\0',NULL,'2025-08-03 10:53:22.835601',NULL,'2025-08-03 10:53:22.835601','21130601',0,NULL,'2025-03-28 17:00:00.000000',NULL,'2025-03-22 17:00:00.000000','Ghi tài liệu Decorator và Iterator',0,0,_binary '','0','MINOR','TODO','THEORY','aece6254-3942-4a02-be99-782106eb4a52','6d7c2809-16b0-4200-99b7-ca3ce7ab72f7','cf1781cc-fd98-477f-8fb9-da0b45544521','4d8b7804-ba53-497d-8f69-3ecbe2ba6c05','2025-01-31 19:01:39.000000'),('5cc247a4-1bd2-4009-8124-0c806feda428','21130279',_binary '\0',NULL,'2025-07-30 04:28:38.936501',NULL,'2025-08-02 10:01:33.130090','21130279',0,NULL,'2025-04-05 00:00:00.000000',NULL,'2025-03-23 00:00:00.000000','Thiết kế ERD cho sản phẩm tùy chỉnh & biến thể',0,0,_binary '','','CRITICAL','BACKLOG','PRACTICE','bbecaa3b-396a-4cfd-8fb5-908ceb80b212','89427d93-69a9-4187-baac-7a3105624b8b','d48742db-1f1a-4bf1-aeef-1865a47b5d09',NULL,NULL),('5dd51905-18a6-496e-8ec6-7063754f9f0b','21130371',_binary '\0',NULL,'2025-08-03 10:56:48.199313',NULL,'2025-08-03 10:56:48.199313','21130371',0,NULL,'2025-05-09 17:00:00.000000',NULL,'2025-05-03 17:00:00.000000','Viết báo cáo cuối kỳ',0,0,_binary '','0','MAJOR','TODO','THEORY','b5090bc3-59bb-4aa5-968c-8ea52e045d9d','6cc2afa7-7786-4f77-9e9b-e5e3d3abbda7','e8940cd9-c8f9-4bd8-97b6-be4f7b8536e7','248f987f-a6ca-401f-af4d-776eb16310c2','2025-01-31 19:05:04.000000'),('5f05ef3e-148a-43f0-862b-01e2122d1dae','21130335',_binary '\0',NULL,'2025-07-30 04:29:06.082381',NULL,'2025-08-02 14:49:40.065510','21130335',1,NULL,'2025-04-22 17:31:10.000000',NULL,'2025-04-20 00:00:00.000000','Chuẩn bị demo luồng đặt vé cơ bản',0,0,_binary '\0','','MAJOR','DONE','PRACTICE','8525cbcd-87f7-4826-96d2-05ef5a536c9b','cfcba21d-966a-43b8-a1a8-9751e05ed7c5','9ca7eb3e-24a0-4a16-9d24-82d86344ac7b','9000c302-d92f-436d-a59e-c1de271cbe87','2025-03-01 14:00:00.000000'),('5f431f01-1229-4ff2-bdd8-03ba26abdca5','21130335',_binary '\0',NULL,'2025-08-03 10:55:59.248812',NULL,'2025-08-03 10:55:59.248812','21130335',0,NULL,'2025-04-04 17:00:00.000000',NULL,'2025-03-29 17:00:00.000000','Ghi tài liệu Template Method và Visitor',0,0,_binary '','0','MINOR','TODO','THEORY','654bfbae-b089-4f97-bcd6-e8183a3a0783','bdf5e58c-8905-4f18-afb3-d36945768d9f','9ca7eb3e-24a0-4a16-9d24-82d86344ac7b','fca63275-f3b3-4839-b287-a8b7474dd393','2025-01-31 19:04:15.000000'),('5fe0f172-5cd7-4e30-887e-2924745b30cf','21130320',_binary '\0',NULL,'2025-07-08 07:29:27.420866',NULL,'2025-07-08 07:29:44.613395','21130320',0,'<p><br></p>','2025-05-17 17:00:00.000000',NULL,'2025-05-03 17:00:00.000000','Thống kê cho admin',0,0,_binary '','0','CRITICAL','BACKLOG','THEORY','17194877-c523-475f-9bf6-e627293e916f','caf9e00b-e1c5-4b0f-9c49-2eac892a327e','29494edf-a498-48f4-85e1-e33775976468',NULL,NULL),('5fff22f7-c632-43db-88db-89516d983530','21130371',_binary '\0',NULL,'2025-07-30 04:29:45.119152',NULL,'2025-08-03 03:23:41.053737','21130371',1,NULL,'2025-05-21 11:58:30.000000',NULL,'2025-05-18 00:00:00.000000','Hiển thị lịch sử đơn hàng & thông tin theo dõi',0,0,_binary '\0','','MAJOR','DONE','PRACTICE','4d5f6b20-6bc0-4671-b683-904e880509d8','d909ec23-e3b8-473c-8b53-b0dd10e5cb4a','b5090bc3-59bb-4aa5-968c-8ea52e045d9d','55737e22-cac3-411e-96a1-b5b1a1488b61','2025-03-01 14:00:00.000000'),('6031c47c-13c7-4689-89bf-8d2f4834fc2a','21130279',_binary '\0',NULL,'2025-08-03 10:55:50.068807',NULL,'2025-08-03 10:55:50.068807','21130279',0,NULL,'2025-02-14 17:00:00.000000',NULL,'2025-02-08 17:00:00.000000','Xác định yêu cầu chức năng',0,0,_binary '','0','MAJOR','TODO','PRACTICE','bbecaa3b-396a-4cfd-8fb5-908ceb80b212','e18c1088-2d20-400c-81bf-6eaca20ede2e','e95ab128-0e4a-494b-bcd8-47bb5e0f6355','1b19a7f7-7e06-4a7c-a3a0-918eb14670bf','2025-01-31 19:04:06.000000'),('603bdb32-7715-4f22-89b0-18b8f69afe52','21130451',_binary '\0',NULL,'2025-07-30 04:17:29.693496',NULL,'2025-08-02 14:48:53.429751','21130451',0,NULL,'2025-04-22 17:30:23.000000',NULL,'2025-04-20 00:00:00.000000','Chuẩn bị bản demo giao diện chính',0,0,_binary '\0','','MAJOR','DONE','PRACTICE','4527de36-9be4-4ba3-994d-f6276f6c67c0','3438c873-bc50-42c4-a598-1ed31761fe23','7cc9eb1e-b051-4fc4-9b5d-0dd423b9b723','9000c302-d92f-436d-a59e-c1de271cbe87','2025-03-01 14:00:00.000000'),('6045f693-459e-4b85-97ee-e158e9934e95','21130320',_binary '\0',NULL,'2025-07-07 10:33:01.567308',NULL,'2025-07-11 15:46:36.407390','21130320',0,'<p><br></p>','2025-03-01 18:42:48.000000',NULL,'2025-03-01 17:00:00.000000','Tạo data mẫu cho sản phẩm',0,0,_binary '\0','','CRITICAL','TODO','THEORY','0efffdb4-b730-4f32-b930-79dddc45554a','caf9e00b-e1c5-4b0f-9c49-2eac892a327e','0efffdb4-b730-4f32-b930-79dddc45554a','018a1ba5-dda1-4179-b73e-176e6693a371','2025-03-01 17:00:00.000000'),('605df3ab-cbbc-443a-ac2c-6ac8a50c4c8f','21130320',_binary '\0',NULL,'2025-07-14 08:24:52.928555',NULL,'2025-07-14 08:37:16.573100','21130320',2,'<p><br></p>','2025-03-12 21:26:07.000000',NULL,'2025-03-08 17:00:00.000000','Tóm tắt kiến thức Singleton pattern',0,0,_binary '\0','','CRITICAL','TODO','THEORY','17194877-c523-475f-9bf6-e627293e916f','7d783967-3144-4c76-ae91-0bcb3ebab45b','0efffdb4-b730-4f32-b930-79dddc45554a','8e395f10-31a4-4e06-b450-52d7c50da7e0','2025-03-08 17:00:00.000000'),('60df388a-37a7-4369-8832-9f4cd3b75c92','22130001',_binary '\0',NULL,'2025-07-30 04:28:24.893533',NULL,'2025-08-03 03:29:39.800628','22130001',0,NULL,'2025-05-23 04:04:25.000000',NULL,'2025-05-18 00:00:00.000000','Quản lý & cập nhật trạng thái đơn hàng (Admin)',0,0,_binary '\0','','CRITICAL','DONE','PRACTICE','a06e6810-6edc-4b00-ae0e-5883eea883b0','f27d5a34-ecc1-4c32-8fd9-44615cbbed19','1e999da3-163f-4a7c-84cd-2678f6ca565d','55737e22-cac3-411e-96a1-b5b1a1488b61','2025-03-01 14:00:00.000000'),('6104e8a9-a27f-4477-84b1-da5243769113','21130320',_binary '\0',NULL,'2025-07-08 00:44:54.530691',NULL,'2025-07-11 16:16:03.178081','21130320',0,'<p><br></p>','2025-03-23 08:58:54.000000',NULL,'2025-03-22 17:00:00.000000','Tạo UI mã giảm giá',0,0,_binary '\0','','CRITICAL','TODO','THEORY',NULL,'caf9e00b-e1c5-4b0f-9c49-2eac892a327e',NULL,'0e1c0884-cd4f-4efe-85cf-ed3d6c1fce8d','2025-03-22 17:00:00.000000'),('6160be88-d932-4a16-a6cc-ccd7dcc33bbe','21130320',_binary '\0',NULL,'2025-08-03 10:52:11.556179',NULL,'2025-08-03 10:52:11.556179','21130320',0,NULL,'2025-04-18 17:00:00.000000',NULL,'2025-04-05 17:00:00.000000','Hiện thực các lớp Model cơ bản',0,0,_binary '','0','MAJOR','TODO','PRACTICE','29494edf-a498-48f4-85e1-e33775976468','5122db1f-5ad5-4c6a-baea-404608794939','17194877-c523-475f-9bf6-e627293e916f','07743875-1d87-4d81-8c5c-4e909871d8f0','2025-01-31 19:00:28.000000'),('617a7b21-c08b-4475-a1df-0acfb7d7bb95','21130451',_binary '\0',NULL,'2025-07-08 03:42:23.556690',NULL,'2025-07-11 17:10:29.066217','21130451',0,'<p><br></p>','2025-05-04 06:19:10.000000',NULL,'2025-05-03 17:00:00.000000','Ràng buộc trạng thái đơn hàng',0,0,_binary '\0','','CRITICAL','TODO','THEORY','4527de36-9be4-4ba3-994d-f6276f6c67c0','8f109a77-484b-4f39-a076-6b2a44b8137a','56ecb8b8-6a8a-471a-826f-3a827025e524','20550769-da23-4d54-983e-bdcc62d80a37','2025-05-03 17:00:00.000000'),('62ebe3ca-6628-4013-98ae-a2ecb3b88737','22130001',_binary '\0',NULL,'2025-08-03 10:55:33.705057',NULL,'2025-08-03 10:55:33.705057','22130001',0,NULL,'2025-03-28 17:00:00.000000',NULL,'2025-03-22 17:00:00.000000','Hiện thực Decorator Pattern cho thuộc tính liên hệ',0,0,_binary '','0','MAJOR','TODO','PRACTICE','a06e6810-6edc-4b00-ae0e-5883eea883b0','66436f4d-8245-433d-a9d2-d0eb03a6a47b','1e999da3-163f-4a7c-84cd-2678f6ca565d','4d8b7804-ba53-497d-8f69-3ecbe2ba6c05','2025-01-31 19:03:50.000000'),('63a81108-68b2-4c28-a299-1ed3f846efe8','21130451',_binary '\0',NULL,'2025-08-03 10:53:12.752425',NULL,'2025-08-03 10:53:12.752425','21130451',0,NULL,'2025-03-07 17:00:00.000000',NULL,'2025-03-01 17:00:00.000000','Áp dụng Strategy Pattern cho định dạng hiển thị tin',0,0,_binary '','0','MAJOR','TODO','PRACTICE','4527de36-9be4-4ba3-994d-f6276f6c67c0','29d9f886-4301-4881-8785-f773e8e9b3c7','56ecb8b8-6a8a-471a-826f-3a827025e524','542b89e4-501f-418c-8e43-890f945e847a','2025-01-31 19:01:29.000000'),('63cd62c5-8a87-46e6-a190-25efa178676e','21130451',_binary '\0',NULL,'2025-07-08 03:42:23.870234',NULL,'2025-07-11 17:03:45.455656','21130451',0,'<p><br></p>','2025-04-11 17:00:00.000000',NULL,'2025-03-29 17:00:00.000000','Tích hợp đơn hàng',0,0,_binary '','','CRITICAL','BACKLOG','THEORY','56ecb8b8-6a8a-471a-826f-3a827025e524','8f109a77-484b-4f39-a076-6b2a44b8137a','4527de36-9be4-4ba3-994d-f6276f6c67c0','28e4b229-c075-444e-bb7e-b2f27a9fd103',NULL),('63dbb10f-0e1c-4dc2-b78d-5101dd3d9265','22130001',_binary '\0',NULL,'2025-07-30 04:28:24.745754',NULL,'2025-08-02 15:26:34.217515','22130001',0,NULL,'2025-04-27 17:20:23.000000',NULL,'2025-04-27 00:00:00.000000','Hiện thực module đăng ký/đăng nhập',0,0,_binary '\0','','CRITICAL','DONE','PRACTICE','1e999da3-163f-4a7c-84cd-2678f6ca565d','f27d5a34-ecc1-4c32-8fd9-44615cbbed19','c94c51f9-dbd5-4c78-b857-46f2592d1fe1','02d28358-9e5a-4b65-9f56-bac4a0bffc34','2025-03-01 14:00:00.000000'),('63e6ce74-d291-41e0-90cc-f1121dff52b3','21130363',_binary '\0',NULL,'2025-07-30 04:26:37.540843',NULL,'2025-08-03 00:57:33.109241','21130363',1,NULL,'2025-05-04 17:32:52.000000',NULL,'2025-05-04 00:00:00.000000','Hiện thực giao diện Admin/Nhà hàng quản lý menu',0,0,_binary '\0','','CRITICAL','DONE','PRACTICE','d1aca7d1-1754-4931-a600-e6d30953b632','80bc4a94-2ad4-44e8-bc20-8e76a44864e5','f3ee7d4d-d82b-45d8-8c46-6756b1b6ea88','5b1751c1-f7f6-42f3-b556-2db391f9527a','2025-03-01 14:00:00.000000'),('640ce7a6-2c7a-416b-8a3e-145517479c07','21130451',_binary '\0',NULL,'2025-08-03 10:53:13.186305',NULL,'2025-08-03 10:53:13.186305','21130451',0,NULL,'2025-05-09 17:00:00.000000',NULL,'2025-05-03 17:00:00.000000','Viết báo cáo cuối kỳ',0,0,_binary '','0','MAJOR','TODO','THEORY','7cc9eb1e-b051-4fc4-9b5d-0dd423b9b723','29d9f886-4301-4881-8785-f773e8e9b3c7','4527de36-9be4-4ba3-994d-f6276f6c67c0','248f987f-a6ca-401f-af4d-776eb16310c2','2025-01-31 19:01:29.000000'),('641e3021-85f2-40fa-bb86-5bd123719dd2','21130320',_binary '\0',NULL,'2025-07-30 04:16:37.061799',NULL,'2025-08-02 09:47:44.769842','21130320',0,NULL,'2025-03-29 01:18:09.000000',NULL,'2025-03-23 00:00:00.000000','Chuẩn hóa cơ sở dữ liệu & tối ưu',0,0,_binary '\0','','MAJOR','DONE','THEORY','0efffdb4-b730-4f32-b930-79dddc45554a','dc9af886-7862-4815-9876-037e5440de12','29494edf-a498-48f4-85e1-e33775976468','d74cdee3-a4fc-44b4-bd90-1e53bec5cad1','2025-03-01 14:00:00.000000'),('646186b2-1c04-4f1e-8e5b-c8fb4e5b62f7','21130363',_binary '\0',NULL,'2025-07-08 04:03:25.495638',NULL,'2025-07-08 04:03:25.495638','21130363',0,'<ol><li data-list=\"bullet\"><span class=\"ql-ui\" contenteditable=\"false\"></span>Routes</li><li data-list=\"bullet\"><span class=\"ql-ui\" contenteditable=\"false\"></span>Dispatcher</li><li data-list=\"bullet\"><span class=\"ql-ui\" contenteditable=\"false\"></span>Filter</li><li data-list=\"bullet\"><span class=\"ql-ui\" contenteditable=\"false\"></span>Model Attribute</li></ol>','2025-02-21 17:00:00.000000',NULL,'2025-02-15 17:00:00.000000','Tìm hiểu về Java Servlet',0,0,_binary '\0','0','CRITICAL','TODO','THEORY',NULL,'3bff699d-9121-413b-8896-49b00f0952a3',NULL,'de1a9928-7d90-4b22-9f2c-1c1977a9b1d3','2025-02-15 17:00:00.000000'),('64ed7d2c-6605-47ee-a683-8c07dbe64759','22130001',_binary '\0',NULL,'2025-07-30 04:28:24.855121',NULL,'2025-08-03 01:24:28.207978','22130001',1,NULL,'2025-05-12 05:59:36.000000',NULL,'2025-05-11 00:00:00.000000','Phân biệt sản phẩm theo kích cỡ/loại',0,0,_binary '\0','','MAJOR','DONE','PRACTICE','a06e6810-6edc-4b00-ae0e-5883eea883b0','f27d5a34-ecc1-4c32-8fd9-44615cbbed19','1e999da3-163f-4a7c-84cd-2678f6ca565d','8bace90b-9f85-46b3-9411-8e098ba21c6e','2025-03-01 14:00:00.000000'),('64fb7901-dc2f-49f3-8662-5108a330e5f1','21130335',_binary '\0',NULL,'2025-07-30 05:59:21.403745',NULL,'2025-08-02 09:49:45.295405','21130335',2,'<p><br></p>','2025-03-29 01:20:09.000000',NULL,'2025-03-23 00:00:00.000000','Thiết kế ERD cho người dùng & phân quyền',0,1,_binary '\0','','MAJOR','DONE','THEORY','654bfbae-b089-4f97-bcd6-e8183a3a0783','cfcba21d-966a-43b8-a1a8-9751e05ed7c5','8525cbcd-87f7-4826-96d2-05ef5a536c9b','d74cdee3-a4fc-44b4-bd90-1e53bec5cad1','2025-03-01 14:00:00.000000'),('655678dd-72be-41c9-8ea0-32925b507547','22130001',_binary '\0',NULL,'2025-07-30 04:28:24.907036',NULL,'2025-08-03 03:54:16.245596','22130001',1,NULL,'2025-05-26 12:28:55.000000',NULL,'2025-05-25 00:00:00.000000','Tích hợp module blog/hướng dẫn chăm sóc cây',0,0,_binary '\0','','MAJOR','DONE','PRACTICE','1e999da3-163f-4a7c-84cd-2678f6ca565d','f27d5a34-ecc1-4c32-8fd9-44615cbbed19','c94c51f9-dbd5-4c78-b857-46f2592d1fe1','00f6f2eb-2153-40a6-b2f3-8f4837ba3a3c','2025-03-01 14:00:00.000000'),('657cd7f4-a2f9-41a4-9f05-4f8af365d908','21130601',_binary '\0',NULL,'2025-08-03 10:53:22.621863',NULL,'2025-08-03 10:53:22.621863','21130601',1,NULL,'2025-02-28 17:00:00.000000',NULL,'2025-02-15 17:00:00.000000','Thiết kế Class Diagram cho Bãi đỗ xe',0,0,_binary '','0','MAJOR','TODO','PRACTICE','aece6254-3942-4a02-be99-782106eb4a52','6d7c2809-16b0-4200-99b7-ca3ce7ab72f7','cf1781cc-fd98-477f-8fb9-da0b45544521','49dd8be6-7191-430b-acae-501c1bee2770','2025-01-31 19:01:39.000000'),('65b93061-9e37-40cf-84b0-a22480555448','21130359',_binary '\0',NULL,'2025-07-30 05:53:25.108995',NULL,'2025-08-02 09:49:07.869828','21130359',0,'<p><br></p>','2025-03-29 01:19:32.000000',NULL,'2025-03-23 00:00:00.000000','Rà soát ERD',0,0,_binary '\0','','CRITICAL','DONE','THEORY','acef4982-efaf-450c-ba00-7f889d15ca49','a5bc1288-fe8b-41c1-8993-152dbe7cb3fa','e8ce7209-bec9-428a-9548-239de2754237','d74cdee3-a4fc-44b4-bd90-1e53bec5cad1','2025-03-01 14:00:00.000000'),('65ea7e5a-2fb9-4df2-a07c-8568d424484b','20130224',_binary '\0',NULL,'2025-08-03 10:56:24.069793',NULL,'2025-08-03 10:56:24.069793','20130224',0,NULL,'2025-05-02 17:00:00.000000',NULL,'2025-04-19 17:00:00.000000','Kiểm tra tính đúng đắn của các mẫu thiết kế',0,0,_binary '','0','MAJOR','TODO','PRACTICE','0fbf8da7-6caa-46bc-a29b-ee41767323dd','97d36d58-6a95-44ba-9e9c-d9850208de3f','bf4ca8d4-f8f2-406a-99cd-8e043a030a39','fb4952a3-6fbb-416b-92b3-d13f835e0de6','2025-01-31 19:04:40.000000'),('66d1618c-856c-4b21-8384-16aa9fd12164','21130451',_binary '\0',NULL,'2025-08-03 10:53:12.700366',NULL,'2025-08-03 10:53:12.700366','21130451',1,NULL,'2025-02-28 17:00:00.000000',NULL,'2025-02-15 17:00:00.000000','Tìm hiểu các tính chất OOP nâng cao',0,0,_binary '','0','MAJOR','TODO','THEORY','4527de36-9be4-4ba3-994d-f6276f6c67c0','29d9f886-4301-4881-8785-f773e8e9b3c7','56ecb8b8-6a8a-471a-826f-3a827025e524','49dd8be6-7191-430b-acae-501c1bee2770','2025-01-31 19:01:29.000000'),('673d00f2-d5ff-4b02-b929-6c778e1a6784','21130451',_binary '\0',NULL,'2025-07-30 04:17:29.939385',NULL,'2025-08-03 04:30:31.309352','21130451',2,'<p><br></p>','2025-06-01 12:24:58.000000',NULL,'2025-06-01 00:00:00.000000','Chuẩn bị tài liệu hướng dẫn sử dụng & quản trị',1,0,_binary '\0','','MAJOR','DONE','THEORY','56ecb8b8-6a8a-471a-826f-3a827025e524','3438c873-bc50-42c4-a598-1ed31761fe23','7cc9eb1e-b051-4fc4-9b5d-0dd423b9b723','14d6b9c2-92f2-4ebb-8ef6-fa89a0233449','2025-03-01 14:00:00.000000'),('67b666ea-5ebb-4992-9b61-a39e4b7f5643','22130001',_binary '\0',NULL,'2025-07-30 04:28:24.636832',NULL,'2025-08-02 08:57:37.481236','22130001',1,NULL,'2025-03-25 17:16:33.000000',NULL,'2025-03-23 00:00:00.000000','Thiết kế ERD cho cây cảnh & vật tư',0,1,_binary '\0','','MAJOR','DONE','PRACTICE','c94c51f9-dbd5-4c78-b857-46f2592d1fe1','f27d5a34-ecc1-4c32-8fd9-44615cbbed19','1e999da3-163f-4a7c-84cd-2678f6ca565d','d74cdee3-a4fc-44b4-bd90-1e53bec5cad1','2025-03-01 14:00:00.000000'),('67dc9e36-b358-4431-86bf-bad10c909c13','22130001',_binary '\0',NULL,'2025-08-03 10:55:33.940083',NULL,'2025-08-03 10:55:33.940083','22130001',1,NULL,'2025-05-09 17:00:00.000000',NULL,'2025-05-03 17:00:00.000000','Kiểm tra lỗi và sửa lỗi',0,0,_binary '','0','MINOR','TODO','PRACTICE','c94c51f9-dbd5-4c78-b857-46f2592d1fe1','66436f4d-8245-433d-a9d2-d0eb03a6a47b','a06e6810-6edc-4b00-ae0e-5883eea883b0','248f987f-a6ca-401f-af4d-776eb16310c2','2025-01-31 19:03:50.000000'),('68121d39-d08f-4cba-9224-613e1e466c21','21130320',_binary '\0',NULL,'2025-07-09 06:03:10.143542',NULL,'2025-07-09 15:28:38.169359','21130320',0,'<p><br></p>','2025-02-26 05:04:18.000000',NULL,'2025-02-18 17:00:00.000000','Tiến hành thống kê dữ liệu gốc',0,0,_binary '\0','','CRITICAL','TODO','THEORY','29494edf-a498-48f4-85e1-e33775976468','66fb3db5-3f1f-41b6-9ee9-c7c01a801de8',NULL,'94b4cde8-df2d-4241-a80a-d79fffaafd45','2025-02-18 17:00:00.000000'),('684fe50e-b6bf-41fb-8292-5662e1e318a9','21130451',_binary '\0',NULL,'2025-07-30 04:17:29.776184',NULL,'2025-08-03 00:57:13.710934','21130451',0,NULL,'2025-05-04 17:32:33.000000',NULL,'2025-05-04 00:00:00.000000','Xây dựng trang sách bán chạy & đề xuất',0,0,_binary '\0','','MAJOR','DONE','PRACTICE','7cc9eb1e-b051-4fc4-9b5d-0dd423b9b723','3438c873-bc50-42c4-a598-1ed31761fe23','56ecb8b8-6a8a-471a-826f-3a827025e524','5b1751c1-f7f6-42f3-b556-2db391f9527a','2025-03-01 14:00:00.000000'),('68b7b570-e552-4208-aa1a-935a25a29be5','21130279',_binary '\0',NULL,'2025-07-30 04:28:39.216602',NULL,'2025-08-03 03:59:59.656855','21130279',0,NULL,'2025-05-28 04:34:34.000000',NULL,'2025-05-25 00:00:00.000000','Xây dựng chức năng tùy chỉnh sản phẩm nâng cao',0,0,_binary '\0','','CRITICAL','DONE','PRACTICE','d48742db-1f1a-4bf1-aeef-1865a47b5d09','89427d93-69a9-4187-baac-7a3105624b8b','bbecaa3b-396a-4cfd-8fb5-908ceb80b212','00f6f2eb-2153-40a6-b2f3-8f4837ba3a3c','2025-03-01 14:00:00.000000'),('6934fa50-ed62-4830-a6d5-df7a917c755e','21130359',_binary '\0',NULL,'2025-08-03 10:56:37.875959',NULL,'2025-08-03 10:56:37.875959','21130359',0,NULL,'2025-03-28 17:00:00.000000',NULL,'2025-03-22 17:00:00.000000','Hiện thực Iterator Pattern cho duyệt học sinh',0,0,_binary '','0','MAJOR','TODO','PRACTICE','4587115e-b26e-4761-8de8-41826f97d842','a6154ca9-d3f9-4a18-a20a-e0da52601faa','acef4982-efaf-450c-ba00-7f889d15ca49','4d8b7804-ba53-497d-8f69-3ecbe2ba6c05','2025-01-31 19:04:54.000000'),('694417ee-657f-4157-8700-b693d49d13c1','21130320',_binary '\0',NULL,'2025-07-30 04:16:37.012483',NULL,'2025-08-02 15:33:49.365026','21130320',0,NULL,'2025-04-27 17:27:39.000000',NULL,'2025-04-27 00:00:00.000000','Lập kế hoạch dự án ban đầu',0,0,_binary '\0','','MAJOR','DONE','THEORY','0efffdb4-b730-4f32-b930-79dddc45554a','dc9af886-7862-4815-9876-037e5440de12','29494edf-a498-48f4-85e1-e33775976468','02d28358-9e5a-4b65-9f56-bac4a0bffc34','2025-04-07 05:43:26.000000'),('6959f536-38b2-4b09-9d45-d8cf6bc3a139','22130001',_binary '\0',NULL,'2025-07-30 04:28:24.826928',NULL,'2025-08-03 01:01:23.201389','22130001',0,NULL,'2025-05-04 17:36:42.000000',NULL,'2025-05-04 00:00:00.000000','Hiện thực giao diện Admin quản lý sản phẩm & thông tin',0,0,_binary '\0','','CRITICAL','DONE','PRACTICE','a06e6810-6edc-4b00-ae0e-5883eea883b0','f27d5a34-ecc1-4c32-8fd9-44615cbbed19','1e999da3-163f-4a7c-84cd-2678f6ca565d','5b1751c1-f7f6-42f3-b556-2db391f9527a','2025-03-01 14:00:00.000000'),('69927c15-c806-4e40-88be-8b2b79c6dfb2','21130601',_binary '\0',NULL,'2025-07-30 04:18:35.889083',NULL,'2025-08-02 06:27:59.708943','21130601',0,NULL,'2025-03-24 01:17:41.000000',NULL,'2025-03-23 00:00:00.000000','Thiết kế ERD cho bảo hành và hỗ trợ khách hàng',0,0,_binary '\0','','CRITICAL','DONE','PRACTICE','aece6254-3942-4a02-be99-782106eb4a52','a8eb1192-3e81-42e8-9f69-8483736af936','877fd8ab-c4ee-4109-812c-965f17c590f1','d74cdee3-a4fc-44b4-bd90-1e53bec5cad1','2025-03-01 14:00:00.000000'),('69db8aa8-4b57-41ff-bcad-a0dfc906e06f','21130279',_binary '\0',NULL,'2025-08-03 10:55:50.402863',NULL,'2025-08-03 10:55:50.402863','21130279',0,NULL,'2025-04-18 17:00:00.000000',NULL,'2025-04-05 17:00:00.000000','Hiện thực các lớp Model cơ bản',0,0,_binary '','0','MAJOR','TODO','PRACTICE','d48742db-1f1a-4bf1-aeef-1865a47b5d09','e18c1088-2d20-400c-81bf-6eaca20ede2e','bbecaa3b-396a-4cfd-8fb5-908ceb80b212','07743875-1d87-4d81-8c5c-4e909871d8f0','2025-01-31 19:04:06.000000'),('6a592b3c-7eec-45f6-8057-da3c248a7675','21130279',_binary '\0',NULL,'2025-07-30 04:28:39.190635',NULL,'2025-08-03 03:29:42.246628','21130279',0,NULL,'2025-05-24 00:00:00.000000',NULL,'2025-05-18 00:00:00.000000','Quản lý & cập nhật trạng thái đơn hàng (Người bán/Admin)',0,0,_binary '','','CRITICAL','REVIEW','PRACTICE','bbecaa3b-396a-4cfd-8fb5-908ceb80b212','89427d93-69a9-4187-baac-7a3105624b8b','e95ab128-0e4a-494b-bcd8-47bb5e0f6355','55737e22-cac3-411e-96a1-b5b1a1488b61','2025-03-01 14:00:00.000000'),('6aeacb01-cb38-44e1-ac4d-4d90733a594f','21130601',_binary '\0',NULL,'2025-07-08 03:56:16.237443',NULL,'2025-07-08 03:56:16.237443','21130601',0,'<p><br></p>','2025-03-14 17:00:00.000000',NULL,'2025-03-01 17:00:00.000000','Thực hiện UI trang sản phẩm mới',0,0,_binary '\0','0','CRITICAL','TODO','THEORY',NULL,'f5dbc1df-3827-4a90-b9fb-8e1e5736c8c9',NULL,'018a1ba5-dda1-4179-b73e-176e6693a371','2025-03-01 17:00:00.000000'),('6b018b6e-2318-43f6-b8c3-97e27ff40b7b','21130601',_binary '\0',NULL,'2025-08-03 10:53:22.925859',NULL,'2025-08-03 10:53:22.925859','21130601',0,NULL,'2025-04-18 17:00:00.000000',NULL,'2025-04-05 17:00:00.000000','Hiện thực các lớp Model cơ bản',0,0,_binary '','0','MAJOR','TODO','PRACTICE','877fd8ab-c4ee-4109-812c-965f17c590f1','6d7c2809-16b0-4200-99b7-ca3ce7ab72f7','aece6254-3942-4a02-be99-782106eb4a52','07743875-1d87-4d81-8c5c-4e909871d8f0','2025-01-31 19:01:39.000000'),('6b3e7777-27e5-4b67-aa72-f57077588bf0','21130451',_binary '\0',NULL,'2025-07-14 09:36:42.427092',NULL,'2025-07-14 09:56:19.933316','21130451',2,'<p><br></p>','2025-04-16 22:44:26.000000',NULL,'2025-04-05 17:00:00.000000','Tóm tắt kiến thức MVC',0,0,_binary '\0','','CRITICAL','TODO','THEORY','4527de36-9be4-4ba3-994d-f6276f6c67c0','eb2cff67-6672-4ad6-8b2f-829a547c2595','56ecb8b8-6a8a-471a-826f-3a827025e524','bbfc8df2-5eb2-4a78-84d1-1e65beddd6f3','2025-04-05 17:00:00.000000'),('6b953e07-b617-4e7c-85b0-9229888a2e8f','21130363',_binary '\0',NULL,'2025-08-03 10:55:00.592925',NULL,'2025-08-03 10:55:00.592925','21130363',0,NULL,'2025-03-07 17:00:00.000000',NULL,'2025-03-01 17:00:00.000000','Áp dụng Strategy Pattern cho tính phí dịch vụ',0,0,_binary '','0','MAJOR','TODO','PRACTICE','d1aca7d1-1754-4931-a600-e6d30953b632','03ef89f3-394a-4447-ab47-2768e03ea221','d22a81b9-1297-4971-a5b1-2ea027e0fa8d','542b89e4-501f-418c-8e43-890f945e847a','2025-01-31 19:03:17.000000'),('6bd3164d-becd-4181-8dff-168a58968ffb','22130001',_binary '\0',NULL,'2025-08-03 10:55:33.567454',NULL,'2025-08-03 10:55:33.567454','22130001',0,NULL,'2025-03-07 17:00:00.000000',NULL,'2025-03-01 17:00:00.000000','Áp dụng Strategy Pattern cho tìm kiếm liên hệ',0,0,_binary '','0','MAJOR','TODO','PRACTICE','1e999da3-163f-4a7c-84cd-2678f6ca565d','66436f4d-8245-433d-a9d2-d0eb03a6a47b','c94c51f9-dbd5-4c78-b857-46f2592d1fe1','542b89e4-501f-418c-8e43-890f945e847a','2025-01-31 19:03:50.000000'),('6c561e5a-eed9-472e-bf1e-b2fbca3643e5','21130601',_binary '\0',NULL,'2025-07-08 03:56:16.147863',NULL,'2025-07-08 03:56:16.147863','21130601',0,'<p><br></p>','2025-03-14 17:00:00.000000',NULL,'2025-03-01 17:00:00.000000','Viết SQL lấy danh sách sản phẩm (có phân trang)',0,0,_binary '\0','0','CRITICAL','TODO','THEORY',NULL,'f5dbc1df-3827-4a90-b9fb-8e1e5736c8c9',NULL,'018a1ba5-dda1-4179-b73e-176e6693a371','2025-03-01 17:00:00.000000'),('6ca78700-4637-4107-80b8-54487289d242','21130320',_binary '\0',NULL,'2025-08-02 10:49:59.887249',NULL,'2025-08-02 11:11:34.168096','21130320',1,'<p><br></p>','2025-04-12 08:54:52.000000',NULL,'2025-04-06 00:00:00.000000','Tạo slider cho trang chủ',0,0,_binary '\0','','CRITICAL','DONE','THEORY','0efffdb4-b730-4f32-b930-79dddc45554a','dc9af886-7862-4815-9876-037e5440de12','29494edf-a498-48f4-85e1-e33775976468','c4389934-e970-4cab-9330-2d517122d28d','2025-04-09 00:33:24.000000'),('6dca7bcb-0af9-4f6f-a8cc-d0f29c8740e6','21130601',_binary '\0',NULL,'2025-07-08 03:56:16.050584',NULL,'2025-07-08 03:56:16.050584','21130601',0,'<p><br></p>','2025-05-17 17:00:00.000000',NULL,'2025-05-03 17:00:00.000000','Ràng buộc trạng thai đơn hàng',0,0,_binary '\0','0','CRITICAL','TODO','THEORY',NULL,'f5dbc1df-3827-4a90-b9fb-8e1e5736c8c9',NULL,'20550769-da23-4d54-983e-bdcc62d80a37','2025-05-03 17:00:00.000000'),('6e28c3e8-f020-4bc0-80b1-9f8baa25c8b8','21130451',_binary '\0',NULL,'2025-08-03 10:53:13.147954',NULL,'2025-08-03 10:53:13.147954','21130451',0,NULL,'2025-05-02 17:00:00.000000',NULL,'2025-04-19 17:00:00.000000','Kiểm tra tính đúng đắn của các mẫu thiết kế',0,0,_binary '','0','MAJOR','TODO','PRACTICE','4527de36-9be4-4ba3-994d-f6276f6c67c0','29d9f886-4301-4881-8785-f773e8e9b3c7','56ecb8b8-6a8a-471a-826f-3a827025e524','fb4952a3-6fbb-416b-92b3-d13f835e0de6','2025-01-31 19:01:29.000000'),('6e38cf8d-5e70-4668-8958-9457345ab60e','21130335',_binary '\0',NULL,'2025-07-30 04:29:06.055687',NULL,'2025-08-02 11:12:00.542069','21130335',2,'<p><br></p>','2025-04-12 08:55:19.000000',NULL,'2025-04-06 00:00:00.000000','Thiết kế giao diện quản lý phim & rạp (Admin)',1,0,_binary '\0','','MAJOR','DONE','PRACTICE','654bfbae-b089-4f97-bcd6-e8183a3a0783','cfcba21d-966a-43b8-a1a8-9751e05ed7c5','9ca7eb3e-24a0-4a16-9d24-82d86344ac7b','c4389934-e970-4cab-9330-2d517122d28d','2025-03-01 14:00:00.000000'),('6e9de68d-786f-4532-9850-d4f125ddc203','21130359',_binary '\0',NULL,'2025-08-03 10:56:37.791924',NULL,'2025-08-03 10:56:37.791924','21130359',0,NULL,'2025-03-14 17:00:00.000000',NULL,'2025-03-08 17:00:00.000000','Ghi tài liệu về Singleton và Observer',0,0,_binary '','0','MINOR','TODO','THEORY','acef4982-efaf-450c-ba00-7f889d15ca49','a6154ca9-d3f9-4a18-a20a-e0da52601faa','e8ce7209-bec9-428a-9548-239de2754237','00bf93d6-7893-481b-b3a6-7536a788f22d','2025-01-31 19:04:54.000000'),('6ec1986a-3f25-4a7f-9171-667ecf251a71','21130320',_binary '\0',NULL,'2025-07-30 04:16:37.356778',NULL,'2025-08-03 03:59:45.392181','21130320',0,NULL,'2025-05-28 04:34:20.000000',NULL,'2025-05-25 00:00:00.000000','Chức năng đánh giá sản phẩm',0,0,_binary '\0','','MAJOR','DONE','PRACTICE','17194877-c523-475f-9bf6-e627293e916f','dc9af886-7862-4815-9876-037e5440de12','29494edf-a498-48f4-85e1-e33775976468','00f6f2eb-2153-40a6-b2f3-8f4837ba3a3c','2025-03-01 14:00:00.000000'),('6f43113f-b7ba-4249-ba9f-c3de2466516f','21130363',_binary '\0',NULL,'2025-07-08 04:03:25.614820',NULL,'2025-07-08 04:03:25.614820','21130363',0,'<p><br></p>','2025-03-14 17:00:00.000000',NULL,'2025-03-01 17:00:00.000000','Thực hiện UI trang sản phẩm mới',0,0,_binary '\0','0','CRITICAL','TODO','THEORY',NULL,'3bff699d-9121-413b-8896-49b00f0952a3',NULL,'018a1ba5-dda1-4179-b73e-176e6693a371','2025-03-01 17:00:00.000000'),('6f4bcf5c-026b-4573-aec1-4ea5501faa7a','21130320',_binary '\0',NULL,'2025-07-30 04:16:37.045926',NULL,'2025-08-02 08:56:23.290738','21130320',0,NULL,'2025-03-25 17:15:19.000000',NULL,'2025-03-23 00:00:00.000000','Thiết kế ERD cho người dùng & đơn hàng',0,0,_binary '\0','','CRITICAL','DONE','PRACTICE','0efffdb4-b730-4f32-b930-79dddc45554a','dc9af886-7862-4815-9876-037e5440de12','29494edf-a498-48f4-85e1-e33775976468','d74cdee3-a4fc-44b4-bd90-1e53bec5cad1','2025-03-01 14:00:00.000000'),('6f4e7164-0a56-4efc-9c21-b9ca7f06374e','21130359',_binary '\0',NULL,'2025-07-30 04:29:26.199576',NULL,'2025-08-02 05:14:03.208837','21130359',1,NULL,'2025-03-14 17:15:01.000000',NULL,'2025-03-09 00:00:00.000000','Lập kế hoạch dự án và phân công nhiệm vụ',0,0,_binary '\0','','MAJOR','DONE','THEORY','4587115e-b26e-4761-8de8-41826f97d842','a5bc1288-fe8b-41c1-8993-152dbe7cb3fa','e8ce7209-bec9-428a-9548-239de2754237','bbfddaeb-dea5-4178-b067-e0fa8812c338','2025-03-01 14:00:00.000000'),('6f683211-6bbf-4f35-bd10-5f55d36940c6','21130359',_binary '\0',NULL,'2025-08-03 10:56:37.713001',NULL,'2025-08-03 10:56:37.713001','21130359',0,NULL,'2025-03-07 17:00:00.000000',NULL,'2025-03-01 17:00:00.000000','Áp dụng Strategy Pattern cho tính điểm',0,0,_binary '','0','MAJOR','TODO','PRACTICE','4587115e-b26e-4761-8de8-41826f97d842','a6154ca9-d3f9-4a18-a20a-e0da52601faa','acef4982-efaf-450c-ba00-7f889d15ca49','542b89e4-501f-418c-8e43-890f945e847a','2025-01-31 19:04:54.000000'),('6fcc312c-3edb-4fb5-ac75-710ea971b720','21130601',_binary '\0',NULL,'2025-07-08 03:56:16.225499',NULL,'2025-07-08 03:56:16.225499','21130601',0,'<p><br></p>','2025-02-28 17:00:00.000000',NULL,'2025-02-22 17:00:00.000000','Xây dựng UI đăng nhập/Đăng ký',0,0,_binary '\0','0','CRITICAL','TODO','THEORY',NULL,'f5dbc1df-3827-4a90-b9fb-8e1e5736c8c9',NULL,'5d57fb7a-7aab-4264-a6cf-12fc55f5093d','2025-02-22 17:00:00.000000'),('704b3241-14db-4ac7-9d29-a4f0785eae5e','20130224',_binary '\0',NULL,'2025-07-30 04:29:15.696988',NULL,'2025-08-03 01:32:45.415204','20130224',1,NULL,'2025-05-13 22:07:50.000000',NULL,'2025-05-11 00:00:00.000000','Hiện thực chức năng đăng ký & chọn loại vé',0,0,_binary '\0','','MAJOR','DONE','PRACTICE','0fbf8da7-6caa-46bc-a29b-ee41767323dd','253ac332-b8e2-43a7-bbc7-d673ddabc733','bf4ca8d4-f8f2-406a-99cd-8e043a030a39','8bace90b-9f85-46b3-9411-8e098ba21c6e','2025-03-01 14:00:00.000000'),('715a052f-6d38-4c73-b408-8df9e7d76f94','21130371',_binary '\0',NULL,'2025-07-30 04:29:45.035420',NULL,'2025-08-03 01:00:03.950521','21130371',1,NULL,'2025-05-04 17:35:23.000000',NULL,'2025-05-04 00:00:00.000000','Hiện thực chức năng tìm kiếm & lọc sản phẩm',0,0,_binary '\0','','MAJOR','DONE','PRACTICE','b5090bc3-59bb-4aa5-968c-8ea52e045d9d','d909ec23-e3b8-473c-8b53-b0dd10e5cb4a','e8940cd9-c8f9-4bd8-97b6-be4f7b8536e7','5b1751c1-f7f6-42f3-b556-2db391f9527a','2025-03-01 14:00:00.000000'),('71c22600-61cb-4d75-81be-1c60995af6fc','20130224',_binary '\0',NULL,'2025-08-03 10:56:23.763049',NULL,'2025-08-03 10:56:23.763049','20130224',0,NULL,'2025-02-28 17:00:00.000000',NULL,'2025-02-15 17:00:00.000000','Hiện thực lớp Item và Warehouse',0,0,_binary '','0','MAJOR','TODO','PRACTICE','0ddff544-bc3b-420d-b503-312315fd770d','97d36d58-6a95-44ba-9e9c-d9850208de3f','0fbf8da7-6caa-46bc-a29b-ee41767323dd','49dd8be6-7191-430b-acae-501c1bee2770','2025-01-31 19:04:40.000000'),('722bdcb8-f0f3-4302-a1a2-2d63af4e230b','22130001',_binary '\0',NULL,'2025-08-03 10:55:33.874940',NULL,'2025-08-03 10:55:33.874940','22130001',0,NULL,'2025-05-02 17:00:00.000000',NULL,'2025-04-19 17:00:00.000000','Kiểm tra tính đúng đắn của các mẫu thiết kế',0,0,_binary '','0','MAJOR','TODO','PRACTICE','1e999da3-163f-4a7c-84cd-2678f6ca565d','66436f4d-8245-433d-a9d2-d0eb03a6a47b','c94c51f9-dbd5-4c78-b857-46f2592d1fe1','fb4952a3-6fbb-416b-92b3-d13f835e0de6','2025-01-31 19:03:50.000000'),('7235d4c8-44db-4c4e-94cd-8f5cffb90ca6','22130001',_binary '\0',NULL,'2025-07-30 04:28:24.761028',NULL,'2025-08-02 15:34:15.909469','22130001',1,NULL,'2025-04-27 17:28:05.000000',NULL,'2025-04-27 00:00:00.000000','Ứng dụng Session cho người dùng',0,0,_binary '\0','','MAJOR','DONE','PRACTICE','c94c51f9-dbd5-4c78-b857-46f2592d1fe1','f27d5a34-ecc1-4c32-8fd9-44615cbbed19','1e999da3-163f-4a7c-84cd-2678f6ca565d','02d28358-9e5a-4b65-9f56-bac4a0bffc34','2025-03-01 14:00:00.000000'),('728e23c5-d566-4b0d-9909-911fa27232df','21130371',_binary '\0',NULL,'2025-08-03 10:56:47.856262',NULL,'2025-08-03 10:56:47.856262','21130371',0,NULL,'2025-03-14 17:00:00.000000',NULL,'2025-03-08 17:00:00.000000','Hiện thực Singleton Pattern cho quản lý thực đơn',0,0,_binary '','0','MAJOR','TODO','PRACTICE','b5090bc3-59bb-4aa5-968c-8ea52e045d9d','6cc2afa7-7786-4f77-9e9b-e5e3d3abbda7','e8940cd9-c8f9-4bd8-97b6-be4f7b8536e7','00bf93d6-7893-481b-b3a6-7536a788f22d','2025-01-31 19:05:04.000000'),('72eb8ed8-beda-45db-9ae0-9efc5e90f1c3','21130320',_binary '\0',NULL,'2025-07-23 18:00:21.793806',NULL,'2025-07-26 12:51:38.641142','21130320',1,'<ol><li data-list=\"bullet\"><span class=\"ql-ui\" contenteditable=\"false\"></span>Tính khả thi của đề tài</li><li data-list=\"bullet\"><span class=\"ql-ui\" contenteditable=\"false\"></span>Tập dataset liên quan</li><li data-list=\"bullet\"><span class=\"ql-ui\" contenteditable=\"false\"></span>Có khả năng demo</li></ol>',NULL,NULL,'2025-02-08 17:00:00.000000','Xác định yêu cầu đề tài',1,0,_binary '','','CRITICAL','BACKLOG','THEORY','0efffdb4-b730-4f32-b930-79dddc45554a','09a3fd3d-110c-4021-b4f2-13e32f43e261','17194877-c523-475f-9bf6-e627293e916f',NULL,NULL),('73b9ab28-1c2c-4728-b7ce-244878bd0e4d','21130371',_binary '\0',NULL,'2025-07-30 04:29:45.010431',NULL,'2025-08-02 15:39:30.095490','21130371',1,NULL,'2025-04-27 17:33:19.000000',NULL,'2025-04-27 00:00:00.000000','Ứng dụng Session cho người dùng',0,0,_binary '\0','','MAJOR','DONE','PRACTICE','4d5f6b20-6bc0-4671-b683-904e880509d8','d909ec23-e3b8-473c-8b53-b0dd10e5cb4a','e8940cd9-c8f9-4bd8-97b6-be4f7b8536e7','02d28358-9e5a-4b65-9f56-bac4a0bffc34','2025-03-01 14:00:00.000000'),('740f67c7-6dd3-4f75-80b4-3c0fd0e31755','21130601',_binary '\0',NULL,'2025-07-08 03:56:16.212073',NULL,'2025-07-08 03:56:16.212073','21130601',0,'<p><br></p>','2025-03-21 17:00:00.000000',NULL,'2025-03-15 17:00:00.000000','Tích hợp backend',0,0,_binary '\0','0','CRITICAL','TODO','THEORY',NULL,'f5dbc1df-3827-4a90-b9fb-8e1e5736c8c9',NULL,'0a98d5b3-7a3f-4cd0-a294-b04adeccbe7c','2025-03-15 17:00:00.000000'),('7419e5b4-a268-4ce9-b3b6-cffb505823d5','21130320',_binary '\0',NULL,'2025-07-09 06:02:55.275434',NULL,'2025-07-09 15:06:23.878060','21130320',0,'<p><br></p>','2025-02-14 19:58:25.000000',NULL,'2025-02-09 17:00:00.000000','Tạo Google Colab workspace',0,0,_binary '\0','','CRITICAL','TODO','THEORY','17194877-c523-475f-9bf6-e627293e916f','66fb3db5-3f1f-41b6-9ee9-c7c01a801de8',NULL,'ed56cfbc-3019-48c5-9109-e97c30d0e4f5','2025-02-09 17:00:00.000000'),('74742989-b081-4513-a32d-0194c2d62dec','20130224',_binary '\0',NULL,'2025-08-02 14:59:00.446602',NULL,'2025-08-02 15:00:14.369433','20130224',2,'<p><br></p>','2025-04-25 05:41:40.000000',NULL,'2025-04-20 00:00:00.000000','Cải thiện',0,0,_binary '\0','','CRITICAL','DONE','THEORY','0fbf8da7-6caa-46bc-a29b-ee41767323dd','253ac332-b8e2-43a7-bbc7-d673ddabc733','0ddff544-bc3b-420d-b503-312315fd770d','9000c302-d92f-436d-a59e-c1de271cbe87','2025-04-25 05:40:26.000000'),('74951b4e-91ce-49ec-bc3f-6f27fbbf5a0a','21130451',_binary '\0',NULL,'2025-07-14 09:03:18.977776',NULL,'2025-07-14 09:17:39.802364','21130451',2,'<p>ádádádasdádasd</p>','2025-03-26 06:06:13.000000',NULL,'2025-03-22 17:00:00.000000','Ứng dụng Iterator pattern',0,0,_binary '\0','','CRITICAL','TODO','THEORY','56ecb8b8-6a8a-471a-826f-3a827025e524','eb2cff67-6672-4ad6-8b2f-829a547c2595','7cc9eb1e-b051-4fc4-9b5d-0dd423b9b723','6a01e474-92f2-440e-9cc1-c1041de2e1be','2025-03-22 17:00:00.000000'),('74b04333-cc8c-4d5b-a4ab-fc24fef99f30','21130601',_binary '\0',NULL,'2025-07-30 04:18:35.860104',NULL,'2025-08-02 05:13:28.712024','21130601',0,NULL,'2025-03-14 17:14:27.000000',NULL,'2025-03-09 00:00:00.000000','Lập kế hoạch dự án ban đầu và phân công',0,0,_binary '\0','','MAJOR','DONE','THEORY','877fd8ab-c4ee-4109-812c-965f17c590f1','a8eb1192-3e81-42e8-9f69-8483736af936','cf1781cc-fd98-477f-8fb9-da0b45544521','bbfddaeb-dea5-4178-b067-e0fa8812c338','2025-03-01 14:00:00.000000'),('7541e251-2c5e-40da-9c86-3773d2eb78cc','21130359',_binary '\0',NULL,'2025-08-03 00:59:27.380943',NULL,'2025-08-03 01:01:54.829994','21130359',2,'<p><br></p>','2025-05-04 17:37:14.000000',NULL,'2025-05-04 00:00:00.000000','Backup dữ liệu',0,0,_binary '\0','','CRITICAL','DONE','THEORY','acef4982-efaf-450c-ba00-7f889d15ca49','a5bc1288-fe8b-41c1-8993-152dbe7cb3fa','e8ce7209-bec9-428a-9548-239de2754237','5b1751c1-f7f6-42f3-b556-2db391f9527a','2025-05-04 17:34:46.000000'),('7553100c-3dce-4aba-aa67-52fb4d073b2b','21130320',_binary '\0',NULL,'2025-07-30 04:16:37.097878',NULL,'2025-08-02 10:51:30.387559','21130320',0,NULL,'2025-04-09 00:34:55.000000',NULL,'2025-04-06 00:00:00.000000','Thiết kế giao diện trang chi tiết sản phẩm',0,0,_binary '\0','','MAJOR','DONE','PRACTICE','17194877-c523-475f-9bf6-e627293e916f','dc9af886-7862-4815-9876-037e5440de12','29494edf-a498-48f4-85e1-e33775976468','c4389934-e970-4cab-9330-2d517122d28d','2025-03-01 14:00:00.000000'),('75e338f2-4389-4816-a790-bac606204acd','20130224',_binary '\0',NULL,'2025-08-03 10:56:24.006110',NULL,'2025-08-03 10:56:24.006110','20130224',0,NULL,'2025-04-18 17:00:00.000000',NULL,'2025-04-05 17:00:00.000000','Thiết kế cấu trúc MVC cho ứng dụng',0,0,_binary '','0','MAJOR','TODO','PRACTICE','0ddff544-bc3b-420d-b503-312315fd770d','97d36d58-6a95-44ba-9e9c-d9850208de3f','0fbf8da7-6caa-46bc-a29b-ee41767323dd','07743875-1d87-4d81-8c5c-4e909871d8f0','2025-01-31 19:04:40.000000'),('75fdb332-e0fe-4b1a-906e-2cdb33d2a62d','22130001',_binary '\0',NULL,'2025-07-30 04:28:24.650619',NULL,'2025-08-02 09:40:23.725896','22130001',0,NULL,'2025-03-25 17:10:54.000000',NULL,'2025-03-23 00:00:00.000000','Thiết kế ERD cho hướng dẫn chăm sóc & bài viết',0,0,_binary '\0','','CRITICAL','DONE','PRACTICE','1e999da3-163f-4a7c-84cd-2678f6ca565d','f27d5a34-ecc1-4c32-8fd9-44615cbbed19','a06e6810-6edc-4b00-ae0e-5883eea883b0','d74cdee3-a4fc-44b4-bd90-1e53bec5cad1','2025-03-01 14:00:00.000000'),('76ca5322-c02e-4510-8349-de31c055c927','21130363',_binary '\0',NULL,'2025-07-30 04:26:37.413353',NULL,'2025-08-02 11:11:42.771578','21130363',1,NULL,'2025-04-12 08:55:01.000000',NULL,'2025-04-06 00:00:00.000000','Thiết kế giao diện theo dõi đơn hàng',0,1,_binary '\0','','CRITICAL','DONE','PRACTICE','f3ee7d4d-d82b-45d8-8c46-6756b1b6ea88','80bc4a94-2ad4-44e8-bc20-8e76a44864e5','d22a81b9-1297-4971-a5b1-2ea027e0fa8d','c4389934-e970-4cab-9330-2d517122d28d','2025-03-01 14:00:00.000000'),('77239470-7156-4603-87a1-a1a63d6864c2','21130601',_binary '\0',NULL,'2025-07-08 03:56:16.089040',NULL,'2025-07-29 04:20:08.560189','21130601',1,'<p><br></p>','2025-02-14 17:00:00.000000',NULL,'2025-02-08 17:00:00.000000','Mô hình kinh doanh bán quần áo',0,0,_binary '\0','','CRITICAL','INPROCESS','THEORY','877fd8ab-c4ee-4109-812c-965f17c590f1','f5dbc1df-3827-4a90-b9fb-8e1e5736c8c9','aece6254-3942-4a02-be99-782106eb4a52','565e13cb-7a4c-4f75-88f2-903a54ddc690','2025-02-08 17:00:00.000000'),('7747c521-bb6a-43c1-bc47-2e67d96b3348','21130451',_binary '\0',NULL,'2025-07-30 04:17:29.953860',NULL,'2025-08-03 04:30:30.151533','21130451',0,NULL,'2025-06-01 12:24:56.000000',NULL,'2025-06-01 00:00:00.000000','Chuẩn bị demo website hoàn chỉnh',0,0,_binary '\0','','CRITICAL','DONE','PRACTICE','56ecb8b8-6a8a-471a-826f-3a827025e524','3438c873-bc50-42c4-a598-1ed31761fe23','7cc9eb1e-b051-4fc4-9b5d-0dd423b9b723','14d6b9c2-92f2-4ebb-8ef6-fa89a0233449','2025-03-01 14:00:00.000000'),('778ba2b4-19a9-4a5a-897b-306c801c2b28','21130279',_binary '\0',NULL,'2025-07-30 04:28:38.975836',NULL,'2025-08-02 11:03:02.052827','21130279',1,NULL,'2025-04-09 00:46:26.000000',NULL,'2025-04-06 00:00:00.000000','Thiết kế giao diện trang sản phẩm DIY & tùy chỉnh',0,0,_binary '\0','','MAJOR','DONE','PRACTICE','bbecaa3b-396a-4cfd-8fb5-908ceb80b212','89427d93-69a9-4187-baac-7a3105624b8b','e95ab128-0e4a-494b-bcd8-47bb5e0f6355','c4389934-e970-4cab-9330-2d517122d28d','2025-03-01 14:00:00.000000'),('7966f5b6-10b9-40ad-bf85-2252ba3fec73','21130371',_binary '\0',NULL,'2025-07-30 04:29:44.908400',NULL,'2025-08-02 09:40:09.116921','21130371',0,NULL,'2025-03-25 17:10:39.000000',NULL,'2025-03-23 00:00:00.000000','Thiết kế ERD cho đánh giá & gợi ý cá nhân hóa',0,0,_binary '\0','','CRITICAL','DONE','PRACTICE','b5090bc3-59bb-4aa5-968c-8ea52e045d9d','d909ec23-e3b8-473c-8b53-b0dd10e5cb4a','4d5f6b20-6bc0-4671-b683-904e880509d8','d74cdee3-a4fc-44b4-bd90-1e53bec5cad1','2025-03-01 14:00:00.000000'),('798fb951-35ef-4c27-a4a1-394a46d13475','22130001',_binary '\0',NULL,'2025-08-03 10:55:33.755362',NULL,'2025-08-03 10:55:33.755362','22130001',0,NULL,'2025-04-04 17:00:00.000000',NULL,'2025-03-29 17:00:00.000000','Thiết kế Template Method cho quy trình thêm liên hệ',0,0,_binary '','0','MAJOR','TODO','PRACTICE','a06e6810-6edc-4b00-ae0e-5883eea883b0','66436f4d-8245-433d-a9d2-d0eb03a6a47b','1e999da3-163f-4a7c-84cd-2678f6ca565d','fca63275-f3b3-4839-b287-a8b7474dd393','2025-01-31 19:03:50.000000'),('79cbd81d-6d0d-4a74-8354-745a39fd9415','21130279',_binary '\0',NULL,'2025-07-30 04:28:39.203490',NULL,'2025-08-03 03:54:32.943410','21130279',1,NULL,'2025-05-26 12:29:11.000000',NULL,'2025-05-25 00:00:00.000000','Tích hợp module quản lý bài viết/hướng dẫn DIY',0,0,_binary '\0','','MAJOR','DONE','PRACTICE','bbecaa3b-396a-4cfd-8fb5-908ceb80b212','89427d93-69a9-4187-baac-7a3105624b8b','e95ab128-0e4a-494b-bcd8-47bb5e0f6355','00f6f2eb-2153-40a6-b2f3-8f4837ba3a3c','2025-03-01 14:00:00.000000'),('79cd1ec9-8f38-42a4-ae09-bfe2d0e2c3ad','21130320',_binary '\0',NULL,'2025-07-07 01:32:00.562650',NULL,'2025-07-11 15:22:48.820703','21130320',2,'<p>Tìm hiểu JSP</p><p>Tìm hiểu thư viện hỗ trợ JSTL</p><p>Tự tạo 1 tag jstl custom</p>','2025-02-16 23:39:42.000000',NULL,'2025-02-15 17:00:00.000000','Tìm hiểu về ViewEngine JSP',1,0,_binary '\0','','CRITICAL','TODO','THEORY','0efffdb4-b730-4f32-b930-79dddc45554a','caf9e00b-e1c5-4b0f-9c49-2eac892a327e','17194877-c523-475f-9bf6-e627293e916f','de1a9928-7d90-4b22-9f2c-1c1977a9b1d3','2025-02-15 17:00:00.000000'),('7ac340ba-5521-4ca4-a451-683d88e188a4','21130601',_binary '\0',NULL,'2025-08-03 10:53:23.027292',NULL,'2025-08-03 10:53:23.027292','21130601',0,NULL,'2025-05-09 17:00:00.000000',NULL,'2025-05-03 17:00:00.000000','Chuẩn bị bản demo ứng dụng',0,0,_binary '','0','MAJOR','TODO','PRACTICE','877fd8ab-c4ee-4109-812c-965f17c590f1','6d7c2809-16b0-4200-99b7-ca3ce7ab72f7','aece6254-3942-4a02-be99-782106eb4a52','248f987f-a6ca-401f-af4d-776eb16310c2','2025-01-31 19:01:39.000000'),('7b2a6c60-a2a4-41a7-be41-a05185f5985c','20130224',_binary '\0',NULL,'2025-08-03 10:56:23.846392',NULL,'2025-08-03 10:56:23.846392','20130224',0,NULL,'2025-03-14 17:00:00.000000',NULL,'2025-03-08 17:00:00.000000','Ghi tài liệu về Singleton và Observer',0,0,_binary '','0','MINOR','TODO','THEORY','bf4ca8d4-f8f2-406a-99cd-8e043a030a39','97d36d58-6a95-44ba-9e9c-d9850208de3f','0ddff544-bc3b-420d-b503-312315fd770d','00bf93d6-7893-481b-b3a6-7536a788f22d','2025-01-31 19:04:40.000000'),('7b72560d-657e-47ac-8941-16c8cc1b1bc5','21130451',_binary '\0',NULL,'2025-08-03 10:53:12.717430',NULL,'2025-08-03 10:53:12.717430','21130451',1,NULL,'2025-02-28 17:00:00.000000',NULL,'2025-02-15 17:00:00.000000','Thiết kế Class Diagram cho Tin tức và Nguồn tin',0,0,_binary '','0','MAJOR','TODO','PRACTICE','56ecb8b8-6a8a-471a-826f-3a827025e524','29d9f886-4301-4881-8785-f773e8e9b3c7','7cc9eb1e-b051-4fc4-9b5d-0dd423b9b723','49dd8be6-7191-430b-acae-501c1bee2770','2025-01-31 19:01:29.000000'),('7b7a57a2-766b-4f3f-b011-32b1d2fcb158','21130279',_binary '\0',NULL,'2025-07-30 07:00:54.011831',NULL,'2025-08-02 05:05:07.034406','21130279',0,'<p><br></p>','2025-03-12 05:06:10.000000',NULL,'2025-03-09 00:00:00.000000','Liệt kê các chức năng',0,0,_binary '\0','','CRITICAL','DONE','THEORY','e95ab128-0e4a-494b-bcd8-47bb5e0f6355','89427d93-69a9-4187-baac-7a3105624b8b','bbecaa3b-396a-4cfd-8fb5-908ceb80b212','bbfddaeb-dea5-4178-b067-e0fa8812c338','2025-03-01 14:00:00.000000'),('7bb13114-5599-4fbc-b64c-f8631d780a4e','21130320',_binary '\0',NULL,'2025-07-30 04:16:37.324767',NULL,'2025-08-03 03:29:24.931087','21130320',0,NULL,'2025-05-23 04:04:10.000000',NULL,'2025-05-18 00:00:00.000000','Quản lý & cập nhật trạng thái đơn hàng (Admin)',0,0,_binary '\0','','CRITICAL','DONE','PRACTICE','17194877-c523-475f-9bf6-e627293e916f','dc9af886-7862-4815-9876-037e5440de12','0efffdb4-b730-4f32-b930-79dddc45554a','55737e22-cac3-411e-96a1-b5b1a1488b61','2025-03-01 14:00:00.000000'),('7c2371b7-6739-4bc8-8bb6-6089feed627a','21130335',_binary '\0',NULL,'2025-08-03 10:55:59.305340',NULL,'2025-08-03 10:55:59.305340','21130335',0,NULL,'2025-04-18 17:00:00.000000',NULL,'2025-04-05 17:00:00.000000','Hiện thực View cho game board',0,0,_binary '','0','MAJOR','TODO','PRACTICE','654bfbae-b089-4f97-bcd6-e8183a3a0783','bdf5e58c-8905-4f18-afb3-d36945768d9f','9ca7eb3e-24a0-4a16-9d24-82d86344ac7b','07743875-1d87-4d81-8c5c-4e909871d8f0','2025-01-31 19:04:15.000000'),('7c44ccce-b406-4b78-8b32-0653d1dbcb74','21130371',_binary '\0',NULL,'2025-08-03 10:56:48.138781',NULL,'2025-08-03 10:56:48.138781','21130371',0,NULL,'2025-05-02 17:00:00.000000',NULL,'2025-04-19 17:00:00.000000','Tối ưu hóa mã nguồn các mẫu đã dùng',0,0,_binary '','0','MAJOR','TODO','PRACTICE','b5090bc3-59bb-4aa5-968c-8ea52e045d9d','6cc2afa7-7786-4f77-9e9b-e5e3d3abbda7','e8940cd9-c8f9-4bd8-97b6-be4f7b8536e7','fb4952a3-6fbb-416b-92b3-d13f835e0de6','2025-01-31 19:05:04.000000'),('7c63c4ab-736f-4060-b75d-7d5917a162e7','21130359',_binary '\0',NULL,'2025-07-30 04:29:26.370821',NULL,'2025-08-02 15:39:26.643775','21130359',1,NULL,'2025-04-27 17:33:16.000000',NULL,'2025-04-27 00:00:00.000000','Xây dựng phân quyền cơ bản',0,0,_binary '\0','','MAJOR','DONE','PRACTICE','4587115e-b26e-4761-8de8-41826f97d842','a5bc1288-fe8b-41c1-8993-152dbe7cb3fa','e8ce7209-bec9-428a-9548-239de2754237','02d28358-9e5a-4b65-9f56-bac4a0bffc34','2025-03-01 14:00:00.000000'),('7cea17ca-0a46-4445-a9ec-124c9bae5afd','21130359',_binary '\0',NULL,'2025-07-30 04:29:26.409941',NULL,'2025-08-03 00:58:51.841632','21130359',0,NULL,'2025-05-04 17:34:11.000000',NULL,'2025-05-04 00:00:00.000000','Hiện thực giao diện Admin quản lý sản phẩm & thuộc tính',0,0,_binary '\0','','CRITICAL','DONE','PRACTICE','acef4982-efaf-450c-ba00-7f889d15ca49','a5bc1288-fe8b-41c1-8993-152dbe7cb3fa','e8ce7209-bec9-428a-9548-239de2754237','5b1751c1-f7f6-42f3-b556-2db391f9527a','2025-03-01 14:00:00.000000'),('7d43a56a-257c-4ff2-8d1d-07d07e2ca285','21130279',_binary '\0',NULL,'2025-07-30 04:28:39.056645',NULL,'2025-08-02 15:34:18.604223','21130279',1,NULL,'2025-04-27 17:28:08.000000',NULL,'2025-04-27 00:00:00.000000','Ứng dụng Session cho người dùng & giỏ hàng',0,0,_binary '\0','','MAJOR','DONE','PRACTICE','d48742db-1f1a-4bf1-aeef-1865a47b5d09','89427d93-69a9-4187-baac-7a3105624b8b','e95ab128-0e4a-494b-bcd8-47bb5e0f6355','02d28358-9e5a-4b65-9f56-bac4a0bffc34','2025-03-01 14:00:00.000000'),('7daabfea-12d1-49d9-9201-b4960be2ddee','22130001',_binary '\0',NULL,'2025-07-30 04:28:24.610808',NULL,'2025-08-02 05:13:35.727549','22130001',1,NULL,'2025-03-14 17:14:34.000000',NULL,'2025-03-09 00:00:00.000000','Nghiên cứu yêu cầu về thông tin chi tiết cây',0,0,_binary '\0','','MAJOR','DONE','THEORY','c94c51f9-dbd5-4c78-b857-46f2592d1fe1','f27d5a34-ecc1-4c32-8fd9-44615cbbed19','1e999da3-163f-4a7c-84cd-2678f6ca565d','bbfddaeb-dea5-4178-b067-e0fa8812c338','2025-03-01 14:00:00.000000'),('7e99e2b4-6171-4d0e-b97e-612bddcaecdf','21130363',_binary '\0',NULL,'2025-07-30 04:26:37.470458',NULL,'2025-08-02 15:39:14.112109','21130363',1,NULL,'2025-04-27 17:33:03.000000',NULL,'2025-04-27 00:00:00.000000','Ứng dụng Session cho người dùng & giỏ hàng',0,0,_binary '\0','','MAJOR','DONE','PRACTICE','d22a81b9-1297-4971-a5b1-2ea027e0fa8d','80bc4a94-2ad4-44e8-bc20-8e76a44864e5','f3ee7d4d-d82b-45d8-8c46-6756b1b6ea88','02d28358-9e5a-4b65-9f56-bac4a0bffc34','2025-03-01 14:00:00.000000'),('7f0e478d-e632-4347-9c49-14e0e80410b4','21130451',_binary '\0',NULL,'2025-07-30 04:17:29.924665',NULL,'2025-08-03 03:59:49.669549','21130451',0,NULL,'2025-05-28 04:34:24.000000',NULL,'2025-05-25 00:00:00.000000','Xây dựng module đề xuất sách cá nhân hóa',0,0,_binary '\0','','CRITICAL','DONE','PRACTICE','4527de36-9be4-4ba3-994d-f6276f6c67c0','3438c873-bc50-42c4-a598-1ed31761fe23','7cc9eb1e-b051-4fc4-9b5d-0dd423b9b723','00f6f2eb-2153-40a6-b2f3-8f4837ba3a3c','2025-03-01 14:00:00.000000'),('7f5f7757-7916-4f74-8055-b43b254323e0','21130320',_binary '\0',NULL,'2025-07-14 09:25:44.007732',NULL,'2025-07-14 09:32:01.235291','21130320',2,'<p><br></p>','2025-03-31 06:20:29.000000',NULL,'2025-03-29 17:00:00.000000','Ứng dụng Template Method',0,0,_binary '\0','','CRITICAL','TODO','THEORY','0efffdb4-b730-4f32-b930-79dddc45554a','7d783967-3144-4c76-ae91-0bcb3ebab45b','17194877-c523-475f-9bf6-e627293e916f','99157455-4dac-4bd4-a540-f43c0fd93145','2025-03-29 17:00:00.000000'),('7f94fa1f-cff4-423b-85b6-f4a1fb785589','21130451',_binary '\0',NULL,'2025-08-03 10:53:13.076800',NULL,'2025-08-03 10:53:13.076800','21130451',0,NULL,'2025-04-18 17:00:00.000000',NULL,'2025-04-05 17:00:00.000000','Thiết kế cấu trúc MVC cho ứng dụng',0,0,_binary '','0','MAJOR','TODO','PRACTICE','7cc9eb1e-b051-4fc4-9b5d-0dd423b9b723','29d9f886-4301-4881-8785-f773e8e9b3c7','4527de36-9be4-4ba3-994d-f6276f6c67c0','07743875-1d87-4d81-8c5c-4e909871d8f0','2025-01-31 19:01:29.000000'),('7fbbd25e-f3f6-40ac-9644-db4e4267870a','21130320',_binary '\0',NULL,'2025-07-07 01:23:01.903307',NULL,'2025-07-29 05:23:03.558063','21130320',2,'<p>asdasdsadad</p>',NULL,NULL,'2025-02-08 17:00:00.000000','Bảo quản sản phẩm',1,0,_binary '\0','','CRITICAL','INPROCESS','THEORY','17194877-c523-475f-9bf6-e627293e916f','caf9e00b-e1c5-4b0f-9c49-2eac892a327e','17194877-c523-475f-9bf6-e627293e916f','565e13cb-7a4c-4f75-88f2-903a54ddc690','2025-02-08 17:00:00.000000'),('8009ab4a-650f-4644-928c-e77df2b2839a','21130363',_binary '\0',NULL,'2025-07-30 04:26:37.315637',NULL,'2025-08-02 15:20:27.629359','21130363',1,NULL,'2025-04-27 17:14:17.000000',NULL,'2025-04-27 00:00:00.000000','Lập kế hoạch dự án và phân công nhiệm vụ',0,0,_binary '\0','','MAJOR','DONE','THEORY','d1aca7d1-1754-4931-a600-e6d30953b632','80bc4a94-2ad4-44e8-bc20-8e76a44864e5','f3ee7d4d-d82b-45d8-8c46-6756b1b6ea88','02d28358-9e5a-4b65-9f56-bac4a0bffc34','2025-04-07 05:44:02.000000'),('80b81c0b-8e50-4809-ac4a-46ca8184f72c','21130601',_binary '\0',NULL,'2025-07-08 03:56:16.199127',NULL,'2025-07-08 03:56:16.199127','21130601',0,'<p><br></p>',NULL,NULL,NULL,'Tạo data mẫu cho sản phẩm',0,0,_binary '','0','CRITICAL','BACKLOG','THEORY',NULL,'f5dbc1df-3827-4a90-b9fb-8e1e5736c8c9',NULL,NULL,NULL),('80ed9f43-0ad7-4302-9f7c-d1b8521e6459','21130363',_binary '\0',NULL,'2025-07-08 04:03:25.551257',NULL,'2025-07-08 04:03:25.551257','21130363',0,'<p><br></p>','2025-04-11 17:00:00.000000',NULL,'2025-03-29 17:00:00.000000','Tạo Ui đơn hàng',0,0,_binary '\0','0','CRITICAL','TODO','THEORY',NULL,'3bff699d-9121-413b-8896-49b00f0952a3',NULL,'28e4b229-c075-444e-bb7e-b2f27a9fd103','2025-03-29 17:00:00.000000'),('8117f525-334f-456a-85a7-518c175cf49e','21130335',_binary '\0',NULL,'2025-07-30 04:29:06.210087',NULL,'2025-08-03 03:22:01.399867','21130335',1,NULL,'2025-05-21 11:56:51.000000',NULL,'2025-05-18 00:00:00.000000','Hiện thực cách tính tiền cho đơn hàng vé phim',0,0,_binary '\0','','CRITICAL','DONE','PRACTICE','654bfbae-b089-4f97-bcd6-e8183a3a0783','cfcba21d-966a-43b8-a1a8-9751e05ed7c5','9ca7eb3e-24a0-4a16-9d24-82d86344ac7b','55737e22-cac3-411e-96a1-b5b1a1488b61','2025-03-01 14:00:00.000000'),('81a742f6-d00e-4497-9ba8-ca0eb3909475','21130371',_binary '\0',NULL,'2025-08-03 10:56:47.774291',NULL,'2025-08-03 10:56:47.774291','21130371',1,NULL,'2025-02-28 17:00:00.000000',NULL,'2025-02-15 17:00:00.000000','Thiết kế Class Diagram cho Món ăn và Đồ uống',0,0,_binary '','0','MAJOR','TODO','PRACTICE','4d5f6b20-6bc0-4671-b683-904e880509d8','6cc2afa7-7786-4f77-9e9b-e5e3d3abbda7','b5090bc3-59bb-4aa5-968c-8ea52e045d9d','49dd8be6-7191-430b-acae-501c1bee2770','2025-01-31 19:05:04.000000'),('824f9bec-b14f-4d7c-991f-1aaea2276ff8','21130359',_binary '\0',NULL,'2025-08-03 10:56:37.860442',NULL,'2025-08-03 10:56:37.860442','21130359',0,NULL,'2025-03-28 17:00:00.000000',NULL,'2025-03-22 17:00:00.000000','Hiện thực Decorator Pattern cho bài tập',0,0,_binary '','0','MAJOR','TODO','PRACTICE','e8ce7209-bec9-428a-9548-239de2754237','a6154ca9-d3f9-4a18-a20a-e0da52601faa','4587115e-b26e-4761-8de8-41826f97d842','4d8b7804-ba53-497d-8f69-3ecbe2ba6c05','2025-01-31 19:04:54.000000'),('82828926-565e-4897-8eb8-6baa4e321767','21130451',_binary '\0',NULL,'2025-08-03 10:53:12.734351',NULL,'2025-08-03 10:53:12.734351','21130451',0,NULL,'2025-02-28 17:00:00.000000',NULL,'2025-02-15 17:00:00.000000','Hiện thực lớp NewsArticle và RSSFeed',0,0,_binary '','0','MAJOR','TODO','PRACTICE','7cc9eb1e-b051-4fc4-9b5d-0dd423b9b723','29d9f886-4301-4881-8785-f773e8e9b3c7','4527de36-9be4-4ba3-994d-f6276f6c67c0','49dd8be6-7191-430b-acae-501c1bee2770','2025-01-31 19:01:29.000000'),('828f219f-3249-432f-a818-9ba11d57c36c','20130224',_binary '\0',NULL,'2025-08-03 10:56:23.894921',NULL,'2025-08-03 10:56:23.894921','20130224',0,NULL,'2025-03-21 17:00:00.000000',NULL,'2025-03-15 17:00:00.000000','Ghi tài liệu Factory Method',0,0,_binary '','0','MINOR','TODO','THEORY','bf4ca8d4-f8f2-406a-99cd-8e043a030a39','97d36d58-6a95-44ba-9e9c-d9850208de3f','0ddff544-bc3b-420d-b503-312315fd770d','1d95edd7-9ceb-4e2c-af16-35735c0d39e8','2025-01-31 19:04:40.000000'),('8291c389-7ecd-45c3-bd35-8c4bdf8237a6','22130001',_binary '\0',NULL,'2025-08-03 10:55:33.448592',NULL,'2025-08-03 10:55:33.448592','22130001',1,NULL,'2025-02-14 17:00:00.000000',NULL,'2025-02-08 17:00:00.000000','Chọn đề tài và ngôn ngữ',0,0,_binary '','0','MAJOR','TODO','THEORY','1e999da3-163f-4a7c-84cd-2678f6ca565d','66436f4d-8245-433d-a9d2-d0eb03a6a47b','c94c51f9-dbd5-4c78-b857-46f2592d1fe1','1b19a7f7-7e06-4a7c-a3a0-918eb14670bf','2025-01-31 19:03:49.000000'),('831746d1-7641-471d-a21d-ba412bb8eed6','21130279',_binary '\0',NULL,'2025-08-03 10:55:50.296453',NULL,'2025-08-03 10:55:50.296453','21130279',0,NULL,'2025-03-28 17:00:00.000000',NULL,'2025-03-22 17:00:00.000000','Hiện thực Iterator Pattern cho duyệt sự kiện',0,0,_binary '','0','MAJOR','TODO','PRACTICE','d48742db-1f1a-4bf1-aeef-1865a47b5d09','e18c1088-2d20-400c-81bf-6eaca20ede2e','bbecaa3b-396a-4cfd-8fb5-908ceb80b212','4d8b7804-ba53-497d-8f69-3ecbe2ba6c05','2025-01-31 19:04:06.000000'),('83cc108e-2ed2-4863-8b4b-85697068e267','21130320',_binary '\0',NULL,'2025-07-30 04:16:37.129497',NULL,'2025-08-02 14:48:57.215795','21130320',0,NULL,'2025-04-22 17:30:27.000000',NULL,'2025-04-20 00:00:00.000000','Chuẩn bị tài liệu báo cáo giữa kì',0,0,_binary '\0','','MAJOR','DONE','THEORY','0efffdb4-b730-4f32-b930-79dddc45554a','dc9af886-7862-4815-9876-037e5440de12','29494edf-a498-48f4-85e1-e33775976468','9000c302-d92f-436d-a59e-c1de271cbe87','2025-03-01 14:00:00.000000'),('83f43bbd-c595-49cc-ab7e-6ee1c3505630','21130320',_binary '\0',NULL,'2025-07-14 08:53:18.114083',NULL,'2025-07-14 08:55:16.969691','21130320',2,'<p><br></p>','2025-03-16 05:44:03.000000',NULL,'2025-03-15 17:00:00.000000','Tóm tắt kiển thức Factory Method',0,0,_binary '\0','','CRITICAL','TODO','THEORY','0efffdb4-b730-4f32-b930-79dddc45554a','7d783967-3144-4c76-ae91-0bcb3ebab45b','29494edf-a498-48f4-85e1-e33775976468','dd34ecaf-9783-4b03-b211-edc72a3e5f31','2025-03-15 17:00:00.000000'),('84572da9-0650-49a7-af5f-209f11c7ee3b','21130371',_binary '\0',NULL,'2025-07-30 04:29:45.090631',NULL,'2025-08-03 01:32:49.925877','21130371',1,NULL,'2025-05-13 22:07:55.000000',NULL,'2025-05-11 00:00:00.000000','Phân biệt sản phẩm theo dung tích/màu sắc',0,0,_binary '\0','','MAJOR','DONE','PRACTICE','b5090bc3-59bb-4aa5-968c-8ea52e045d9d','d909ec23-e3b8-473c-8b53-b0dd10e5cb4a','e8940cd9-c8f9-4bd8-97b6-be4f7b8536e7','8bace90b-9f85-46b3-9411-8e098ba21c6e','2025-03-01 14:00:00.000000'),('845ccc41-1ac5-4566-a6bf-c4b7afd6878a','21130451',_binary '\0',NULL,'2025-07-09 06:34:51.394221',NULL,'2025-07-09 15:28:32.499311','21130451',1,'<p><br></p>','2025-02-26 05:04:12.000000',NULL,'2025-02-18 17:00:00.000000','Làm sạch dữ liệu',0,0,_binary '\0','','CRITICAL','TODO','THEORY','4527de36-9be4-4ba3-994d-f6276f6c67c0','5090ec43-8787-4d26-8bc2-7c760a4d93ff','4527de36-9be4-4ba3-994d-f6276f6c67c0','94b4cde8-df2d-4241-a80a-d79fffaafd45','2025-02-18 17:00:00.000000'),('84f08bd1-62ac-4513-a7fe-cfcc37045d16','21130601',_binary '\0',NULL,'2025-07-08 03:56:16.063387',NULL,'2025-07-08 03:56:16.063387','21130601',0,'<p><br></p>','2025-03-21 17:00:00.000000',NULL,'2025-03-15 17:00:00.000000','Tạo UI giỏ hàng',0,0,_binary '\0','0','CRITICAL','TODO','THEORY',NULL,'f5dbc1df-3827-4a90-b9fb-8e1e5736c8c9',NULL,'0a98d5b3-7a3f-4cd0-a294-b04adeccbe7c','2025-03-15 17:00:00.000000'),('850f6f6e-9ab8-44b9-a729-95325bfc0db2','21130451',_binary '\0',NULL,'2025-07-14 09:03:54.584975',NULL,'2025-07-14 09:17:07.310875','21130451',2,'<p>ádấdsad</p>','2025-03-26 06:05:41.000000',NULL,'2025-03-22 17:00:00.000000','Tóm tắt Decorator pattern',0,0,_binary '\0','','CRITICAL','TODO','THEORY','4527de36-9be4-4ba3-994d-f6276f6c67c0','eb2cff67-6672-4ad6-8b2f-829a547c2595','56ecb8b8-6a8a-471a-826f-3a827025e524','6a01e474-92f2-440e-9cc1-c1041de2e1be','2025-03-22 17:00:00.000000'),('851bd218-a5fd-4d91-ba0f-eb2e62c6dd66','22130001',_binary '\0',NULL,'2025-08-03 10:55:33.599583',NULL,'2025-08-03 10:55:33.599583','22130001',0,NULL,'2025-03-14 17:00:00.000000',NULL,'2025-03-08 17:00:00.000000','Hiện thực Singleton Pattern cho quản lý danh bạ',0,0,_binary '','0','MAJOR','TODO','PRACTICE','a06e6810-6edc-4b00-ae0e-5883eea883b0','66436f4d-8245-433d-a9d2-d0eb03a6a47b','1e999da3-163f-4a7c-84cd-2678f6ca565d','00bf93d6-7893-481b-b3a6-7536a788f22d','2025-01-31 19:03:50.000000'),('85d9ddc8-f394-45cc-9f12-558284c4ac67','21130451',_binary '\0',NULL,'2025-07-14 06:32:05.981093',NULL,'2025-07-14 10:16:38.273952','21130451',2,'<p><br></p>','2025-04-24 11:04:35.000000',NULL,'2025-04-19 17:00:00.000000','Nguyên tắc vẽ Class Diagram',0,0,_binary '\0','','CRITICAL','TODO','THEORY','7cc9eb1e-b051-4fc4-9b5d-0dd423b9b723','eb2cff67-6672-4ad6-8b2f-829a547c2595','56ecb8b8-6a8a-471a-826f-3a827025e524','06a57b77-0290-450f-8312-db22e8c21c78','2025-04-19 17:00:00.000000'),('85e3c124-4f2b-4b32-85b7-c71db2df5c08','21130363',_binary '\0',NULL,'2025-07-30 04:26:37.253500',NULL,'2025-08-02 05:03:10.359827','21130363',0,NULL,'2025-03-12 05:04:13.000000',NULL,'2025-03-09 00:00:00.000000','Khảo sát thị trường đặt đồ ăn & đối thủ',0,0,_binary '\0','','MAJOR','DONE','THEORY','d1aca7d1-1754-4931-a600-e6d30953b632','80bc4a94-2ad4-44e8-bc20-8e76a44864e5','f3ee7d4d-d82b-45d8-8c46-6756b1b6ea88','bbfddaeb-dea5-4178-b067-e0fa8812c338','2025-03-01 14:00:00.000000'),('869fc6b0-3af1-4753-bcdc-a3591c63038e','21130320',_binary '\0',NULL,'2025-08-03 10:52:11.137537',NULL,'2025-08-03 10:52:11.137537','21130320',0,NULL,'2025-02-14 17:00:00.000000',NULL,'2025-02-08 17:00:00.000000','Thiết kế Use Case Diagram ban đầu',0,0,_binary '','0','MINOR','TODO','PRACTICE','0efffdb4-b730-4f32-b930-79dddc45554a','5122db1f-5ad5-4c6a-baea-404608794939','29494edf-a498-48f4-85e1-e33775976468','1b19a7f7-7e06-4a7c-a3a0-918eb14670bf','2025-01-31 19:00:27.000000'),('86c571d8-8cad-4809-ae04-1408dc5c9c56','21130359',_binary '\0',NULL,'2025-08-03 10:56:37.589939',NULL,'2025-08-03 10:56:37.589939','21130359',1,NULL,'2025-02-14 17:00:00.000000',NULL,'2025-02-08 17:00:00.000000','Chọn đề tài và ngôn ngữ',0,0,_binary '','0','MAJOR','TODO','THEORY','4587115e-b26e-4761-8de8-41826f97d842','a6154ca9-d3f9-4a18-a20a-e0da52601faa','acef4982-efaf-450c-ba00-7f889d15ca49','1b19a7f7-7e06-4a7c-a3a0-918eb14670bf','2025-01-31 19:04:54.000000'),('8779848e-8c4c-41fa-b583-7188c3bb26ee','22130001',_binary '\0',NULL,'2025-08-03 10:55:33.468037',NULL,'2025-08-03 10:55:33.468037','22130001',0,NULL,'2025-02-14 17:00:00.000000',NULL,'2025-02-08 17:00:00.000000','Xác định yêu cầu chức năng',0,0,_binary '','0','MAJOR','TODO','PRACTICE','c94c51f9-dbd5-4c78-b857-46f2592d1fe1','66436f4d-8245-433d-a9d2-d0eb03a6a47b','a06e6810-6edc-4b00-ae0e-5883eea883b0','1b19a7f7-7e06-4a7c-a3a0-918eb14670bf','2025-01-31 19:03:49.000000'),('87e6da9c-ab81-46a1-b3ed-6bf4d1c20976','21130601',_binary '\0',NULL,'2025-07-30 07:01:44.449188',NULL,'2025-08-02 05:13:26.511711','21130601',0,'<p><br></p>','2025-03-14 17:14:24.000000',NULL,'2025-03-11 17:00:00.000000','issue thêm sprint 1',0,1,_binary '\0','','MAJOR','DONE','THEORY','877fd8ab-c4ee-4109-812c-965f17c590f1','a8eb1192-3e81-42e8-9f69-8483736af936','aece6254-3942-4a02-be99-782106eb4a52','bbfddaeb-dea5-4178-b067-e0fa8812c338','2025-03-01 14:00:00.000000'),('882a4697-ad0e-403a-b800-9b37c39026da','21130601',_binary '\0',NULL,'2025-07-08 03:56:16.175529',NULL,'2025-07-08 03:56:16.175529','21130601',0,'<p><br></p>','2025-04-11 17:00:00.000000',NULL,'2025-03-29 17:00:00.000000','Tạo Ui đơn hàng',0,0,_binary '\0','0','CRITICAL','TODO','THEORY',NULL,'f5dbc1df-3827-4a90-b9fb-8e1e5736c8c9',NULL,'28e4b229-c075-444e-bb7e-b2f27a9fd103','2025-03-29 17:00:00.000000'),('88410ad0-02af-4153-9de2-cc524f99f176','21130335',_binary '\0',NULL,'2025-07-30 04:29:06.182987',NULL,'2025-08-03 01:24:53.542778','21130335',0,NULL,'2025-05-12 06:00:02.000000',NULL,'2025-05-11 00:00:00.000000','Xử lý chọn ghế và cập nhật trạng thái ghế',0,0,_binary '\0','','CRITICAL','DONE','PRACTICE','8525cbcd-87f7-4826-96d2-05ef5a536c9b','cfcba21d-966a-43b8-a1a8-9751e05ed7c5','654bfbae-b089-4f97-bcd6-e8183a3a0783','8bace90b-9f85-46b3-9411-8e098ba21c6e','2025-03-01 14:00:00.000000'),('88479c6e-ddfe-4df1-9dac-39b3d37f0f19','21130371',_binary '\0',NULL,'2025-07-30 04:29:44.855940',NULL,'2025-08-02 05:09:35.084340','21130371',0,NULL,'2025-03-12 05:10:38.000000',NULL,'2025-03-09 00:00:00.000000','Khảo sát thị trường mỹ phẩm & chăm sóc da',0,0,_binary '\0','','MAJOR','DONE','THEORY','b5090bc3-59bb-4aa5-968c-8ea52e045d9d','d909ec23-e3b8-473c-8b53-b0dd10e5cb4a','4d5f6b20-6bc0-4671-b683-904e880509d8','bbfddaeb-dea5-4178-b067-e0fa8812c338','2025-03-01 14:00:00.000000'),('887988ba-e175-430b-89ae-a7a9bf927ac0','21130335',_binary '\0',NULL,'2025-07-30 04:29:06.121979',NULL,'2025-08-02 15:39:21.714692','21130335',1,NULL,'2025-05-03 00:00:00.000000',NULL,'2025-04-27 00:00:00.000000','Xây dựng phân quyền cơ bản (người dùng, admin)',0,0,_binary '','','MAJOR','REVIEW','PRACTICE','654bfbae-b089-4f97-bcd6-e8183a3a0783','cfcba21d-966a-43b8-a1a8-9751e05ed7c5','9ca7eb3e-24a0-4a16-9d24-82d86344ac7b','02d28358-9e5a-4b65-9f56-bac4a0bffc34','2025-03-01 14:00:00.000000'),('88ec174c-2e72-4940-bf33-242278a5c507','21130601',_binary '\0',NULL,'2025-07-30 04:18:35.828288',NULL,'2025-08-02 05:02:40.976135','21130601',0,NULL,'2025-03-12 05:03:43.000000',NULL,'2025-03-09 00:00:00.000000','Nghiên cứu đặc thù sản phẩm điện tử',0,0,_binary '\0','','MAJOR','DONE','THEORY','877fd8ab-c4ee-4109-812c-965f17c590f1','a8eb1192-3e81-42e8-9f69-8483736af936','aece6254-3942-4a02-be99-782106eb4a52','bbfddaeb-dea5-4178-b067-e0fa8812c338','2025-03-01 14:00:00.000000'),('89326d74-944b-4648-835c-f1bf75010957','22130001',_binary '\0',NULL,'2025-08-03 10:55:33.858853',NULL,'2025-08-03 10:55:33.858853','22130001',0,NULL,'2025-05-02 17:00:00.000000',NULL,'2025-04-19 17:00:00.000000','Tối ưu hóa mã nguồn các mẫu đã dùng',0,0,_binary '','0','MAJOR','TODO','PRACTICE','a06e6810-6edc-4b00-ae0e-5883eea883b0','66436f4d-8245-433d-a9d2-d0eb03a6a47b','1e999da3-163f-4a7c-84cd-2678f6ca565d','fb4952a3-6fbb-416b-92b3-d13f835e0de6','2025-01-31 19:03:50.000000'),('89396196-25ad-4857-bab4-f3fd4ccec21d','21130320',_binary '\0',NULL,'2025-07-14 10:04:05.759146',NULL,'2025-07-14 10:20:26.536240','21130320',2,'<p><br></p>','2025-04-24 11:08:23.000000',NULL,'2025-04-19 17:00:00.000000','Tối ưu mẫu Abstract Factory Method',0,0,_binary '\0','','CRITICAL','TODO','THEORY','29494edf-a498-48f4-85e1-e33775976468','7d783967-3144-4c76-ae91-0bcb3ebab45b','0efffdb4-b730-4f32-b930-79dddc45554a','06a57b77-0290-450f-8312-db22e8c21c78','2025-04-19 17:00:00.000000'),('8982f890-6deb-44e1-b10d-3d8fc8f79af6','21130335',_binary '\0',NULL,'2025-08-03 10:55:59.404403',NULL,'2025-08-03 10:55:59.404403','21130335',1,NULL,'2025-05-09 17:00:00.000000',NULL,'2025-05-03 17:00:00.000000','Kiểm tra lỗi và sửa lỗi',0,0,_binary '','0','MINOR','TODO','PRACTICE','654bfbae-b089-4f97-bcd6-e8183a3a0783','bdf5e58c-8905-4f18-afb3-d36945768d9f','9ca7eb3e-24a0-4a16-9d24-82d86344ac7b','248f987f-a6ca-401f-af4d-776eb16310c2','2025-01-31 19:04:15.000000'),('898456bc-968d-47fa-b8c4-f7f66aef3a56','21130320',_binary '\0',NULL,'2025-07-09 11:06:32.028442',NULL,'2025-07-09 15:41:17.541261','21130320',1,'<p><br></p>','2025-03-13 05:15:20.000000',NULL,'2025-03-05 17:00:00.000000','Lập bảng kết quả so sánh mô hình',0,0,_binary '\0','','CRITICAL','TODO','THEORY','29494edf-a498-48f4-85e1-e33775976468','66fb3db5-3f1f-41b6-9ee9-c7c01a801de8','17194877-c523-475f-9bf6-e627293e916f','50b47ab0-c2b8-4bfd-95bf-c35023aaf198','2025-03-05 17:00:00.000000'),('8a114250-2ef7-423b-a1f1-9b059d0fb61f','20130224',_binary '\0',NULL,'2025-07-30 04:29:15.656494',NULL,'2025-08-03 00:58:46.013841','20130224',2,NULL,'2025-05-04 17:34:05.000000',NULL,'2025-05-04 00:00:00.000000','Hiện thực chức năng tìm kiếm & lọc sự kiện',0,0,_binary '\0','','MAJOR','DONE','PRACTICE','0ddff544-bc3b-420d-b503-312315fd770d','253ac332-b8e2-43a7-bbc7-d673ddabc733','bf4ca8d4-f8f2-406a-99cd-8e043a030a39','5b1751c1-f7f6-42f3-b556-2db391f9527a','2025-03-01 14:00:00.000000'),('8a3cc9a6-89a3-48ae-877d-7f3582a76e9c','21130601',_binary '\0',NULL,'2025-08-03 10:53:22.588294',NULL,'2025-08-03 10:53:22.588294','21130601',0,NULL,'2025-02-14 17:00:00.000000',NULL,'2025-02-08 17:00:00.000000','Lên kế hoạch dự án ban đầu',0,0,_binary '','0','MINOR','TODO','THEORY','cf1781cc-fd98-477f-8fb9-da0b45544521','6d7c2809-16b0-4200-99b7-ca3ce7ab72f7','877fd8ab-c4ee-4109-812c-965f17c590f1','1b19a7f7-7e06-4a7c-a3a0-918eb14670bf','2025-01-31 19:01:39.000000'),('8a3fb733-0a49-4ce7-9e53-1d61d993fe35','21130451',_binary '\0',NULL,'2025-08-03 10:53:12.636952',NULL,'2025-08-03 10:53:12.636952','21130451',1,NULL,'2025-02-14 17:00:00.000000',NULL,'2025-02-08 17:00:00.000000','Chọn đề tài và ngôn ngữ',0,0,_binary '','0','MAJOR','TODO','THEORY','4527de36-9be4-4ba3-994d-f6276f6c67c0','29d9f886-4301-4881-8785-f773e8e9b3c7','56ecb8b8-6a8a-471a-826f-3a827025e524','1b19a7f7-7e06-4a7c-a3a0-918eb14670bf','2025-01-31 19:01:29.000000'),('8ab385ab-b281-4f10-9a71-a2cde106a6c0','21130451',_binary '\0',NULL,'2025-07-09 06:34:36.443394',NULL,'2025-07-09 15:06:26.657431','21130451',1,'<p><br></p>','2025-02-14 19:58:27.000000',NULL,'2025-02-09 17:00:00.000000','Tạo Google Colab workspace',0,0,_binary '\0','','CRITICAL','TODO','THEORY',NULL,'5090ec43-8787-4d26-8bc2-7c760a4d93ff',NULL,'ed56cfbc-3019-48c5-9109-e97c30d0e4f5','2025-02-09 17:00:00.000000'),('8af5f4c8-542e-4fca-bede-5e50cf5f495d','20130224',_binary '\0',NULL,'2025-07-30 04:29:15.501218',NULL,'2025-08-02 09:39:54.075787','20130224',0,NULL,'2025-03-25 17:10:24.000000',NULL,'2025-03-23 00:00:00.000000','Thiết kế ERD cho sự kiện & loại vé',0,0,_binary '\0','','CRITICAL','DONE','PRACTICE','0ddff544-bc3b-420d-b503-312315fd770d','253ac332-b8e2-43a7-bbc7-d673ddabc733','0fbf8da7-6caa-46bc-a29b-ee41767323dd','d74cdee3-a4fc-44b4-bd90-1e53bec5cad1','2025-03-01 14:00:00.000000'),('8b11f5a1-7fd9-42c9-87f0-ca02f5d69518','21130320',_binary '\0',NULL,'2025-07-07 10:37:36.513832',NULL,'2025-07-11 17:10:39.602305','21130320',0,'<p><br></p>','2025-05-17 17:00:00.000000',NULL,'2025-05-03 17:00:00.000000','Viết SQL lấy danh sách sản phẩm (có phân trang)',0,0,_binary '\0','','CRITICAL','TODO','THEORY','29494edf-a498-48f4-85e1-e33775976468','caf9e00b-e1c5-4b0f-9c49-2eac892a327e','17194877-c523-475f-9bf6-e627293e916f','20550769-da23-4d54-983e-bdcc62d80a37','2025-05-03 17:00:00.000000'),('8b17d43c-a415-433d-9bfc-9e8ababc534c','21130451',_binary '\0',NULL,'2025-07-30 04:17:29.638192',NULL,'2025-08-02 10:51:41.648424','21130451',0,NULL,'2025-04-09 00:35:06.000000',NULL,'2025-04-06 00:00:00.000000','Thiết kế giao diện trang tìm kiếm nâng cao',0,0,_binary '\0','','MAJOR','DONE','PRACTICE','56ecb8b8-6a8a-471a-826f-3a827025e524','3438c873-bc50-42c4-a598-1ed31761fe23','4527de36-9be4-4ba3-994d-f6276f6c67c0','c4389934-e970-4cab-9330-2d517122d28d','2025-03-01 14:00:00.000000'),('8b2dc7f2-e3a0-4a97-bd63-93f8320ca883','21130601',_binary '\0',NULL,'2025-08-03 10:53:23.044058',NULL,'2025-08-03 10:53:23.044058','21130601',1,NULL,'2025-05-09 17:00:00.000000',NULL,'2025-05-03 17:00:00.000000','Kiểm tra lỗi và sửa lỗi',0,0,_binary '','0','MINOR','TODO','PRACTICE','aece6254-3942-4a02-be99-782106eb4a52','6d7c2809-16b0-4200-99b7-ca3ce7ab72f7','cf1781cc-fd98-477f-8fb9-da0b45544521','248f987f-a6ca-401f-af4d-776eb16310c2','2025-01-31 19:01:39.000000'),('8bdb3631-b991-4895-baf2-16c5c70c8619','21130279',_binary '\0',NULL,'2025-07-30 04:28:39.030681',NULL,'2025-08-02 14:49:43.918490','21130279',1,NULL,'2025-04-22 17:31:13.000000',NULL,'2025-04-20 00:00:00.000000','Chuẩn bị demo giao diện tùy chỉnh sản phẩm & cộng đồng',0,0,_binary '\0','','MAJOR','DONE','PRACTICE','bbecaa3b-396a-4cfd-8fb5-908ceb80b212','89427d93-69a9-4187-baac-7a3105624b8b','e95ab128-0e4a-494b-bcd8-47bb5e0f6355','9000c302-d92f-436d-a59e-c1de271cbe87','2025-03-01 14:00:00.000000'),('8c0dcf3e-7be4-4aec-8028-4c17d6b6d6ab','21130335',_binary '\0',NULL,'2025-08-03 10:55:59.131197',NULL,'2025-08-03 10:55:59.131197','21130335',1,NULL,'2025-03-21 17:00:00.000000',NULL,'2025-03-15 17:00:00.000000','Nghiên cứu Abstract Factory Pattern',0,0,_binary '','0','MAJOR','TODO','THEORY','8525cbcd-87f7-4826-96d2-05ef5a536c9b','bdf5e58c-8905-4f18-afb3-d36945768d9f','654bfbae-b089-4f97-bcd6-e8183a3a0783','1d95edd7-9ceb-4e2c-af16-35735c0d39e8','2025-01-31 19:04:15.000000'),('8c663d43-3b98-410f-a5d0-bfb535a3b853','21130601',_binary '\0',NULL,'2025-08-03 10:53:22.977585',NULL,'2025-08-03 10:53:22.977585','21130601',0,NULL,'2025-05-02 17:00:00.000000',NULL,'2025-04-19 17:00:00.000000','Kiểm tra tính đúng đắn của các mẫu thiết kế',0,0,_binary '','0','MAJOR','TODO','PRACTICE','877fd8ab-c4ee-4109-812c-965f17c590f1','6d7c2809-16b0-4200-99b7-ca3ce7ab72f7','aece6254-3942-4a02-be99-782106eb4a52','fb4952a3-6fbb-416b-92b3-d13f835e0de6','2025-01-31 19:01:39.000000'),('8d583f5b-0a13-470b-9b84-ee77e5f9a3fd','21130359',_binary '\0',NULL,'2025-08-03 10:56:37.906845',NULL,'2025-08-03 10:56:37.906845','21130359',0,NULL,'2025-04-04 17:00:00.000000',NULL,'2025-03-29 17:00:00.000000','Thiết kế Template Method cho quy trình điểm danh',0,0,_binary '','0','MAJOR','TODO','PRACTICE','e8ce7209-bec9-428a-9548-239de2754237','a6154ca9-d3f9-4a18-a20a-e0da52601faa','4587115e-b26e-4761-8de8-41826f97d842','fca63275-f3b3-4839-b287-a8b7474dd393','2025-01-31 19:04:54.000000'),('8d6c4bdf-0520-430b-b1ab-8fddc354eae1','21130359',_binary '\0',NULL,'2025-08-03 10:56:37.956389',NULL,'2025-08-03 10:56:37.956389','21130359',0,NULL,'2025-04-18 17:00:00.000000',NULL,'2025-04-05 17:00:00.000000','Thiết kế cấu trúc MVC cho ứng dụng',0,0,_binary '','0','MAJOR','TODO','PRACTICE','e8ce7209-bec9-428a-9548-239de2754237','a6154ca9-d3f9-4a18-a20a-e0da52601faa','4587115e-b26e-4761-8de8-41826f97d842','07743875-1d87-4d81-8c5c-4e909871d8f0','2025-01-31 19:04:54.000000'),('8d8bb174-8a5d-43d1-a6ac-19022cf20130','21130335',_binary '\0',NULL,'2025-07-30 04:29:06.041895',NULL,'2025-08-02 11:06:11.621787','21130335',1,NULL,'2025-04-09 00:49:36.000000',NULL,'2025-04-06 00:00:00.000000','Thiết kế giao diện chọn ghế & thanh toán',0,0,_binary '\0','','MAJOR','DONE','PRACTICE','9ca7eb3e-24a0-4a16-9d24-82d86344ac7b','cfcba21d-966a-43b8-a1a8-9751e05ed7c5','654bfbae-b089-4f97-bcd6-e8183a3a0783','c4389934-e970-4cab-9330-2d517122d28d','2025-03-01 14:00:00.000000'),('8daff44a-10c1-408c-8a87-9b9d73e8cf92','20130224',_binary '\0',NULL,'2025-07-30 04:29:15.598550',NULL,'2025-08-02 14:49:17.592612','20130224',2,NULL,'2025-04-22 17:30:47.000000',NULL,'2025-04-20 00:00:00.000000','Chuẩn bị demo luồng đặt vé & quản lý sự kiện',0,0,_binary '\0','','MAJOR','DONE','PRACTICE','0ddff544-bc3b-420d-b503-312315fd770d','253ac332-b8e2-43a7-bbc7-d673ddabc733','bf4ca8d4-f8f2-406a-99cd-8e043a030a39','9000c302-d92f-436d-a59e-c1de271cbe87','2025-03-01 14:00:00.000000'),('8dba0e28-bcaf-46ab-bc8c-5987a93bc372','21130320',_binary '\0',NULL,'2025-08-03 10:52:11.365440',NULL,'2025-08-03 10:52:11.365440','21130320',0,NULL,'2025-03-21 17:00:00.000000',NULL,'2025-03-15 17:00:00.000000','Thiết kế Factory Method cho tạo loại sản phẩm',0,0,_binary '','0','MAJOR','TODO','PRACTICE','0efffdb4-b730-4f32-b930-79dddc45554a','5122db1f-5ad5-4c6a-baea-404608794939','29494edf-a498-48f4-85e1-e33775976468','1d95edd7-9ceb-4e2c-af16-35735c0d39e8','2025-01-31 19:00:27.000000'),('8dd42970-f9be-4f43-aae0-a63541db3006','21130320',_binary '\0',NULL,'2025-07-14 09:06:31.989417',NULL,'2025-07-14 09:14:10.926885','21130320',2,'<p><br></p>','2025-03-26 06:02:45.000000',NULL,'2025-03-22 17:00:00.000000','Tóm tắt kiến thức iterator',0,0,_binary '\0','','CRITICAL','TODO','THEORY','17194877-c523-475f-9bf6-e627293e916f','7d783967-3144-4c76-ae91-0bcb3ebab45b','0efffdb4-b730-4f32-b930-79dddc45554a','6a01e474-92f2-440e-9cc1-c1041de2e1be','2025-03-22 17:00:00.000000'),('8fd43c50-98db-430a-8383-d819d6efc377','21130451',_binary '\0',NULL,'2025-07-08 03:42:23.543376',NULL,'2025-07-29 03:50:29.023469','21130451',2,'<p>asdasdasd</p>',NULL,NULL,'2025-02-08 17:00:00.000000','Đối tượng sử dụng chính',1,0,_binary '','','CRITICAL','INPROCESS','THEORY','4527de36-9be4-4ba3-994d-f6276f6c67c0','8f109a77-484b-4f39-a076-6b2a44b8137a','56ecb8b8-6a8a-471a-826f-3a827025e524','565e13cb-7a4c-4f75-88f2-903a54ddc690','2025-02-08 17:00:00.000000'),('8ff830ee-99ec-4486-aa52-a6679e460372','21130320',_binary '\0',NULL,'2025-07-08 03:34:31.515282',NULL,'2025-07-28 14:40:13.566192','21130320',2,'<p>asdasdsadsad</p>','2025-02-28 17:00:00.000000',NULL,'2025-02-22 17:00:00.000000','Các chức năng cần thiết',1,0,_binary '','','CRITICAL','BACKLOG','THEORY','17194877-c523-475f-9bf6-e627293e916f','caf9e00b-e1c5-4b0f-9c49-2eac892a327e','0efffdb4-b730-4f32-b930-79dddc45554a',NULL,NULL),('90190d7b-42b4-43fb-a490-adeecbd478d6','20130224',_binary '\0',NULL,'2025-07-30 04:29:15.722958',NULL,'2025-08-03 03:29:48.193308','20130224',0,NULL,'2025-05-23 04:04:34.000000',NULL,'2025-05-18 00:00:00.000000','Hiện thực cách tính tiền cho đơn hàng vé sự kiện',0,0,_binary '\0','','CRITICAL','DONE','PRACTICE','bf4ca8d4-f8f2-406a-99cd-8e043a030a39','253ac332-b8e2-43a7-bbc7-d673ddabc733','0ddff544-bc3b-420d-b503-312315fd770d','55737e22-cac3-411e-96a1-b5b1a1488b61','2025-03-01 14:00:00.000000'),('901a0417-9a43-458d-bdf5-c75fa6528c26','21130363',_binary '\0',NULL,'2025-08-03 10:55:00.509038',NULL,'2025-08-03 10:55:00.509038','21130363',0,NULL,'2025-02-14 17:00:00.000000',NULL,'2025-02-08 17:00:00.000000','Xác định yêu cầu chức năng',0,0,_binary '','0','MAJOR','TODO','PRACTICE','d22a81b9-1297-4971-a5b1-2ea027e0fa8d','03ef89f3-394a-4447-ab47-2768e03ea221','f3ee7d4d-d82b-45d8-8c46-6756b1b6ea88','1b19a7f7-7e06-4a7c-a3a0-918eb14670bf','2025-01-31 19:03:16.000000'),('902558ef-4cae-4988-8d63-016347aee7cc','21130451',_binary '\0',NULL,'2025-07-09 06:35:35.340208',NULL,'2025-07-09 15:41:24.761691','21130451',1,'<p><br></p>','2025-03-13 05:15:27.000000',NULL,'2025-03-05 17:00:00.000000','Lựa chọn và triển khai mô hình Logistic Regression',0,0,_binary '\0','','CRITICAL','TODO','THEORY',NULL,'5090ec43-8787-4d26-8bc2-7c760a4d93ff',NULL,'50b47ab0-c2b8-4bfd-95bf-c35023aaf198','2025-03-05 17:00:00.000000'),('903dfac1-d29b-4a94-ad8e-b558f2c2aa86','21130359',_binary '\0',NULL,'2025-08-03 10:56:37.843953',NULL,'2025-08-03 10:56:37.843953','21130359',0,NULL,'2025-03-21 17:00:00.000000',NULL,'2025-03-15 17:00:00.000000','Ghi tài liệu Factory Method',0,0,_binary '','0','MINOR','TODO','THEORY','acef4982-efaf-450c-ba00-7f889d15ca49','a6154ca9-d3f9-4a18-a20a-e0da52601faa','e8ce7209-bec9-428a-9548-239de2754237','1d95edd7-9ceb-4e2c-af16-35735c0d39e8','2025-01-31 19:04:54.000000'),('9052563c-c842-4f16-9b8a-25d58bec5f45','21130359',_binary '\0',NULL,'2025-07-30 04:29:26.384378',NULL,'2025-08-03 01:01:55.731612','21130359',1,NULL,'2025-05-04 17:37:15.000000',NULL,'2025-05-04 00:00:00.000000','Hiện thực chức năng tìm kiếm & lọc sản phẩm chi tiết',0,0,_binary '\0','','MAJOR','DONE','PRACTICE','4587115e-b26e-4761-8de8-41826f97d842','a5bc1288-fe8b-41c1-8993-152dbe7cb3fa','e8ce7209-bec9-428a-9548-239de2754237','5b1751c1-f7f6-42f3-b556-2db391f9527a','2025-03-01 14:00:00.000000'),('90705e8d-4011-47dd-8c15-6284fb924232','21130451',_binary '\0',NULL,'2025-07-14 08:22:22.482801',NULL,'2025-07-14 08:38:34.885513','21130451',2,'<p>Phân tích</p>','2025-03-12 21:27:26.000000',NULL,'2025-03-08 17:00:00.000000','Ứng dụng làm chức năng thông báo trên JavaSwing với Singleton',2,0,_binary '\0','','CRITICAL','TODO','THEORY','56ecb8b8-6a8a-471a-826f-3a827025e524','eb2cff67-6672-4ad6-8b2f-829a547c2595','7cc9eb1e-b051-4fc4-9b5d-0dd423b9b723','8e395f10-31a4-4e06-b450-52d7c50da7e0','2025-03-08 17:00:00.000000'),('90ab7f21-308f-48c9-920e-b9c4fa065fad','21130359',_binary '\0',NULL,'2025-07-30 04:29:26.230269',NULL,'2025-08-02 07:08:38.095682','21130359',0,NULL,'2025-03-24 01:58:14.000000',NULL,'2025-03-23 00:00:00.000000','Thiết kế ERD cho tính năng đề xuất sản phẩm',0,0,_binary '\0','','CRITICAL','DONE','PRACTICE','acef4982-efaf-450c-ba00-7f889d15ca49','a5bc1288-fe8b-41c1-8993-152dbe7cb3fa','e8ce7209-bec9-428a-9548-239de2754237','d74cdee3-a4fc-44b4-bd90-1e53bec5cad1','2025-03-01 14:00:00.000000'),('91c34d72-1724-4302-8b77-e1adaee668c4','21130279',_binary '\0',NULL,'2025-07-30 04:28:39.177944',NULL,'2025-08-03 03:20:02.899189','21130279',1,NULL,'2025-05-21 11:54:53.000000',NULL,'2025-05-18 00:00:00.000000','Hiển thị lịch sử đơn hàng & thông tin theo dõi',0,0,_binary '\0','','MAJOR','DONE','PRACTICE','d48742db-1f1a-4bf1-aeef-1865a47b5d09','89427d93-69a9-4187-baac-7a3105624b8b','e95ab128-0e4a-494b-bcd8-47bb5e0f6355','55737e22-cac3-411e-96a1-b5b1a1488b61','2025-03-01 14:00:00.000000'),('91cbffc6-a542-4561-ba1c-3d7d9460405b','21130363',_binary '\0',NULL,'2025-07-30 04:26:37.456518',NULL,'2025-08-02 15:34:12.045366','21130363',0,NULL,'2025-04-27 17:28:01.000000',NULL,'2025-04-27 00:00:00.000000','Hiện thực module đăng ký/đăng nhập & vai trò',0,0,_binary '\0','','CRITICAL','DONE','PRACTICE','d1aca7d1-1754-4931-a600-e6d30953b632','80bc4a94-2ad4-44e8-bc20-8e76a44864e5','d22a81b9-1297-4971-a5b1-2ea027e0fa8d','02d28358-9e5a-4b65-9f56-bac4a0bffc34','2025-03-01 14:00:00.000000'),('9212b560-7470-4ab9-9f64-2549637466e0','21130359',_binary '\0',NULL,'2025-08-03 10:56:38.024365',NULL,'2025-08-03 10:56:38.024365','21130359',0,NULL,'2025-05-02 17:00:00.000000',NULL,'2025-04-19 17:00:00.000000','Kiểm tra tính đúng đắn của các mẫu thiết kế',0,0,_binary '','0','MAJOR','TODO','PRACTICE','4587115e-b26e-4761-8de8-41826f97d842','a6154ca9-d3f9-4a18-a20a-e0da52601faa','acef4982-efaf-450c-ba00-7f889d15ca49','fb4952a3-6fbb-416b-92b3-d13f835e0de6','2025-01-31 19:04:54.000000'),('921478b3-1c26-4fdf-a69d-e02c9986c6f0','21130335',_binary '\0',NULL,'2025-08-03 10:55:59.355458',NULL,'2025-08-03 10:55:59.355458','21130335',0,NULL,'2025-05-02 17:00:00.000000',NULL,'2025-04-19 17:00:00.000000','Cải thiện tài liệu kỹ thuật',0,0,_binary '','0','MINOR','TODO','THEORY','654bfbae-b089-4f97-bcd6-e8183a3a0783','bdf5e58c-8905-4f18-afb3-d36945768d9f','9ca7eb3e-24a0-4a16-9d24-82d86344ac7b','fb4952a3-6fbb-416b-92b3-d13f835e0de6','2025-01-31 19:04:15.000000'),('927f5275-d2d8-4b57-b330-968b22780d3a','21130320',_binary '\0',NULL,'2025-07-30 04:16:37.259627',NULL,'2025-08-03 01:30:46.740656','21130320',0,NULL,'2025-05-13 22:05:52.000000',NULL,'2025-05-11 00:00:00.000000','Lưu giỏ hàng trong session',0,0,_binary '\0','','MAJOR','DONE','PRACTICE','0efffdb4-b730-4f32-b930-79dddc45554a','dc9af886-7862-4815-9876-037e5440de12','29494edf-a498-48f4-85e1-e33775976468','8bace90b-9f85-46b3-9411-8e098ba21c6e','2025-03-01 14:00:00.000000'),('92a99f38-5a3f-4477-9226-92420bf6eb0d','21130335',_binary '\0',NULL,'2025-07-30 04:29:05.963726',NULL,'2025-08-02 05:05:52.359883','21130335',1,NULL,'2025-03-12 05:06:55.000000',NULL,'2025-03-09 00:00:00.000000','Xác định các yêu cầu về lịch chiếu & rạp',0,0,_binary '\0','','MAJOR','DONE','THEORY','9ca7eb3e-24a0-4a16-9d24-82d86344ac7b','cfcba21d-966a-43b8-a1a8-9751e05ed7c5','8525cbcd-87f7-4826-96d2-05ef5a536c9b','bbfddaeb-dea5-4178-b067-e0fa8812c338','2025-03-01 14:00:00.000000'),('92fd8254-b41a-4015-b450-4666c69c5e23','21130601',_binary '\0',NULL,'2025-07-08 03:56:16.287994',NULL,'2025-07-08 03:56:16.287994','21130601',0,'<p><br></p>','2025-04-11 17:00:00.000000',NULL,'2025-03-29 17:00:00.000000','Tích hợp đơn hàng',0,0,_binary '\0','0','CRITICAL','TODO','THEORY',NULL,'f5dbc1df-3827-4a90-b9fb-8e1e5736c8c9',NULL,'28e4b229-c075-444e-bb7e-b2f27a9fd103','2025-03-29 17:00:00.000000'),('9323588f-d4b5-4db5-ac35-b4dcd1dfee90','21130451',_binary '\0',NULL,'2025-08-03 10:53:13.206315',NULL,'2025-08-03 10:53:13.206315','21130451',0,NULL,'2025-05-09 17:00:00.000000',NULL,'2025-05-03 17:00:00.000000','Chuẩn bị bản demo ứng dụng',0,0,_binary '','0','MAJOR','TODO','PRACTICE','4527de36-9be4-4ba3-994d-f6276f6c67c0','29d9f886-4301-4881-8785-f773e8e9b3c7','56ecb8b8-6a8a-471a-826f-3a827025e524','248f987f-a6ca-401f-af4d-776eb16310c2','2025-01-31 19:01:29.000000'),('932f52f3-e1c3-48e6-ae93-3c487ed5eac5','22130001',_binary '\0',NULL,'2025-07-30 04:28:24.690407',NULL,'2025-08-02 10:55:14.456567','22130001',1,NULL,'2025-04-09 00:38:39.000000',NULL,'2025-04-06 00:00:00.000000','Thiết kế giao diện cho phần vật tư & hạt giống',0,0,_binary '\0','','MAJOR','DONE','PRACTICE',NULL,'f27d5a34-ecc1-4c32-8fd9-44615cbbed19',NULL,'c4389934-e970-4cab-9330-2d517122d28d','2025-03-01 14:00:00.000000'),('933e5098-acc6-4bdf-b1ae-0446a5cb2ed5','21130320',_binary '\0',NULL,'2025-07-14 05:54:48.988538',NULL,'2025-07-14 06:24:49.639822','21130320',2,'<p><br></p>','2025-02-10 17:16:35.000000',NULL,'2025-02-08 17:00:00.000000','Chọn đề tài',0,0,_binary '\0','','CRITICAL','TODO','THEORY','0efffdb4-b730-4f32-b930-79dddc45554a','7d783967-3144-4c76-ae91-0bcb3ebab45b','17194877-c523-475f-9bf6-e627293e916f','4bccc8ff-e9e3-43ec-b037-a2df9987185e','2025-02-08 17:00:00.000000'),('9393080c-f6cf-4ed1-913c-d463edebb448','21130320',_binary '\0',NULL,'2025-07-14 06:37:42.640332',NULL,'2025-07-14 06:41:44.560927','21130320',2,'<p><br></p>','2025-02-23 05:33:14.000000',NULL,'2025-02-15 17:00:00.000000','Nguyên tắc vẽ Class Diagram',0,0,_binary '\0','','CRITICAL','TODO','THEORY','17194877-c523-475f-9bf6-e627293e916f','7d783967-3144-4c76-ae91-0bcb3ebab45b','29494edf-a498-48f4-85e1-e33775976468','4af885f3-a68c-4204-8840-2a1c179222a4','2025-02-15 17:00:00.000000'),('942acdff-eb5b-4558-9fcf-a2380e764246','21130363',_binary '\0',NULL,'2025-08-03 10:55:00.825161',NULL,'2025-08-03 10:55:00.825161','21130363',0,NULL,'2025-04-18 17:00:00.000000',NULL,'2025-04-05 17:00:00.000000','Thiết kế cấu trúc MVC cho ứng dụng',0,0,_binary '','0','MAJOR','TODO','PRACTICE','f3ee7d4d-d82b-45d8-8c46-6756b1b6ea88','03ef89f3-394a-4447-ab47-2768e03ea221','d1aca7d1-1754-4931-a600-e6d30953b632','07743875-1d87-4d81-8c5c-4e909871d8f0','2025-01-31 19:03:17.000000'),('9438544a-5830-446a-b97d-d0ba68741c57','21130279',_binary '\0',NULL,'2025-07-30 04:28:39.043677',NULL,'2025-08-02 15:34:19.412596','21130279',0,NULL,'2025-04-27 17:28:09.000000',NULL,'2025-04-27 00:00:00.000000','Hiện thực module đăng ký/đăng nhập & vai trò người bán',0,0,_binary '\0','','CRITICAL','DONE','PRACTICE','bbecaa3b-396a-4cfd-8fb5-908ceb80b212','89427d93-69a9-4187-baac-7a3105624b8b','e95ab128-0e4a-494b-bcd8-47bb5e0f6355','02d28358-9e5a-4b65-9f56-bac4a0bffc34','2025-03-01 14:00:00.000000'),('94a7ef44-96a0-46f4-8f7d-e90200f81e1d','21130320',_binary '\0',NULL,'2025-07-14 08:24:28.359275',NULL,'2025-07-14 08:37:15.398936','21130320',2,'<p><br></p>','2025-03-12 21:26:06.000000',NULL,'2025-03-08 17:00:00.000000','Tóm tắt kiến thức Observer pattern',0,0,_binary '\0','','CRITICAL','TODO','THEORY','0efffdb4-b730-4f32-b930-79dddc45554a','7d783967-3144-4c76-ae91-0bcb3ebab45b','17194877-c523-475f-9bf6-e627293e916f','8e395f10-31a4-4e06-b450-52d7c50da7e0','2025-03-08 17:00:00.000000'),('94d52d39-74f0-4910-baab-8dc002ad2157','21130320',_binary '\0',NULL,'2025-07-07 13:49:31.327848',NULL,'2025-07-11 15:33:30.021107','21130320',0,'<p><br></p>','2025-02-24 11:50:13.000000',NULL,'2025-02-22 17:00:00.000000','Xây dựng Bankend Đăng nhập/Đăng ký',0,0,_binary '\0','','CRITICAL','TODO','THEORY','29494edf-a498-48f4-85e1-e33775976468','caf9e00b-e1c5-4b0f-9c49-2eac892a327e','0efffdb4-b730-4f32-b930-79dddc45554a','5d57fb7a-7aab-4264-a6cf-12fc55f5093d','2025-02-22 17:00:00.000000'),('9509da3d-28fc-4201-9b8f-b10a2c33a918','21130320',_binary '\0',NULL,'2025-07-14 06:37:29.109935',NULL,'2025-07-14 06:41:30.490505','21130320',2,'<p><br></p>','2025-02-23 05:33:00.000000',NULL,'2025-02-15 17:00:00.000000','Nguyễn tắc vẽ Usecase digram',0,0,_binary '\0','','CRITICAL','TODO','THEORY','0efffdb4-b730-4f32-b930-79dddc45554a','7d783967-3144-4c76-ae91-0bcb3ebab45b','0efffdb4-b730-4f32-b930-79dddc45554a','4af885f3-a68c-4204-8840-2a1c179222a4','2025-02-15 17:00:00.000000'),('95304650-ac88-4a30-a297-f8c16de7d073','20130224',_binary '\0',NULL,'2025-07-30 04:29:15.585556',NULL,'2025-08-02 14:49:15.439387','20130224',1,NULL,'2025-04-22 17:30:45.000000',NULL,'2025-04-20 00:00:00.000000','Chuẩn bị tài liệu báo cáo giữa kì',0,0,_binary '\0','','MAJOR','DONE','THEORY','0ddff544-bc3b-420d-b503-312315fd770d','253ac332-b8e2-43a7-bbc7-d673ddabc733','bf4ca8d4-f8f2-406a-99cd-8e043a030a39','9000c302-d92f-436d-a59e-c1de271cbe87','2025-03-01 14:00:00.000000'),('95b011d5-ea54-48d6-97d8-083456434d9a','21130320',_binary '\0',NULL,'2025-08-03 10:52:11.478949',NULL,'2025-08-03 10:52:11.478949','21130320',0,NULL,'2025-04-04 17:00:00.000000',NULL,'2025-03-29 17:00:00.000000','Thiết kế Template Method cho quy trình xử lý đơn hàng',0,0,_binary '','0','MAJOR','TODO','PRACTICE','0efffdb4-b730-4f32-b930-79dddc45554a','5122db1f-5ad5-4c6a-baea-404608794939','29494edf-a498-48f4-85e1-e33775976468','fca63275-f3b3-4839-b287-a8b7474dd393','2025-01-31 19:00:27.000000'),('961254ac-bc64-49e8-8b65-e93b3e20aa68','21130320',_binary '\0',NULL,'2025-07-30 04:16:37.375856',NULL,'2025-08-03 04:29:09.662094','21130320',0,NULL,'2025-06-01 12:23:36.000000',NULL,'2025-06-01 00:00:00.000000','Chuẩn bị tài liệu hướng dẫn sử dụng',0,0,_binary '\0','','MAJOR','DONE','THEORY','0efffdb4-b730-4f32-b930-79dddc45554a','dc9af886-7862-4815-9876-037e5440de12','29494edf-a498-48f4-85e1-e33775976468','14d6b9c2-92f2-4ebb-8ef6-fa89a0233449','2025-03-01 14:00:00.000000'),('961ce8b2-16ac-45ad-9f1f-246694b6c18a','21130335',_binary '\0',NULL,'2025-08-03 10:55:58.927066',NULL,'2025-08-03 10:55:58.927066','21130335',1,NULL,'2025-02-14 17:00:00.000000',NULL,'2025-02-08 17:00:00.000000','Chọn đề tài và ngôn ngữ',0,0,_binary '','0','MAJOR','TODO','THEORY','8525cbcd-87f7-4826-96d2-05ef5a536c9b','bdf5e58c-8905-4f18-afb3-d36945768d9f','654bfbae-b089-4f97-bcd6-e8183a3a0783','1b19a7f7-7e06-4a7c-a3a0-918eb14670bf','2025-01-31 19:04:15.000000'),('962fcc14-a3f0-49eb-8544-04222bd3d536','21130451',_binary '\0',NULL,'2025-07-09 06:35:23.682820',NULL,'2025-07-09 16:10:33.014817','21130451',1,'<p><br></p>','2025-04-18 17:00:00.000000',NULL,'2025-04-04 17:00:00.000000','Ghi nhận ưu/nhược điểm',0,0,_binary '\0','','CRITICAL','TODO','THEORY','4527de36-9be4-4ba3-994d-f6276f6c67c0','5090ec43-8787-4d26-8bc2-7c760a4d93ff','56ecb8b8-6a8a-471a-826f-3a827025e524','2fec7291-d7dd-4835-853f-f3d8453487eb','2025-04-04 17:00:00.000000'),('964bbb90-d087-46f2-95b8-b0554c985fef','21130320',_binary '\0',NULL,'2025-07-14 08:52:56.566327',NULL,'2025-07-14 08:55:36.051714','21130320',2,'<p><br></p>','2025-03-16 05:44:22.000000',NULL,'2025-03-15 17:00:00.000000','Ứng dụng Factory Method',0,0,_binary '\0','','CRITICAL','TODO','THEORY','0efffdb4-b730-4f32-b930-79dddc45554a','7d783967-3144-4c76-ae91-0bcb3ebab45b','17194877-c523-475f-9bf6-e627293e916f','dd34ecaf-9783-4b03-b211-edc72a3e5f31','2025-03-15 17:00:00.000000'),('96b59434-aacd-4eb9-97b5-6cbb49ab7c67','22130001',_binary '\0',NULL,'2025-07-30 04:28:24.664702',NULL,'2025-08-02 08:57:42.728401','22130001',2,NULL,'2025-03-25 17:16:38.000000',NULL,'2025-03-23 00:00:00.000000','Chuẩn hóa CSDL và tối ưu truy vấn ban đầu',0,0,_binary '\0','','MAJOR','DONE','THEORY','c94c51f9-dbd5-4c78-b857-46f2592d1fe1','f27d5a34-ecc1-4c32-8fd9-44615cbbed19','1e999da3-163f-4a7c-84cd-2678f6ca565d','d74cdee3-a4fc-44b4-bd90-1e53bec5cad1','2025-03-01 14:00:00.000000'),('96e03e6f-b3f1-432f-9745-9c40cfc9874b','21130335',_binary '\0',NULL,'2025-08-03 10:55:59.321380',NULL,'2025-08-03 10:55:59.321380','21130335',0,NULL,'2025-05-02 17:00:00.000000',NULL,'2025-04-19 17:00:00.000000','Tối ưu hóa mã nguồn các mẫu đã dùng',0,0,_binary '','0','MAJOR','TODO','PRACTICE','9ca7eb3e-24a0-4a16-9d24-82d86344ac7b','bdf5e58c-8905-4f18-afb3-d36945768d9f','8525cbcd-87f7-4826-96d2-05ef5a536c9b','fb4952a3-6fbb-416b-92b3-d13f835e0de6','2025-01-31 19:04:15.000000'),('971369f6-cdec-4e06-b4de-2e762d270862','21130371',_binary '\0',NULL,'2025-07-30 04:29:45.022650',NULL,'2025-08-02 15:39:29.275670','21130371',1,NULL,'2025-05-03 00:00:00.000000',NULL,'2025-04-27 00:00:00.000000','Xây dựng phân quyền cơ bản',0,0,_binary '','','MAJOR','REVIEW','PRACTICE','b5090bc3-59bb-4aa5-968c-8ea52e045d9d','d909ec23-e3b8-473c-8b53-b0dd10e5cb4a','e8940cd9-c8f9-4bd8-97b6-be4f7b8536e7','02d28358-9e5a-4b65-9f56-bac4a0bffc34','2025-03-01 14:00:00.000000'),('97908154-d456-4745-bd1a-69cf5f125549','21130451',_binary '\0',NULL,'2025-07-14 08:46:10.595384',NULL,'2025-07-14 08:55:44.279351','21130451',2,'<p>Ứng dụng</p>','2025-03-16 05:44:31.000000',NULL,'2025-03-15 17:00:00.000000','Ứng dụng Abstract Factory',0,0,_binary '\0','','CRITICAL','TODO','PRACTICE','56ecb8b8-6a8a-471a-826f-3a827025e524','eb2cff67-6672-4ad6-8b2f-829a547c2595','4527de36-9be4-4ba3-994d-f6276f6c67c0','dd34ecaf-9783-4b03-b211-edc72a3e5f31','2025-03-15 17:00:00.000000'),('98237b60-1ef2-427f-a9f7-b27e88995b7b','21130279',_binary '\0',NULL,'2025-07-30 04:28:39.151396',NULL,'2025-08-03 01:32:39.997530','21130279',1,NULL,'2025-05-13 22:07:45.000000',NULL,'2025-05-11 00:00:00.000000','Xử lý các tùy chọn sản phẩm trong giỏ hàng',0,0,_binary '\0','','MAJOR','DONE','PRACTICE','d48742db-1f1a-4bf1-aeef-1865a47b5d09','89427d93-69a9-4187-baac-7a3105624b8b','e95ab128-0e4a-494b-bcd8-47bb5e0f6355','8bace90b-9f85-46b3-9411-8e098ba21c6e','2025-03-01 14:00:00.000000'),('9875eb8f-d632-4933-b2a4-00a8b3f08b08','21130320',_binary '\0',NULL,'2025-07-07 01:29:53.350305',NULL,'2025-07-11 15:22:30.714895','21130320',0,'<ol><li data-list=\"bullet\"><span class=\"ql-ui\" contenteditable=\"false\"></span>Routes</li><li data-list=\"bullet\"><span class=\"ql-ui\" contenteditable=\"false\"></span>Dispatcher</li><li data-list=\"bullet\"><span class=\"ql-ui\" contenteditable=\"false\"></span>Filter</li><li data-list=\"bullet\"><span class=\"ql-ui\" contenteditable=\"false\"></span>Model Attribute</li></ol>','2025-02-16 23:39:24.000000',NULL,'2025-02-15 17:00:00.000000','Tìm hiểu về Java Servlet',0,0,_binary '\0','','CRITICAL','TODO','THEORY','0efffdb4-b730-4f32-b930-79dddc45554a','caf9e00b-e1c5-4b0f-9c49-2eac892a327e','17194877-c523-475f-9bf6-e627293e916f','de1a9928-7d90-4b22-9f2c-1c1977a9b1d3','2025-02-15 17:00:00.000000'),('988fbe92-cd6e-49d8-bd60-5a5abcb3181a','21130601',_binary '\0',NULL,'2025-07-08 03:56:16.187508',NULL,'2025-07-08 03:56:16.187508','21130601',0,'<p><br></p>','2025-03-28 17:00:00.000000',NULL,'2025-03-22 17:00:00.000000','Tạo UI mã giảm giá',0,0,_binary '\0','0','CRITICAL','TODO','THEORY',NULL,'f5dbc1df-3827-4a90-b9fb-8e1e5736c8c9',NULL,'0e1c0884-cd4f-4efe-85cf-ed3d6c1fce8d','2025-03-22 17:00:00.000000'),('98f41f87-c6d5-4010-bd52-fa4284a96c41','21130335',_binary '\0',NULL,'2025-07-30 04:29:05.977297',NULL,'2025-08-02 05:13:46.301147','21130335',1,NULL,'2025-03-14 17:14:44.000000',NULL,'2025-03-09 00:00:00.000000','Lập kế hoạch dự án và phân công nhiệm vụ',0,0,_binary '\0','','MAJOR','DONE','THEORY','654bfbae-b089-4f97-bcd6-e8183a3a0783','cfcba21d-966a-43b8-a1a8-9751e05ed7c5','8525cbcd-87f7-4826-96d2-05ef5a536c9b','bbfddaeb-dea5-4178-b067-e0fa8812c338','2025-03-01 14:00:00.000000'),('99025d26-f0ba-4abb-b773-0365276f4eee','21130320',_binary '\0',NULL,'2025-07-24 01:26:04.108222',NULL,'2025-07-24 01:26:04.108222','21130320',2,'<p><br></p>','2025-02-23 17:00:00.000000',NULL,'2025-02-16 17:00:00.000000','Xử dụng các kỹ thuật tổng hơp đặc trưng',0,0,_binary '','0','CRITICAL','TODO','THEORY','29494edf-a498-48f4-85e1-e33775976468','09a3fd3d-110c-4021-b4f2-13e32f43e261','17194877-c523-475f-9bf6-e627293e916f','bc3884ae-e246-4001-857c-b2ddd16ec442','2025-02-08 17:02:50.000000'),('994e3a16-a7b7-4e92-b6e5-d4b998f122da','21130320',_binary '\0',NULL,'2025-08-03 10:52:11.515783',NULL,'2025-08-03 10:52:11.515783','21130320',0,NULL,'2025-04-04 17:00:00.000000',NULL,'2025-03-29 17:00:00.000000','Ghi tài liệu Template Method và Visitor',0,0,_binary '','0','MINOR','TODO','THEORY','17194877-c523-475f-9bf6-e627293e916f','5122db1f-5ad5-4c6a-baea-404608794939','0efffdb4-b730-4f32-b930-79dddc45554a','fca63275-f3b3-4839-b287-a8b7474dd393','2025-01-31 19:00:27.000000'),('99a03015-d91a-4c71-9af1-d18f3316a944','22130001',_binary '\0',NULL,'2025-08-03 10:55:33.549706',NULL,'2025-08-03 10:55:33.549706','22130001',0,NULL,'2025-02-28 17:00:00.000000',NULL,'2025-02-15 17:00:00.000000','Hiện thực lớp Contact và PhoneNumber',0,0,_binary '','0','MAJOR','TODO','PRACTICE','a06e6810-6edc-4b00-ae0e-5883eea883b0','66436f4d-8245-433d-a9d2-d0eb03a6a47b','1e999da3-163f-4a7c-84cd-2678f6ca565d','49dd8be6-7191-430b-acae-501c1bee2770','2025-01-31 19:03:50.000000'),('99b21eec-0d01-4677-92c7-3452b5b1b412','21130363',_binary '\0',NULL,'2025-07-30 04:26:37.526364',NULL,'2025-08-03 00:57:34.095167','21130363',1,NULL,'2025-05-04 17:32:53.000000',NULL,'2025-05-04 00:00:00.000000','Xây dựng trang món ăn bán chạy/phổ biến',0,0,_binary '\0','','MAJOR','DONE','PRACTICE','d22a81b9-1297-4971-a5b1-2ea027e0fa8d','80bc4a94-2ad4-44e8-bc20-8e76a44864e5','f3ee7d4d-d82b-45d8-8c46-6756b1b6ea88','5b1751c1-f7f6-42f3-b556-2db391f9527a','2025-03-01 14:00:00.000000'),('99c031ab-61f6-40aa-94f8-ee511733c0f3','21130320',_binary '\0',NULL,'2025-07-30 04:16:37.079371',NULL,'2025-08-02 10:29:45.818700','21130320',0,NULL,'2025-04-07 05:59:53.000000',NULL,'2025-04-06 00:00:00.000000','Thiết kế giao diện trang chủ',0,0,_binary '\0','','MAJOR','DONE','PRACTICE','0efffdb4-b730-4f32-b930-79dddc45554a','dc9af886-7862-4815-9876-037e5440de12','29494edf-a498-48f4-85e1-e33775976468','c4389934-e970-4cab-9330-2d517122d28d','2025-03-01 14:00:00.000000'),('9a602de5-4957-47d9-8646-2e29a2ac7f6c','21130451',_binary '\0',NULL,'2025-07-08 03:42:23.723481',NULL,'2025-07-29 03:49:58.837830','21130451',2,'<p>asdsadsadadsad</p>',NULL,NULL,'2025-02-08 17:00:00.000000','Bảo quản sản phẩm',1,0,_binary '','','CRITICAL','REVIEW','THEORY','4527de36-9be4-4ba3-994d-f6276f6c67c0','8f109a77-484b-4f39-a076-6b2a44b8137a','56ecb8b8-6a8a-471a-826f-3a827025e524','565e13cb-7a4c-4f75-88f2-903a54ddc690','2025-02-08 17:00:00.000000'),('9a6db468-60b9-401e-b348-8ea68ebbe3ab','21130451',_binary '\0',NULL,'2025-07-14 05:54:17.999018',NULL,'2025-07-14 06:24:56.819176','21130451',2,'<p><br></p>','2025-02-10 17:16:43.000000',NULL,'2025-02-08 17:00:00.000000','Chọn đề tài',0,0,_binary '\0','','CRITICAL','TODO','THEORY','4527de36-9be4-4ba3-994d-f6276f6c67c0','eb2cff67-6672-4ad6-8b2f-829a547c2595','56ecb8b8-6a8a-471a-826f-3a827025e524','4bccc8ff-e9e3-43ec-b037-a2df9987185e','2025-02-08 17:00:00.000000'),('9ac5b911-563b-42c9-a63e-8fe0aa8ebe27','21130451',_binary '\0',NULL,'2025-07-09 06:34:56.066296',NULL,'2025-07-09 15:28:30.857284','21130451',1,'<p><br></p>','2025-02-26 05:04:10.000000',NULL,'2025-02-18 17:00:00.000000','Tiến hành thống kê dữ liệu gốc',0,0,_binary '\0','','CRITICAL','TODO','THEORY','4527de36-9be4-4ba3-994d-f6276f6c67c0','5090ec43-8787-4d26-8bc2-7c760a4d93ff','56ecb8b8-6a8a-471a-826f-3a827025e524','94b4cde8-df2d-4241-a80a-d79fffaafd45','2025-02-18 17:00:00.000000'),('9b24f79c-55ff-42b8-a528-9a95d61098c3','21130601',_binary '\0',NULL,'2025-07-08 03:56:16.076859',NULL,'2025-07-08 03:56:16.076859','21130601',0,'<p><br></p>','2025-04-11 17:00:00.000000',NULL,'2025-03-29 17:00:00.000000','Tạo Api đơn hàng và thành toán',0,0,_binary '\0','0','CRITICAL','TODO','THEORY',NULL,'f5dbc1df-3827-4a90-b9fb-8e1e5736c8c9',NULL,'28e4b229-c075-444e-bb7e-b2f27a9fd103','2025-03-29 17:00:00.000000'),('9b445125-43fd-42c6-b945-af3a1f040c1f','21130451',_binary '\0',NULL,'2025-07-08 03:42:23.787698',NULL,'2025-07-11 15:33:32.280114','21130451',0,'<p><br></p>','2025-02-24 11:50:16.000000',NULL,'2025-02-22 17:00:00.000000','Xây dựng UI đăng nhập/Đăng ký',0,0,_binary '\0','','CRITICAL','TODO','THEORY','56ecb8b8-6a8a-471a-826f-3a827025e524','8f109a77-484b-4f39-a076-6b2a44b8137a','4527de36-9be4-4ba3-994d-f6276f6c67c0','5d57fb7a-7aab-4264-a6cf-12fc55f5093d','2025-02-22 17:00:00.000000'),('9beecb51-b8d9-4fde-9c9f-41cd83d06a90','21130320',_binary '\0',NULL,'2025-07-09 06:09:40.992955',NULL,'2025-07-09 15:41:16.395725','21130320',0,'<p><br></p>','2025-03-13 05:15:19.000000',NULL,'2025-03-05 17:00:00.000000','Lựa chọn và triển khai mô hình SVM',0,0,_binary '\0','','CRITICAL','TODO','THEORY','17194877-c523-475f-9bf6-e627293e916f','66fb3db5-3f1f-41b6-9ee9-c7c01a801de8','29494edf-a498-48f4-85e1-e33775976468','50b47ab0-c2b8-4bfd-95bf-c35023aaf198','2025-03-05 17:00:00.000000'),('9c05c487-bb80-4a08-83c7-14e6afb82e30','21130359',_binary '\0',NULL,'2025-07-30 04:29:26.290974',NULL,'2025-08-02 11:12:20.412132','21130359',2,NULL,'2025-04-12 08:55:38.000000',NULL,'2025-04-06 00:00:00.000000','Thiết kế giao diện bộ lọc nâng cao',0,0,_binary '\0','','MAJOR','DONE','PRACTICE','acef4982-efaf-450c-ba00-7f889d15ca49','a5bc1288-fe8b-41c1-8993-152dbe7cb3fa','e8ce7209-bec9-428a-9548-239de2754237','c4389934-e970-4cab-9330-2d517122d28d','2025-03-01 14:00:00.000000'),('9cacb3bc-a1fd-4246-a20f-383cecfce1a8','20130224',_binary '\0',NULL,'2025-08-03 10:56:23.796603',NULL,'2025-08-03 10:56:23.796603','20130224',0,NULL,'2025-03-07 17:00:00.000000',NULL,'2025-03-01 17:00:00.000000','Ghi tài liệu về Strategy Pattern',0,0,_binary '','0','MINOR','TODO','THEORY','bf4ca8d4-f8f2-406a-99cd-8e043a030a39','97d36d58-6a95-44ba-9e9c-d9850208de3f','0ddff544-bc3b-420d-b503-312315fd770d','542b89e4-501f-418c-8e43-890f945e847a','2025-01-31 19:04:40.000000'),('9cb95a37-44bd-47d5-8656-61765e5c8a98','21130279',_binary '\0',NULL,'2025-08-03 10:55:50.495042',NULL,'2025-08-03 10:55:50.495042','21130279',0,NULL,'2025-05-02 17:00:00.000000',NULL,'2025-04-19 17:00:00.000000','Cải thiện tài liệu kỹ thuật',0,0,_binary '','0','MINOR','TODO','THEORY','bbecaa3b-396a-4cfd-8fb5-908ceb80b212','e18c1088-2d20-400c-81bf-6eaca20ede2e','e95ab128-0e4a-494b-bcd8-47bb5e0f6355','fb4952a3-6fbb-416b-92b3-d13f835e0de6','2025-01-31 19:04:06.000000'),('9cdc86df-19a2-4354-bf9f-b96802674dd2','21130279',_binary '\0',NULL,'2025-07-30 04:28:38.909205',NULL,'2025-08-02 05:13:42.903427','21130279',1,NULL,'2025-03-14 17:14:41.000000',NULL,'2025-03-09 00:00:00.000000','Nghiên cứu tính năng tùy chỉnh sản phẩm & cộng đồng',0,0,_binary '\0','','MAJOR','DONE','THEORY','e95ab128-0e4a-494b-bcd8-47bb5e0f6355','89427d93-69a9-4187-baac-7a3105624b8b','bbecaa3b-396a-4cfd-8fb5-908ceb80b212','bbfddaeb-dea5-4178-b067-e0fa8812c338','2025-03-01 14:00:00.000000'),('9eb14510-1041-4dae-ae23-1600226144f5','21130451',_binary '\0',NULL,'2025-07-09 06:34:30.425707',NULL,'2025-07-09 15:06:25.546554','21130451',1,'<p><br></p>','2025-02-14 19:58:26.000000',NULL,'2025-02-09 17:00:00.000000','Tìm hiểu các mô hình phù hợp với đề tài',0,0,_binary '\0','','CRITICAL','TODO','THEORY','4527de36-9be4-4ba3-994d-f6276f6c67c0','5090ec43-8787-4d26-8bc2-7c760a4d93ff','56ecb8b8-6a8a-471a-826f-3a827025e524','ed56cfbc-3019-48c5-9109-e97c30d0e4f5','2025-02-09 17:00:00.000000'),('9edf39e0-c78d-4d80-9f2e-2d49e3a40f8b','21130601',_binary '\0',NULL,'2025-07-30 04:18:36.004160',NULL,'2025-08-02 15:39:11.667083','21130601',0,NULL,'2025-04-27 17:33:01.000000',NULL,'2025-04-27 00:00:00.000000','Ứng dụng Session cho người dùng',0,0,_binary '\0','','MAJOR','DONE','PRACTICE','877fd8ab-c4ee-4109-812c-965f17c590f1','a8eb1192-3e81-42e8-9f69-8483736af936','cf1781cc-fd98-477f-8fb9-da0b45544521','02d28358-9e5a-4b65-9f56-bac4a0bffc34','2025-03-01 14:00:00.000000'),('9f5645cb-2b14-48a4-a66f-44b3e81e75ec','21130320',_binary '\0',NULL,'2025-07-09 06:07:16.048372',NULL,'2025-07-09 15:28:44.926939','21130320',0,'<p><br></p>','2025-02-26 05:04:24.000000',NULL,'2025-02-18 17:00:00.000000','Viết báo cáo dữ liệu',0,0,_binary '\0','','CRITICAL','TODO','THEORY','0efffdb4-b730-4f32-b930-79dddc45554a','66fb3db5-3f1f-41b6-9ee9-c7c01a801de8','29494edf-a498-48f4-85e1-e33775976468','94b4cde8-df2d-4241-a80a-d79fffaafd45','2025-02-18 17:00:00.000000'),('9fcdc943-beed-4bab-8018-caafdde46958','21130371',_binary '\0',NULL,'2025-07-30 04:29:45.188666',NULL,'2025-08-03 04:37:52.099539','21130371',1,NULL,'2025-06-04 00:32:13.000000',NULL,'2025-06-01 00:00:00.000000','Chuẩn bị tài liệu hướng dẫn sử dụng & quản trị',0,0,_binary '\0','','MAJOR','DONE','THEORY','4d5f6b20-6bc0-4671-b683-904e880509d8','d909ec23-e3b8-473c-8b53-b0dd10e5cb4a','e8940cd9-c8f9-4bd8-97b6-be4f7b8536e7','14d6b9c2-92f2-4ebb-8ef6-fa89a0233449','2025-03-01 14:00:00.000000'),('9fe0c80b-b72a-4114-bda5-b15dfc506ed7','21130371',_binary '\0',NULL,'2025-08-03 10:56:48.059220',NULL,'2025-08-03 10:56:48.059220','21130371',0,NULL,'2025-04-04 17:00:00.000000',NULL,'2025-03-29 17:00:00.000000','Ghi tài liệu Template Method và Visitor',0,0,_binary '','0','MINOR','TODO','THEORY','4d5f6b20-6bc0-4671-b683-904e880509d8','6cc2afa7-7786-4f77-9e9b-e5e3d3abbda7','b5090bc3-59bb-4aa5-968c-8ea52e045d9d','fca63275-f3b3-4839-b287-a8b7474dd393','2025-01-31 19:05:04.000000'),('a0177275-780b-4406-8a06-bbe540b89557','21130335',_binary '\0',NULL,'2025-08-03 10:55:58.963326',NULL,'2025-08-03 10:55:58.963326','21130335',0,NULL,'2025-02-14 17:00:00.000000',NULL,'2025-02-08 17:00:00.000000','Lên kế hoạch dự án ban đầu',0,0,_binary '','0','MINOR','TODO','THEORY','9ca7eb3e-24a0-4a16-9d24-82d86344ac7b','bdf5e58c-8905-4f18-afb3-d36945768d9f','8525cbcd-87f7-4826-96d2-05ef5a536c9b','1b19a7f7-7e06-4a7c-a3a0-918eb14670bf','2025-01-31 19:04:15.000000'),('a019c804-b4b0-48f9-9c7e-8e0fff35b5e8','21130451',_binary '\0',NULL,'2025-07-08 03:42:23.761870',NULL,'2025-07-11 15:46:21.699074','21130451',0,'<p><br></p>','2025-03-01 18:42:58.000000',NULL,'2025-03-01 17:00:00.000000','Tạo data mẫu cho sản phẩm',0,0,_binary '\0','','CRITICAL','TODO','THEORY',NULL,'8f109a77-484b-4f39-a076-6b2a44b8137a',NULL,'018a1ba5-dda1-4179-b73e-176e6693a371','2025-03-01 17:00:00.000000'),('a0460d0c-52a7-41bc-8892-056a4dfdb09f','21130451',_binary '\0',NULL,'2025-07-08 03:42:23.751356',NULL,'2025-07-11 16:50:34.320602','21130451',0,'<p><br></p>',NULL,NULL,'2025-03-22 17:00:00.000000','Tạo UI mã giảm giá',0,0,_binary '','','CRITICAL','BACKLOG','THEORY','7cc9eb1e-b051-4fc4-9b5d-0dd423b9b723','8f109a77-484b-4f39-a076-6b2a44b8137a','4527de36-9be4-4ba3-994d-f6276f6c67c0','0e1c0884-cd4f-4efe-85cf-ed3d6c1fce8d',NULL),('a08b838a-ff67-4ba5-a269-74526b8792d9','21130451',_binary '\0',NULL,'2025-07-09 06:35:31.443402',NULL,'2025-07-09 16:10:35.184344','21130451',1,'<p><br></p>','2025-04-08 03:57:23.000000',NULL,'2025-04-04 17:00:00.000000','Đánh giá mô hình',0,0,_binary '\0','','CRITICAL','TODO','THEORY','56ecb8b8-6a8a-471a-826f-3a827025e524','5090ec43-8787-4d26-8bc2-7c760a4d93ff','4527de36-9be4-4ba3-994d-f6276f6c67c0','2fec7291-d7dd-4835-853f-f3d8453487eb','2025-04-04 17:00:00.000000'),('a0cafb83-6775-4dc7-8d35-1285bba93869','20130224',_binary '\0',NULL,'2025-07-30 04:29:15.710209',NULL,'2025-08-03 01:14:18.078028','20130224',1,NULL,'2025-05-12 05:49:26.000000',NULL,'2025-05-11 00:00:00.000000','Xử lý giỏ hàng tạm thời cho vé sự kiện',0,1,_binary '\0','','CRITICAL','DONE','PRACTICE','0ddff544-bc3b-420d-b503-312315fd770d','253ac332-b8e2-43a7-bbc7-d673ddabc733','bf4ca8d4-f8f2-406a-99cd-8e043a030a39','8bace90b-9f85-46b3-9411-8e098ba21c6e','2025-03-01 14:00:00.000000'),('a10adb48-a933-4152-bf68-e0bb105709f2','21130371',_binary '\0',NULL,'2025-08-03 10:56:47.794485',NULL,'2025-08-03 10:56:47.794485','21130371',0,NULL,'2025-02-28 17:00:00.000000',NULL,'2025-02-15 17:00:00.000000','Hiện thực lớp Food và Beverage',0,0,_binary '','0','MAJOR','TODO','PRACTICE','b5090bc3-59bb-4aa5-968c-8ea52e045d9d','6cc2afa7-7786-4f77-9e9b-e5e3d3abbda7','e8940cd9-c8f9-4bd8-97b6-be4f7b8536e7','49dd8be6-7191-430b-acae-501c1bee2770','2025-01-31 19:05:04.000000'),('a1874057-bf7e-490e-a1ef-d51404f80379','21130451',_binary '\0',NULL,'2025-07-30 04:17:29.833209',NULL,'2025-08-03 01:31:24.914272','21130451',1,NULL,'2025-05-13 22:06:30.000000',NULL,'2025-05-11 00:00:00.000000','Phân biệt các phiên bản sách trong giỏ hàng',0,0,_binary '\0','','MAJOR','DONE','PRACTICE','56ecb8b8-6a8a-471a-826f-3a827025e524','3438c873-bc50-42c4-a598-1ed31761fe23','7cc9eb1e-b051-4fc4-9b5d-0dd423b9b723','8bace90b-9f85-46b3-9411-8e098ba21c6e','2025-03-01 14:00:00.000000'),('a1a50eb0-f127-480c-a7cb-5e9a2dbae737','21130335',_binary '\0',NULL,'2025-08-03 10:55:59.387962',NULL,'2025-08-03 10:55:59.387962','21130335',0,NULL,'2025-05-09 17:00:00.000000',NULL,'2025-05-03 17:00:00.000000','Chuẩn bị bản demo ứng dụng',0,0,_binary '','0','MAJOR','TODO','PRACTICE','8525cbcd-87f7-4826-96d2-05ef5a536c9b','bdf5e58c-8905-4f18-afb3-d36945768d9f','654bfbae-b089-4f97-bcd6-e8183a3a0783','248f987f-a6ca-401f-af4d-776eb16310c2','2025-01-31 19:04:15.000000'),('a1f8d374-1be4-44f2-8413-9c3910d8b065','21130451',_binary '\0',NULL,'2025-07-30 04:17:29.574858',NULL,'2025-08-02 08:56:33.908134','21130451',0,NULL,'2025-03-25 17:15:30.000000',NULL,'2025-03-23 00:00:00.000000','Thiết kế ERD cho danh mục sách & tác giả',0,0,_binary '\0','','CRITICAL','DONE','PRACTICE','4527de36-9be4-4ba3-994d-f6276f6c67c0','3438c873-bc50-42c4-a598-1ed31761fe23','7cc9eb1e-b051-4fc4-9b5d-0dd423b9b723','d74cdee3-a4fc-44b4-bd90-1e53bec5cad1','2025-03-01 14:00:00.000000'),('a2179625-201c-4609-b100-bba21314ba82','21130320',_binary '\0',NULL,'2025-08-03 10:52:11.309161',NULL,'2025-08-03 10:52:11.309161','21130320',0,NULL,'2025-03-14 17:00:00.000000',NULL,'2025-03-08 17:00:00.000000','Hiện thực Singleton Pattern cho quản lý cấu hình',0,0,_binary '','0','MAJOR','TODO','PRACTICE','0efffdb4-b730-4f32-b930-79dddc45554a','5122db1f-5ad5-4c6a-baea-404608794939','29494edf-a498-48f4-85e1-e33775976468','00bf93d6-7893-481b-b3a6-7536a788f22d','2025-01-31 19:00:27.000000'),('a24392ac-3ec5-4ee9-9db1-ac99680a5477','21130451',_binary '\0',NULL,'2025-07-14 09:04:43.019282',NULL,'2025-07-14 09:17:00.326787','21130451',2,'<p>âaaaa</p>','2025-03-26 06:05:34.000000',NULL,'2025-03-22 17:00:00.000000','Tóm tắt iterator pattern',0,0,_binary '\0','','CRITICAL','TODO','THEORY','7cc9eb1e-b051-4fc4-9b5d-0dd423b9b723','eb2cff67-6672-4ad6-8b2f-829a547c2595','4527de36-9be4-4ba3-994d-f6276f6c67c0','6a01e474-92f2-440e-9cc1-c1041de2e1be','2025-03-22 17:00:00.000000'),('a2648b08-d64a-4b8b-93ff-1239c7c5dbb9','21130320',_binary '\0',NULL,'2025-07-14 07:50:50.074280',NULL,'2025-07-18 05:23:06.594314','21130320',2,'<p><br></p>',NULL,NULL,'2025-03-01 17:00:00.000000','Ứng dụng vào chức năng chuyển đổi đơn vị',0,0,_binary '\0','','CRITICAL','TODO','THEORY',NULL,'7d783967-3144-4c76-ae91-0bcb3ebab45b',NULL,'f19b6b33-be76-4d2b-b85d-dbd4caf3da1d','2025-03-01 17:00:00.000000'),('a2cb965f-c612-49d9-a99e-4489db4abd4e','21130363',_binary '\0',NULL,'2025-08-03 10:55:00.891994',NULL,'2025-08-03 10:55:00.891994','21130363',0,NULL,'2025-05-02 17:00:00.000000',NULL,'2025-04-19 17:00:00.000000','Kiểm tra tính đúng đắn của các mẫu thiết kế',0,0,_binary '','0','MAJOR','TODO','PRACTICE','d1aca7d1-1754-4931-a600-e6d30953b632','03ef89f3-394a-4447-ab47-2768e03ea221','d22a81b9-1297-4971-a5b1-2ea027e0fa8d','fb4952a3-6fbb-416b-92b3-d13f835e0de6','2025-01-31 19:03:17.000000'),('a3382750-7fd6-4afc-8031-be65a409c1fc','20130224',_binary '\0',NULL,'2025-08-03 10:56:24.087856',NULL,'2025-08-03 10:56:24.087856','20130224',0,NULL,'2025-05-02 17:00:00.000000',NULL,'2025-04-19 17:00:00.000000','Cải thiện tài liệu kỹ thuật',0,0,_binary '','0','MINOR','TODO','THEORY','bf4ca8d4-f8f2-406a-99cd-8e043a030a39','97d36d58-6a95-44ba-9e9c-d9850208de3f','0ddff544-bc3b-420d-b503-312315fd770d','fb4952a3-6fbb-416b-92b3-d13f835e0de6','2025-01-31 19:04:40.000000'),('a3508b1d-e4ea-4acb-8206-41c5744ae104','21130363',_binary '\0',NULL,'2025-07-30 04:26:37.490064',NULL,'2025-08-02 15:34:12.937767','21130363',1,NULL,'2025-04-27 17:28:02.000000',NULL,'2025-04-27 00:00:00.000000','Xây dựng phân quyền chi tiết',0,0,_binary '\0','','MAJOR','DONE','PRACTICE','d1aca7d1-1754-4931-a600-e6d30953b632','80bc4a94-2ad4-44e8-bc20-8e76a44864e5','f3ee7d4d-d82b-45d8-8c46-6756b1b6ea88','02d28358-9e5a-4b65-9f56-bac4a0bffc34','2025-03-01 14:00:00.000000'),('a37151d9-beb1-4c6a-8b43-6a011355aaf8','21130451',_binary '\0',NULL,'2025-07-11 15:33:52.327474',NULL,'2025-07-11 15:57:14.121164','21130451',2,'<p><br></p>','2025-02-28 17:00:00.000000',NULL,'2025-02-22 17:00:00.000000','isssue thêm vào sprint 3',0,0,_binary '','0','CRITICAL','BACKLOG','THEORY',NULL,'8f109a77-484b-4f39-a076-6b2a44b8137a',NULL,'5d57fb7a-7aab-4264-a6cf-12fc55f5093d','2025-02-24 11:50:36.000000'),('a3da3be6-e1a3-4be8-976e-c9b7eed5881d','21130335',_binary '\0',NULL,'2025-08-03 10:55:58.945321',NULL,'2025-08-03 10:55:58.945321','21130335',0,NULL,'2025-02-14 17:00:00.000000',NULL,'2025-02-08 17:00:00.000000','Xác định yêu cầu chức năng',0,0,_binary '','0','MAJOR','TODO','PRACTICE','654bfbae-b089-4f97-bcd6-e8183a3a0783','bdf5e58c-8905-4f18-afb3-d36945768d9f','9ca7eb3e-24a0-4a16-9d24-82d86344ac7b','1b19a7f7-7e06-4a7c-a3a0-918eb14670bf','2025-01-31 19:04:15.000000'),('a414c0ca-0256-4311-95d8-1d5445d752f7','21130363',_binary '\0',NULL,'2025-08-03 10:55:00.488755',NULL,'2025-08-03 10:55:00.488755','21130363',1,NULL,'2025-02-14 17:00:00.000000',NULL,'2025-02-08 17:00:00.000000','Chọn đề tài và ngôn ngữ',0,0,_binary '','0','MAJOR','TODO','THEORY','d1aca7d1-1754-4931-a600-e6d30953b632','03ef89f3-394a-4447-ab47-2768e03ea221','d22a81b9-1297-4971-a5b1-2ea027e0fa8d','1b19a7f7-7e06-4a7c-a3a0-918eb14670bf','2025-01-31 19:03:16.000000'),('a4807090-3891-4c85-93d8-bfdfc8b22b75','21130601',_binary '\0',NULL,'2025-07-30 04:18:36.131836',NULL,'2025-08-03 03:29:34.140277','21130601',1,NULL,'2025-05-23 04:04:20.000000',NULL,'2025-05-18 00:00:00.000000','Quản lý & cập nhật trạng thái đơn hàng (Admin)',0,0,_binary '\0','','CRITICAL','DONE','PRACTICE','877fd8ab-c4ee-4109-812c-965f17c590f1','a8eb1192-3e81-42e8-9f69-8483736af936','cf1781cc-fd98-477f-8fb9-da0b45544521','55737e22-cac3-411e-96a1-b5b1a1488b61','2025-03-01 14:00:00.000000'),('a48a80fc-5a7b-4ba2-82f1-59da6bf9b45c','21130320',_binary '\0',NULL,'2025-07-08 00:44:33.660547',NULL,'2025-07-11 16:07:15.267920','21130320',0,'<p><br></p>','2025-03-15 20:50:16.000000',NULL,'2025-03-15 17:00:00.000000','Viết SQL',0,0,_binary '\0','','CRITICAL','TODO','THEORY','0efffdb4-b730-4f32-b930-79dddc45554a','caf9e00b-e1c5-4b0f-9c49-2eac892a327e','17194877-c523-475f-9bf6-e627293e916f','0a98d5b3-7a3f-4cd0-a294-b04adeccbe7c','2025-03-15 17:00:00.000000'),('a4b3e99c-f29c-4974-958f-c8aa69d9a0f4','22130001',_binary '\0',NULL,'2025-08-03 10:55:33.649499',NULL,'2025-08-03 10:55:33.649499','22130001',0,NULL,'2025-03-21 17:00:00.000000',NULL,'2025-03-15 17:00:00.000000','Thiết kế Factory Method cho tạo loại liên hệ',0,0,_binary '','0','MAJOR','TODO','PRACTICE','a06e6810-6edc-4b00-ae0e-5883eea883b0','66436f4d-8245-433d-a9d2-d0eb03a6a47b','1e999da3-163f-4a7c-84cd-2678f6ca565d','1d95edd7-9ceb-4e2c-af16-35735c0d39e8','2025-01-31 19:03:50.000000'),('a50089bb-409f-43bb-bb48-b0c04ee54f5e','21130320',_binary '\0',NULL,'2025-07-07 01:12:15.854112',NULL,'2025-07-29 03:24:53.103898','21130320',2,'<p>asdasdaa11</p>',NULL,NULL,'2025-02-08 17:00:00.000000','Mô hình kinh doanh bán quần áo',9,0,_binary '\0','','CRITICAL','REVIEW','THEORY','29494edf-a498-48f4-85e1-e33775976468','caf9e00b-e1c5-4b0f-9c49-2eac892a327e','0efffdb4-b730-4f32-b930-79dddc45554a','565e13cb-7a4c-4f75-88f2-903a54ddc690','2025-02-08 17:00:00.000000'),('a58399c1-8f49-475f-8051-ac7c350282c3','21130601',_binary '\0',NULL,'2025-08-03 10:53:22.729430',NULL,'2025-08-03 10:53:22.729430','21130601',0,NULL,'2025-03-14 17:00:00.000000',NULL,'2025-03-08 17:00:00.000000','Ghi tài liệu về Singleton và Observer',0,0,_binary '','0','MINOR','TODO','THEORY','aece6254-3942-4a02-be99-782106eb4a52','6d7c2809-16b0-4200-99b7-ca3ce7ab72f7','cf1781cc-fd98-477f-8fb9-da0b45544521','00bf93d6-7893-481b-b3a6-7536a788f22d','2025-01-31 19:01:39.000000'),('a587b278-c9f3-4bfd-8e21-bb146e44716a','20130224',_binary '\0',NULL,'2025-08-03 10:56:23.676638',NULL,'2025-08-03 10:56:23.676638','20130224',1,NULL,'2025-02-14 17:00:00.000000',NULL,'2025-02-08 17:00:00.000000','Chọn đề tài và ngôn ngữ',0,0,_binary '','0','MAJOR','TODO','THEORY','0fbf8da7-6caa-46bc-a29b-ee41767323dd','97d36d58-6a95-44ba-9e9c-d9850208de3f','bf4ca8d4-f8f2-406a-99cd-8e043a030a39','1b19a7f7-7e06-4a7c-a3a0-918eb14670bf','2025-01-31 19:04:40.000000'),('a63259f6-2812-4b66-90d5-2653e873728f','21130320',_binary '\0',NULL,'2025-07-09 06:10:06.382716',NULL,'2025-07-09 15:41:34.477921','21130320',0,'<p><br></p>','2025-03-13 05:15:37.000000',NULL,'2025-03-05 17:00:00.000000','Đánh giá mô hình',0,0,_binary '\0','','CRITICAL','TODO','THEORY','29494edf-a498-48f4-85e1-e33775976468','66fb3db5-3f1f-41b6-9ee9-c7c01a801de8','17194877-c523-475f-9bf6-e627293e916f','50b47ab0-c2b8-4bfd-95bf-c35023aaf198','2025-03-05 17:00:00.000000'),('a66bb24d-f722-422a-be44-e5f337d5cd48','21130363',_binary '\0',NULL,'2025-07-30 04:26:37.641947',NULL,'2025-08-03 03:59:55.207577','21130363',0,NULL,'2025-05-28 04:34:30.000000',NULL,'2025-05-25 00:00:00.000000','Tích hợp cổng thanh toán trực tuyến',0,0,_binary '\0','','CRITICAL','DONE','PRACTICE','d22a81b9-1297-4971-a5b1-2ea027e0fa8d','80bc4a94-2ad4-44e8-bc20-8e76a44864e5','f3ee7d4d-d82b-45d8-8c46-6756b1b6ea88','00f6f2eb-2153-40a6-b2f3-8f4837ba3a3c','2025-03-01 14:00:00.000000'),('a74d287e-d640-435c-b608-5c42300d5708','21130335',_binary '\0',NULL,'2025-07-30 04:29:06.154227',NULL,'2025-08-03 00:58:03.195107','21130335',1,NULL,'2025-05-04 17:33:22.000000',NULL,'2025-05-04 00:00:00.000000','Xây dựng trang phim đang chiếu & sắp chiếu',0,0,_binary '\0','','MAJOR','DONE','PRACTICE','8525cbcd-87f7-4826-96d2-05ef5a536c9b','cfcba21d-966a-43b8-a1a8-9751e05ed7c5','9ca7eb3e-24a0-4a16-9d24-82d86344ac7b','5b1751c1-f7f6-42f3-b556-2db391f9527a','2025-03-01 14:00:00.000000'),('a85c8ffc-bf81-43c8-bbd3-16022dda5045','21130451',_binary '\0',NULL,'2025-07-08 14:16:58.387674',NULL,'2025-07-11 17:03:50.139081','21130451',0,'<p><br></p>','2025-05-17 17:00:00.000000',NULL,'2025-05-03 17:00:00.000000','Quản lý ảnh cho sản phẩm',0,0,_binary '\0','0','CRITICAL','TODO','THEORY','56ecb8b8-6a8a-471a-826f-3a827025e524','8f109a77-484b-4f39-a076-6b2a44b8137a','4527de36-9be4-4ba3-994d-f6276f6c67c0','20550769-da23-4d54-983e-bdcc62d80a37','2025-05-03 17:00:00.000000'),('a8ac3569-3c04-4897-918e-fdb93c804aa7','21130601',_binary '\0',NULL,'2025-08-03 10:53:22.552366',NULL,'2025-08-03 10:53:22.552366','21130601',1,NULL,'2025-02-14 17:00:00.000000',NULL,'2025-02-08 17:00:00.000000','Chọn đề tài và ngôn ngữ',0,0,_binary '','0','MAJOR','TODO','THEORY','877fd8ab-c4ee-4109-812c-965f17c590f1','6d7c2809-16b0-4200-99b7-ca3ce7ab72f7','aece6254-3942-4a02-be99-782106eb4a52','1b19a7f7-7e06-4a7c-a3a0-918eb14670bf','2025-01-31 19:01:39.000000'),('a9412181-9525-4017-9d61-01b82e3d5986','21130363',_binary '\0',NULL,'2025-08-03 10:55:00.907712',NULL,'2025-08-03 10:55:00.907712','21130363',0,NULL,'2025-05-02 17:00:00.000000',NULL,'2025-04-19 17:00:00.000000','Cải thiện tài liệu kỹ thuật',0,0,_binary '','0','MINOR','TODO','THEORY','d22a81b9-1297-4971-a5b1-2ea027e0fa8d','03ef89f3-394a-4447-ab47-2768e03ea221','f3ee7d4d-d82b-45d8-8c46-6756b1b6ea88','fb4952a3-6fbb-416b-92b3-d13f835e0de6','2025-01-31 19:03:17.000000'),('a99fe14d-a4cf-4452-afce-163c14c05686','21130320',_binary '\0',NULL,'2025-07-30 04:16:37.226109',NULL,'2025-08-03 00:57:06.899786','21130320',0,NULL,'2025-05-04 17:32:26.000000',NULL,'2025-05-04 00:00:00.000000','Xây dựng trang sản phẩm bán chạy',0,0,_binary '\0','','MAJOR','DONE','PRACTICE','0efffdb4-b730-4f32-b930-79dddc45554a','dc9af886-7862-4815-9876-037e5440de12','29494edf-a498-48f4-85e1-e33775976468','5b1751c1-f7f6-42f3-b556-2db391f9527a','2025-03-01 14:00:00.000000'),('a9b252ba-faa8-484e-9ccc-c1fe54bd2d41','21130451',_binary '\0',NULL,'2025-08-03 10:53:13.224315',NULL,'2025-08-03 10:53:13.224315','21130451',1,NULL,'2025-05-09 17:00:00.000000',NULL,'2025-05-03 17:00:00.000000','Kiểm tra lỗi và sửa lỗi',0,0,_binary '','0','MINOR','TODO','PRACTICE','56ecb8b8-6a8a-471a-826f-3a827025e524','29d9f886-4301-4881-8785-f773e8e9b3c7','7cc9eb1e-b051-4fc4-9b5d-0dd423b9b723','248f987f-a6ca-401f-af4d-776eb16310c2','2025-01-31 19:01:29.000000'),('a9fcaa02-9b9f-4c6e-a1c0-51fbe7940eeb','21130279',_binary '\0',NULL,'2025-08-03 10:55:50.134355',NULL,'2025-08-03 10:55:50.134355','21130279',0,NULL,'2025-02-28 17:00:00.000000',NULL,'2025-02-15 17:00:00.000000','Hiện thực lớp Event và Participant',0,0,_binary '','0','MAJOR','TODO','PRACTICE','e95ab128-0e4a-494b-bcd8-47bb5e0f6355','e18c1088-2d20-400c-81bf-6eaca20ede2e','d48742db-1f1a-4bf1-aeef-1865a47b5d09','49dd8be6-7191-430b-acae-501c1bee2770','2025-01-31 19:04:06.000000'),('aa7cbac9-8db0-4217-b4f9-766ad8123a66','21130320',_binary '\0',NULL,'2025-07-09 10:51:37.472516',NULL,'2025-07-09 16:08:29.880104','21130320',1,'<p><br></p>','2025-04-08 03:55:18.000000',NULL,'2025-04-04 17:00:00.000000','Tách tập train/test/validation',0,0,_binary '\0','','CRITICAL','TODO','THEORY','17194877-c523-475f-9bf6-e627293e916f','66fb3db5-3f1f-41b6-9ee9-c7c01a801de8','0efffdb4-b730-4f32-b930-79dddc45554a','2fec7291-d7dd-4835-853f-f3d8453487eb','2025-04-04 17:00:00.000000'),('aa9d8f2c-b12f-4b2f-a17f-b8dcadb8b51a','21130320',_binary '\0',NULL,'2025-07-14 05:58:09.698798',NULL,'2025-07-14 06:24:53.650672','21130320',2,'<p><br></p>','2025-02-10 17:16:39.000000',NULL,'2025-02-08 17:00:00.000000','Lựa chọn chức năng',0,0,_binary '\0','','CRITICAL','TODO','THEORY','0efffdb4-b730-4f32-b930-79dddc45554a','7d783967-3144-4c76-ae91-0bcb3ebab45b','17194877-c523-475f-9bf6-e627293e916f','4bccc8ff-e9e3-43ec-b037-a2df9987185e','2025-02-08 17:00:00.000000'),('aac10b3c-7873-4d23-89dc-34d7643d8a44','21130320',_binary '\0',NULL,'2025-08-03 10:52:11.651290',NULL,'2025-08-03 10:52:11.651290','21130320',0,NULL,'2025-05-09 17:00:00.000000',NULL,'2025-05-03 17:00:00.000000','Viết báo cáo cuối kỳ',0,0,_binary '','0','MAJOR','TODO','THEORY','0efffdb4-b730-4f32-b930-79dddc45554a','5122db1f-5ad5-4c6a-baea-404608794939','29494edf-a498-48f4-85e1-e33775976468','248f987f-a6ca-401f-af4d-776eb16310c2','2025-01-31 19:00:28.000000'),('aae0d1c6-f4fe-4e87-85c4-d7f1651d2f44','21130451',_binary '\0',NULL,'2025-07-30 04:17:29.606385',NULL,'2025-08-02 08:56:32.059247','21130451',0,NULL,'2025-03-25 17:15:28.000000',NULL,'2025-03-23 00:00:00.000000','Chuẩn hóa CSDL và tối ưu truy vấn ban đầu',0,0,_binary '\0','','MAJOR','DONE','THEORY','7cc9eb1e-b051-4fc4-9b5d-0dd423b9b723','3438c873-bc50-42c4-a598-1ed31761fe23','4527de36-9be4-4ba3-994d-f6276f6c67c0','d74cdee3-a4fc-44b4-bd90-1e53bec5cad1','2025-03-01 14:00:00.000000'),('ab0bc23c-2f5c-47a2-8729-761eb3eacb16','21130363',_binary '\0',NULL,'2025-07-08 04:03:25.663100',NULL,'2025-07-08 04:03:25.663100','21130363',0,'<p><br></p>','2025-04-11 17:00:00.000000',NULL,'2025-03-29 17:00:00.000000','Tích hợp đơn hàng',0,0,_binary '\0','0','CRITICAL','TODO','THEORY',NULL,'3bff699d-9121-413b-8896-49b00f0952a3',NULL,'28e4b229-c075-444e-bb7e-b2f27a9fd103','2025-03-29 17:00:00.000000'),('ab2515ac-f4d3-4c3e-9523-e889ed35b948','21130451',_binary '\0',NULL,'2025-07-08 03:42:23.513813',NULL,'2025-07-11 15:22:53.682750','21130451',0,'<p>Tìm hiểu JSP</p><p>Tìm hiểu thư viện hỗ trợ JSTL</p><p>Tự tạo 1 tag jstl custom</p>','2025-02-16 23:39:47.000000',NULL,'2025-02-15 17:00:00.000000','Tìm hiểu về ViewEngine JSP',0,0,_binary '\0','','CRITICAL','TODO','THEORY','4527de36-9be4-4ba3-994d-f6276f6c67c0','8f109a77-484b-4f39-a076-6b2a44b8137a','7cc9eb1e-b051-4fc4-9b5d-0dd423b9b723','de1a9928-7d90-4b22-9f2c-1c1977a9b1d3','2025-02-15 17:00:00.000000'),('ab54e34e-1b65-4a87-acb8-663664ceb1f7','20130224',_binary '\0',NULL,'2025-08-03 10:56:24.037666',NULL,'2025-08-03 10:56:24.037666','20130224',0,NULL,'2025-04-18 17:00:00.000000',NULL,'2025-04-05 17:00:00.000000','Hiện thực View cho danh sách sản phẩm',0,0,_binary '','0','MAJOR','TODO','PRACTICE','bf4ca8d4-f8f2-406a-99cd-8e043a030a39','97d36d58-6a95-44ba-9e9c-d9850208de3f','0ddff544-bc3b-420d-b503-312315fd770d','07743875-1d87-4d81-8c5c-4e909871d8f0','2025-01-31 19:04:40.000000'),('ab8b5f66-6eb0-40af-9055-79e18f99b4e3','22130001',_binary '\0',NULL,'2025-07-30 04:28:24.595563',NULL,'2025-08-02 10:01:45.845840','22130001',0,NULL,NULL,NULL,'2025-03-09 00:00:00.000000','Khảo sát các loại cây cảnh phổ biến & nhu cầu',0,1,_binary '','','TRIVIAL','BACKLOG','THEORY','1e999da3-163f-4a7c-84cd-2678f6ca565d','f27d5a34-ecc1-4c32-8fd9-44615cbbed19','a06e6810-6edc-4b00-ae0e-5883eea883b0',NULL,NULL),('ac5765de-b182-4779-addd-e750ffe7f2b4','22130001',_binary '\0',NULL,'2025-08-03 10:55:33.908167',NULL,'2025-08-03 10:55:33.908167','22130001',0,NULL,'2025-05-09 17:00:00.000000',NULL,'2025-05-03 17:00:00.000000','Viết báo cáo cuối kỳ',0,0,_binary '','0','MAJOR','TODO','THEORY','a06e6810-6edc-4b00-ae0e-5883eea883b0','66436f4d-8245-433d-a9d2-d0eb03a6a47b','1e999da3-163f-4a7c-84cd-2678f6ca565d','248f987f-a6ca-401f-af4d-776eb16310c2','2025-01-31 19:03:50.000000'),('ac6f1a2d-1cdb-40a5-aac3-2262832b30b8','21130363',_binary '\0',NULL,'2025-08-03 10:55:00.692840',NULL,'2025-08-03 10:55:00.692840','21130363',1,NULL,'2025-03-21 17:00:00.000000',NULL,'2025-03-15 17:00:00.000000','Nghiên cứu Abstract Factory Pattern',0,0,_binary '','0','MAJOR','TODO','THEORY','d1aca7d1-1754-4931-a600-e6d30953b632','03ef89f3-394a-4447-ab47-2768e03ea221','d22a81b9-1297-4971-a5b1-2ea027e0fa8d','1d95edd7-9ceb-4e2c-af16-35735c0d39e8','2025-01-31 19:03:17.000000'),('ac7287f5-dc99-45a4-a7a0-efb5c4540f7f','21130601',_binary '\0',NULL,'2025-07-30 04:18:35.977632',NULL,'2025-08-02 14:48:50.030991','21130601',0,NULL,'2025-04-22 17:30:20.000000',NULL,'2025-04-20 00:00:00.000000','Chuẩn bị demo các chức năng chính',0,0,_binary '\0','','MAJOR','DONE','PRACTICE','877fd8ab-c4ee-4109-812c-965f17c590f1','a8eb1192-3e81-42e8-9f69-8483736af936','cf1781cc-fd98-477f-8fb9-da0b45544521','9000c302-d92f-436d-a59e-c1de271cbe87','2025-03-01 14:00:00.000000'),('ac79ba98-6a6f-48f4-8b96-f19782e66bdd','21130451',_binary '\0',NULL,'2025-08-03 10:53:12.828347',NULL,'2025-08-03 10:53:12.828347','21130451',0,NULL,'2025-03-14 17:00:00.000000',NULL,'2025-03-08 17:00:00.000000','Ghi tài liệu về Singleton và Observer',0,0,_binary '','0','MINOR','TODO','THEORY','56ecb8b8-6a8a-471a-826f-3a827025e524','29d9f886-4301-4881-8785-f773e8e9b3c7','7cc9eb1e-b051-4fc4-9b5d-0dd423b9b723','00bf93d6-7893-481b-b3a6-7536a788f22d','2025-01-31 19:01:29.000000'),('acb2bdb5-94ef-48f4-9a45-a8691447a39d','20130224',_binary '\0',NULL,'2025-07-30 04:29:15.571101',NULL,'2025-08-02 11:12:04.017206','20130224',1,NULL,'2025-04-12 08:55:22.000000',NULL,'2025-04-06 00:00:00.000000','Thiết kế giao diện trang chi tiết sự kiện & đăng ký',0,0,_binary '\0','','MAJOR','DONE','PRACTICE','0fbf8da7-6caa-46bc-a29b-ee41767323dd','253ac332-b8e2-43a7-bbc7-d673ddabc733','bf4ca8d4-f8f2-406a-99cd-8e043a030a39','c4389934-e970-4cab-9330-2d517122d28d','2025-03-01 14:00:00.000000'),('acec5d12-bc6b-4556-b7d6-e3aab1cf720b','21130371',_binary '\0',NULL,'2025-08-03 10:56:47.737473',NULL,'2025-08-03 10:56:47.737473','21130371',0,NULL,'2025-02-14 17:00:00.000000',NULL,'2025-02-08 17:00:00.000000','Lên kế hoạch dự án ban đầu',0,0,_binary '','0','MINOR','TODO','THEORY','b5090bc3-59bb-4aa5-968c-8ea52e045d9d','6cc2afa7-7786-4f77-9e9b-e5e3d3abbda7','e8940cd9-c8f9-4bd8-97b6-be4f7b8536e7','1b19a7f7-7e06-4a7c-a3a0-918eb14670bf','2025-01-31 19:05:04.000000'),('ad7e1838-9545-49ab-89fe-b3530006d9c2','21130335',_binary '\0',NULL,'2025-08-03 10:55:59.162831',NULL,'2025-08-03 10:55:59.162831','21130335',0,NULL,'2025-03-28 17:00:00.000000',NULL,'2025-03-22 17:00:00.000000','Hiện thực Decorator Pattern cho hiệu ứng game',0,0,_binary '','0','MAJOR','TODO','PRACTICE','9ca7eb3e-24a0-4a16-9d24-82d86344ac7b','bdf5e58c-8905-4f18-afb3-d36945768d9f','8525cbcd-87f7-4826-96d2-05ef5a536c9b','4d8b7804-ba53-497d-8f69-3ecbe2ba6c05','2025-01-31 19:04:15.000000'),('adca911b-ca3a-40a0-a10d-7bb96f41f3ab','21130279',_binary '\0',NULL,'2025-08-03 10:55:50.084807',NULL,'2025-08-03 10:55:50.084807','21130279',0,NULL,'2025-02-14 17:00:00.000000',NULL,'2025-02-08 17:00:00.000000','Lên kế hoạch dự án ban đầu',0,0,_binary '','0','MINOR','TODO','THEORY','e95ab128-0e4a-494b-bcd8-47bb5e0f6355','e18c1088-2d20-400c-81bf-6eaca20ede2e','d48742db-1f1a-4bf1-aeef-1865a47b5d09','1b19a7f7-7e06-4a7c-a3a0-918eb14670bf','2025-01-31 19:04:06.000000'),('ade371ea-9972-4220-afd4-7cef60a58521','21130451',_binary '\0',NULL,'2025-07-14 07:39:39.590344',NULL,'2025-07-14 08:07:26.827177','21130451',2,'<p><br></p>','2025-03-03 17:01:43.000000',NULL,'2025-03-01 17:00:00.000000','Tóm tắt kiến thức Stategy pattern',0,0,_binary '\0','','TRIVIAL','TODO','THEORY','4527de36-9be4-4ba3-994d-f6276f6c67c0','eb2cff67-6672-4ad6-8b2f-829a547c2595','56ecb8b8-6a8a-471a-826f-3a827025e524','f19b6b33-be76-4d2b-b85d-dbd4caf3da1d','2025-03-01 17:00:00.000000'),('ae2f2ecc-2c1d-4c35-a6ba-88cb8156c44d','21130359',_binary '\0',NULL,'2025-07-30 04:29:26.493626',NULL,'2025-08-03 04:00:09.830210','21130359',1,NULL,'2025-05-28 04:34:44.000000',NULL,'2025-05-25 00:00:00.000000','Tích hợp module đề xuất sản phẩm theo môn thể thao',0,0,_binary '\0','','MAJOR','DONE','PRACTICE','acef4982-efaf-450c-ba00-7f889d15ca49','a5bc1288-fe8b-41c1-8993-152dbe7cb3fa','e8ce7209-bec9-428a-9548-239de2754237','00f6f2eb-2153-40a6-b2f3-8f4837ba3a3c','2025-03-01 14:00:00.000000'),('ae6239ad-764d-4d01-add8-40489b53b871','21130279',_binary '\0',NULL,'2025-08-03 10:55:50.280203',NULL,'2025-08-03 10:55:50.280203','21130279',0,NULL,'2025-03-28 17:00:00.000000',NULL,'2025-03-22 17:00:00.000000','Hiện thực Decorator Pattern cho thuộc tính sự kiện',0,0,_binary '','0','MAJOR','TODO','PRACTICE','e95ab128-0e4a-494b-bcd8-47bb5e0f6355','e18c1088-2d20-400c-81bf-6eaca20ede2e','d48742db-1f1a-4bf1-aeef-1865a47b5d09','4d8b7804-ba53-497d-8f69-3ecbe2ba6c05','2025-01-31 19:04:06.000000'),('ae7c348b-ade1-4d43-925c-42c09bdfc8fa','21130451',_binary '\0',NULL,'2025-07-08 03:42:23.571228',NULL,'2025-07-11 16:07:19.852418','21130451',0,'<p><br></p>','2025-03-15 20:50:20.000000',NULL,'2025-03-15 17:00:00.000000','Tạo UI giỏ hàng',0,0,_binary '\0','','CRITICAL','TODO','THEORY','4527de36-9be4-4ba3-994d-f6276f6c67c0','8f109a77-484b-4f39-a076-6b2a44b8137a','7cc9eb1e-b051-4fc4-9b5d-0dd423b9b723','0a98d5b3-7a3f-4cd0-a294-b04adeccbe7c','2025-03-15 17:00:00.000000'),('aee5f3b0-2a9c-41c1-be24-8e442ee5f291','21130359',_binary '\0',NULL,'2025-08-03 10:56:37.621687',NULL,'2025-08-03 10:56:37.621687','21130359',0,NULL,'2025-02-14 17:00:00.000000',NULL,'2025-02-08 17:00:00.000000','Lên kế hoạch dự án ban đầu',0,0,_binary '','0','MINOR','TODO','THEORY','e8ce7209-bec9-428a-9548-239de2754237','a6154ca9-d3f9-4a18-a20a-e0da52601faa','4587115e-b26e-4761-8de8-41826f97d842','1b19a7f7-7e06-4a7c-a3a0-918eb14670bf','2025-01-31 19:04:54.000000'),('aefe43ce-aad5-4ca6-b7f5-56268ee9b26a','21130451',_binary '\0',NULL,'2025-07-14 09:22:19.352370',NULL,'2025-07-14 09:32:16.197632','21130451',2,'<p><br></p>','2025-03-31 06:20:44.000000',NULL,'2025-03-29 17:00:00.000000','Tóm tắt kiến thức Template Method',0,0,_binary '\0','','CRITICAL','TODO','THEORY','4527de36-9be4-4ba3-994d-f6276f6c67c0','eb2cff67-6672-4ad6-8b2f-829a547c2595','56ecb8b8-6a8a-471a-826f-3a827025e524','99157455-4dac-4bd4-a540-f43c0fd93145','2025-03-29 17:00:00.000000'),('af2ae072-9bdb-41cc-a5ac-0ebc2607bd0c','21130363',_binary '\0',NULL,'2025-08-03 10:55:00.625015',NULL,'2025-08-03 10:55:00.625015','21130363',0,NULL,'2025-03-14 17:00:00.000000',NULL,'2025-03-08 17:00:00.000000','Hiện thực Singleton Pattern cho quản lý phòng khám',0,0,_binary '','0','MAJOR','TODO','PRACTICE','f3ee7d4d-d82b-45d8-8c46-6756b1b6ea88','03ef89f3-394a-4447-ab47-2768e03ea221','d1aca7d1-1754-4931-a600-e6d30953b632','00bf93d6-7893-481b-b3a6-7536a788f22d','2025-01-31 19:03:17.000000'),('af43d51a-ed72-4fd5-aeaa-e594895c9b59','21130335',_binary '\0',NULL,'2025-08-03 10:55:59.233264',NULL,'2025-08-03 10:55:59.233264','21130335',1,NULL,'2025-04-04 17:00:00.000000',NULL,'2025-03-29 17:00:00.000000','Nghiên cứu Visitor Pattern cho phân tích trạng thái game',0,0,_binary '','0','MAJOR','TODO','THEORY','8525cbcd-87f7-4826-96d2-05ef5a536c9b','bdf5e58c-8905-4f18-afb3-d36945768d9f','654bfbae-b089-4f97-bcd6-e8183a3a0783','fca63275-f3b3-4839-b287-a8b7474dd393','2025-01-31 19:04:15.000000'),('af479706-8f81-42dc-8a12-08020ae3532f','21130451',_binary '\0',NULL,'2025-08-03 10:53:12.985139',NULL,'2025-08-03 10:53:12.985139','21130451',0,NULL,'2025-04-04 17:00:00.000000',NULL,'2025-03-29 17:00:00.000000','Thiết kế Template Method cho quy trình đọc tin',0,0,_binary '','0','MAJOR','TODO','PRACTICE','7cc9eb1e-b051-4fc4-9b5d-0dd423b9b723','29d9f886-4301-4881-8785-f773e8e9b3c7','4527de36-9be4-4ba3-994d-f6276f6c67c0','fca63275-f3b3-4839-b287-a8b7474dd393','2025-01-31 19:01:29.000000'),('afd9dc9a-7cd1-42c9-9069-7dec0fbfb788','21130320',_binary '\0',NULL,'2025-07-14 08:54:01.171734',NULL,'2025-07-14 08:55:35.124726','21130320',2,'<p><br></p>','2025-03-16 05:44:21.000000',NULL,'2025-03-15 17:00:00.000000','Tóm tắt kiến thức Abstract Factory pattern',0,0,_binary '\0','','CRITICAL','TODO','THEORY','17194877-c523-475f-9bf6-e627293e916f','7d783967-3144-4c76-ae91-0bcb3ebab45b','29494edf-a498-48f4-85e1-e33775976468','dd34ecaf-9783-4b03-b211-edc72a3e5f31','2025-03-15 17:00:00.000000'),('b09610ed-4a60-4901-9def-862b925dda81','21130279',_binary '\0',NULL,'2025-08-03 10:55:50.442672',NULL,'2025-08-03 10:55:50.442672','21130279',0,NULL,'2025-05-02 17:00:00.000000',NULL,'2025-04-19 17:00:00.000000','Tối ưu hóa mã nguồn các mẫu đã dùng',0,0,_binary '','0','MAJOR','TODO','PRACTICE','e95ab128-0e4a-494b-bcd8-47bb5e0f6355','e18c1088-2d20-400c-81bf-6eaca20ede2e','d48742db-1f1a-4bf1-aeef-1865a47b5d09','fb4952a3-6fbb-416b-92b3-d13f835e0de6','2025-01-31 19:04:06.000000'),('b096870f-be82-4465-9cd5-7f2de049687b','21130601',_binary '\0',NULL,'2025-07-30 04:18:36.148261',NULL,'2025-08-03 03:53:08.763001','21130601',0,NULL,'2025-05-26 12:27:47.000000',NULL,'2025-05-25 00:00:00.000000','Tích hợp chức năng so sánh sản phẩm',0,0,_binary '\0','','CRITICAL','DONE','PRACTICE','877fd8ab-c4ee-4109-812c-965f17c590f1','a8eb1192-3e81-42e8-9f69-8483736af936','cf1781cc-fd98-477f-8fb9-da0b45544521','00f6f2eb-2153-40a6-b2f3-8f4837ba3a3c','2025-03-01 14:00:00.000000'),('b0f0a47a-9e0a-42b6-9c62-942ce235e107','21130335',_binary '\0',NULL,'2025-07-30 05:58:08.139230',NULL,'2025-08-02 05:05:39.866357','21130335',0,'<p><br></p>','2025-03-12 05:06:42.000000',NULL,'2025-03-09 00:00:00.000000','Vẽ sơ bộ sơ đồ use case của hệ thống',0,1,_binary '\0','','TRIVIAL','DONE','THEORY','8525cbcd-87f7-4826-96d2-05ef5a536c9b','cfcba21d-966a-43b8-a1a8-9751e05ed7c5','9ca7eb3e-24a0-4a16-9d24-82d86344ac7b','bbfddaeb-dea5-4178-b067-e0fa8812c338','2025-03-01 14:00:00.000000'),('b18a6c3d-5e4c-446b-baf5-b774a56d278b','21130601',_binary '\0',NULL,'2025-07-30 04:18:36.062599',NULL,'2025-08-03 01:01:11.318537','21130601',0,NULL,'2025-05-04 17:36:30.000000',NULL,'2025-05-04 00:00:00.000000','Hiện thực giao diện Admin quản lý sản phẩm & thông số',0,0,_binary '\0','','CRITICAL','DONE','PRACTICE','cf1781cc-fd98-477f-8fb9-da0b45544521','a8eb1192-3e81-42e8-9f69-8483736af936','aece6254-3942-4a02-be99-782106eb4a52','5b1751c1-f7f6-42f3-b556-2db391f9527a','2025-03-01 14:00:00.000000'),('b1bf060d-9772-42e4-984e-43b52836875f','21130601',_binary '\0',NULL,'2025-07-08 03:56:16.037787',NULL,'2025-07-29 04:20:55.758938','21130601',2,'<p><br></p>','2025-02-14 17:00:00.000000',NULL,'2025-02-08 17:00:00.000000','Đối tượng sử dụng chính',0,0,_binary '\0','','CRITICAL','INPROCESS','THEORY','cf1781cc-fd98-477f-8fb9-da0b45544521','f5dbc1df-3827-4a90-b9fb-8e1e5736c8c9','aece6254-3942-4a02-be99-782106eb4a52','565e13cb-7a4c-4f75-88f2-903a54ddc690','2025-02-08 17:00:00.000000'),('b1cbdbb9-6bea-401d-938c-4a71aef161fb','21130335',_binary '\0',NULL,'2025-08-03 10:55:59.046194',NULL,'2025-08-03 10:55:59.046194','21130335',0,NULL,'2025-03-07 17:00:00.000000',NULL,'2025-03-01 17:00:00.000000','Ghi tài liệu về Strategy Pattern',0,0,_binary '','0','MINOR','TODO','THEORY','654bfbae-b089-4f97-bcd6-e8183a3a0783','bdf5e58c-8905-4f18-afb3-d36945768d9f','9ca7eb3e-24a0-4a16-9d24-82d86344ac7b','542b89e4-501f-418c-8e43-890f945e847a','2025-01-31 19:04:15.000000'),('b21a82f3-483d-431d-8bbc-7a802df804b3','21130320',_binary '\0',NULL,'2025-07-08 01:03:15.126748',NULL,'2025-07-11 16:57:39.502656','21130320',0,'<p><br></p>','2025-03-30 01:40:22.000000',NULL,'2025-03-29 17:00:00.000000','Tạo APi đơn hàng và thanh toán',0,0,_binary '\0','','CRITICAL','TODO','THEORY','29494edf-a498-48f4-85e1-e33775976468','caf9e00b-e1c5-4b0f-9c49-2eac892a327e','17194877-c523-475f-9bf6-e627293e916f','28e4b229-c075-444e-bb7e-b2f27a9fd103','2025-03-29 17:00:00.000000'),('b22a3b07-701e-4c5e-a121-c535e28d0358','21130451',_binary '\0',NULL,'2025-07-30 04:17:29.748143',NULL,'2025-08-02 15:33:59.841718','21130451',0,NULL,'2025-04-27 17:27:49.000000',NULL,'2025-04-27 00:00:00.000000','Xây dựng phân quyền cơ bản',0,0,_binary '\0','','MAJOR','DONE','PRACTICE',NULL,'3438c873-bc50-42c4-a598-1ed31761fe23',NULL,'02d28358-9e5a-4b65-9f56-bac4a0bffc34','2025-03-01 14:00:00.000000'),('b25d98ee-52be-49c2-a208-e402076a132f','21130451',_binary '\0',NULL,'2025-07-30 04:17:29.762410',NULL,'2025-08-03 00:57:12.623559','21130451',0,NULL,'2025-05-04 17:32:32.000000',NULL,'2025-05-04 00:00:00.000000','Hiện thực chức năng tìm kiếm sách nâng cao',0,0,_binary '\0','','MAJOR','DONE','PRACTICE','4527de36-9be4-4ba3-994d-f6276f6c67c0','3438c873-bc50-42c4-a598-1ed31761fe23','56ecb8b8-6a8a-471a-826f-3a827025e524','5b1751c1-f7f6-42f3-b556-2db391f9527a','2025-03-01 14:00:00.000000'),('b27e0e21-65ce-478e-898a-7b6ca692f84f','21130451',_binary '\0',NULL,'2025-08-03 10:53:12.679848',NULL,'2025-08-03 10:53:12.679848','21130451',0,NULL,'2025-02-14 17:00:00.000000',NULL,'2025-02-08 17:00:00.000000','Lập kế hoạch dự án ban đầu',0,0,_binary '','0','MINOR','TODO','THEORY','7cc9eb1e-b051-4fc4-9b5d-0dd423b9b723','29d9f886-4301-4881-8785-f773e8e9b3c7','4527de36-9be4-4ba3-994d-f6276f6c67c0','1b19a7f7-7e06-4a7c-a3a0-918eb14670bf','2025-01-31 19:01:29.000000'),('b33554ec-b4d8-4256-92c6-2cb472875c08','21130320',_binary '\0',NULL,'2025-08-03 10:52:11.178794',NULL,'2025-08-03 10:52:11.178794','21130320',1,NULL,'2025-02-28 17:00:00.000000',NULL,'2025-02-15 17:00:00.000000','Thiết kế Class Diagram cho Lớp Sản phẩm',0,0,_binary '','0','MAJOR','TODO','PRACTICE','17194877-c523-475f-9bf6-e627293e916f','5122db1f-5ad5-4c6a-baea-404608794939','0efffdb4-b730-4f32-b930-79dddc45554a','49dd8be6-7191-430b-acae-501c1bee2770','2025-01-31 19:00:27.000000'),('b3bbd3e6-d1da-4b32-ad7e-8340c1138b45','21130451',_binary '\0',NULL,'2025-07-14 08:19:48.326227',NULL,'2025-07-14 08:37:07.601959','21130451',2,'<p><br></p>','2025-03-12 21:25:58.000000',NULL,'2025-03-08 17:00:00.000000','Tóm tắt kiến thức Singeton pattern',0,0,_binary '\0','','CRITICAL','TODO','THEORY','7cc9eb1e-b051-4fc4-9b5d-0dd423b9b723','eb2cff67-6672-4ad6-8b2f-829a547c2595','4527de36-9be4-4ba3-994d-f6276f6c67c0','8e395f10-31a4-4e06-b450-52d7c50da7e0','2025-03-08 17:00:00.000000'),('b47df4ad-1f4e-4100-b221-43349e959668','21130451',_binary '\0',NULL,'2025-08-03 01:32:05.067596',NULL,'2025-08-03 01:32:13.147377','21130451',2,'<p><br></p>','2025-05-17 00:00:00.000000',NULL,'2025-05-11 00:00:00.000000','Cải thiện UI',0,0,_binary '','','CRITICAL','REVIEW','THEORY','4527de36-9be4-4ba3-994d-f6276f6c67c0','3438c873-bc50-42c4-a598-1ed31761fe23','56ecb8b8-6a8a-471a-826f-3a827025e524','8bace90b-9f85-46b3-9411-8e098ba21c6e','2025-05-13 22:07:10.000000'),('b4f921ba-c3cb-40dc-992d-4a26a84c59d1','20130224',_binary '\0',NULL,'2025-07-30 04:29:15.765007',NULL,'2025-08-03 03:55:20.249489','20130224',1,NULL,'2025-05-26 12:29:59.000000',NULL,'2025-05-25 00:00:00.000000','Tích hợp cổng thanh toán trực tuyến',0,0,_binary '\0','','CRITICAL','DONE','PRACTICE','0fbf8da7-6caa-46bc-a29b-ee41767323dd','253ac332-b8e2-43a7-bbc7-d673ddabc733','bf4ca8d4-f8f2-406a-99cd-8e043a030a39','00f6f2eb-2153-40a6-b2f3-8f4837ba3a3c','2025-03-01 14:00:00.000000'),('b55e7532-4396-4a7a-8607-c183187ac110','21130371',_binary '\0',NULL,'2025-07-30 04:29:44.868802',NULL,'2025-08-02 05:09:38.430841','21130371',1,NULL,'2025-03-12 05:10:41.000000',NULL,'2025-03-09 00:00:00.000000','Nghiên cứu tính năng đánh giá & gợi ý sản phẩm',0,0,_binary '\0','','MAJOR','DONE','THEORY','b5090bc3-59bb-4aa5-968c-8ea52e045d9d','d909ec23-e3b8-473c-8b53-b0dd10e5cb4a','4d5f6b20-6bc0-4671-b683-904e880509d8','bbfddaeb-dea5-4178-b067-e0fa8812c338','2025-03-01 14:00:00.000000'),('b5acf04e-f857-4728-a1e4-d563f0f5facc','21130335',_binary '\0',NULL,'2025-07-30 04:29:06.109455',NULL,'2025-08-02 15:34:25.831101','21130335',1,NULL,'2025-04-27 17:28:15.000000',NULL,'2025-04-27 00:00:00.000000','Ứng dụng Session cho người dùng & vé đã chọn',0,0,_binary '\0','','MAJOR','DONE','PRACTICE','654bfbae-b089-4f97-bcd6-e8183a3a0783','cfcba21d-966a-43b8-a1a8-9751e05ed7c5','9ca7eb3e-24a0-4a16-9d24-82d86344ac7b','02d28358-9e5a-4b65-9f56-bac4a0bffc34','2025-03-01 14:00:00.000000'),('b5fe2950-0565-4b58-90cb-5524957231a0','21130371',_binary '\0',NULL,'2025-07-30 04:29:44.947556',NULL,'2025-08-02 11:07:53.643251','21130371',1,NULL,'2025-04-09 00:51:18.000000',NULL,'2025-04-06 00:00:00.000000','Thiết kế giao diện phần đánh giá & gợi ý',0,0,_binary '\0','','MAJOR','DONE','PRACTICE','b5090bc3-59bb-4aa5-968c-8ea52e045d9d','d909ec23-e3b8-473c-8b53-b0dd10e5cb4a','4d5f6b20-6bc0-4671-b683-904e880509d8','c4389934-e970-4cab-9330-2d517122d28d','2025-03-01 14:00:00.000000'),('b60356c2-85be-4244-8bb9-4bb4cc7fac57','21130320',_binary '\0',NULL,'2025-07-14 08:25:37.998603',NULL,'2025-07-14 08:38:38.517229','21130320',2,'<p><br></p>','2025-03-12 21:27:29.000000',NULL,'2025-03-08 17:00:00.000000','Ứng dụng Singleton pattern vào MySQL connection',0,0,_binary '\0','','CRITICAL','TODO','PRACTICE','29494edf-a498-48f4-85e1-e33775976468','7d783967-3144-4c76-ae91-0bcb3ebab45b','0efffdb4-b730-4f32-b930-79dddc45554a','8e395f10-31a4-4e06-b450-52d7c50da7e0','2025-03-08 17:00:00.000000'),('b64f91d0-9a07-41a0-8105-a9ad54cbf456','21130451',_binary '\0',NULL,'2025-07-14 07:49:45.366570',NULL,'2025-07-14 08:07:20.500356','21130451',2,'<p><br></p>','2025-03-03 17:01:37.000000',NULL,'2025-03-01 17:00:00.000000','Chức năng chuyển ngôn ngữ',0,0,_binary '\0','','CRITICAL','TODO','THEORY','56ecb8b8-6a8a-471a-826f-3a827025e524','eb2cff67-6672-4ad6-8b2f-829a547c2595',NULL,'f19b6b33-be76-4d2b-b85d-dbd4caf3da1d','2025-03-01 17:00:00.000000'),('b68c6a6e-fc40-4400-b26e-d9a54fcaa810','21130363',_binary '\0',NULL,'2025-08-03 10:55:00.657641',NULL,'2025-08-03 10:55:00.657641','21130363',0,NULL,'2025-03-14 17:00:00.000000',NULL,'2025-03-08 17:00:00.000000','Ghi tài liệu về Singleton và Observer',0,0,_binary '','0','MINOR','TODO','THEORY','d22a81b9-1297-4971-a5b1-2ea027e0fa8d','03ef89f3-394a-4447-ab47-2768e03ea221','f3ee7d4d-d82b-45d8-8c46-6756b1b6ea88','00bf93d6-7893-481b-b3a6-7536a788f22d','2025-01-31 19:03:17.000000'),('b6a9dfa9-407f-4578-80de-1396522b802b','21130320',_binary '\0',NULL,'2025-07-14 10:11:18.548215',NULL,'2025-07-14 10:20:27.747995','21130320',2,'<p><br></p>','2025-04-24 11:08:24.000000',NULL,'2025-04-19 17:00:00.000000','Tối ưu giao diện Java Swing',0,0,_binary '\0','','CRITICAL','TODO','THEORY','0efffdb4-b730-4f32-b930-79dddc45554a','7d783967-3144-4c76-ae91-0bcb3ebab45b','17194877-c523-475f-9bf6-e627293e916f','06a57b77-0290-450f-8312-db22e8c21c78','2025-04-19 17:00:00.000000'),('b6dd06d0-ad32-4fbb-a654-ca77543af536','21130320',_binary '\0',NULL,'2025-07-14 08:53:38.075027',NULL,'2025-07-14 08:55:37.343840','21130320',2,'<p><br></p>','2025-03-16 05:44:24.000000',NULL,'2025-03-15 17:00:00.000000','Ứng dụng Abstract Factory',0,0,_binary '\0','','CRITICAL','TODO','THEORY','29494edf-a498-48f4-85e1-e33775976468','7d783967-3144-4c76-ae91-0bcb3ebab45b','0efffdb4-b730-4f32-b930-79dddc45554a','dd34ecaf-9783-4b03-b211-edc72a3e5f31','2025-03-15 17:00:00.000000'),('b7ba25e6-fa97-48c0-970e-46307f459b16','22130001',_binary '\0',NULL,'2025-08-03 10:55:33.738436',NULL,'2025-08-03 10:55:33.738436','22130001',0,NULL,'2025-03-28 17:00:00.000000',NULL,'2025-03-22 17:00:00.000000','Ghi tài liệu Decorator và Iterator',0,0,_binary '','0','MINOR','TODO','THEORY','c94c51f9-dbd5-4c78-b857-46f2592d1fe1','66436f4d-8245-433d-a9d2-d0eb03a6a47b','a06e6810-6edc-4b00-ae0e-5883eea883b0','4d8b7804-ba53-497d-8f69-3ecbe2ba6c05','2025-01-31 19:03:50.000000'),('b7e445b3-cfa8-4114-84d1-d0a5563fee0d','21130335',_binary '\0',NULL,'2025-08-03 10:55:58.981510',NULL,'2025-08-03 10:55:58.981510','21130335',1,NULL,'2025-02-28 17:00:00.000000',NULL,'2025-02-15 17:00:00.000000','Tìm hiểu 4 nguyên tắc OOP',0,0,_binary '','0','MAJOR','TODO','THEORY','8525cbcd-87f7-4826-96d2-05ef5a536c9b','bdf5e58c-8905-4f18-afb3-d36945768d9f','654bfbae-b089-4f97-bcd6-e8183a3a0783','49dd8be6-7191-430b-acae-501c1bee2770','2025-01-31 19:04:15.000000'),('b827540c-a459-464c-a270-8bcdece2e1d8','22130001',_binary '\0',NULL,'2025-08-03 10:55:33.722241',NULL,'2025-08-03 10:55:33.722241','22130001',0,NULL,'2025-03-28 17:00:00.000000',NULL,'2025-03-22 17:00:00.000000','Hiện thực Iterator Pattern cho duyệt danh bạ',0,0,_binary '','0','MAJOR','TODO','PRACTICE','1e999da3-163f-4a7c-84cd-2678f6ca565d','66436f4d-8245-433d-a9d2-d0eb03a6a47b','c94c51f9-dbd5-4c78-b857-46f2592d1fe1','4d8b7804-ba53-497d-8f69-3ecbe2ba6c05','2025-01-31 19:03:50.000000'),('b989fec5-fa5a-4384-a64e-9dffc0181611','21130451',_binary '\0',NULL,'2025-07-08 03:42:23.585053',NULL,'2025-07-08 13:59:40.430610','21130451',0,'<p><br></p>','2025-05-17 17:00:00.000000',NULL,'2025-05-03 17:00:00.000000','Đăng nhập với Google',0,0,_binary '','0','CRITICAL','BACKLOG','THEORY',NULL,'8f109a77-484b-4f39-a076-6b2a44b8137a',NULL,NULL,NULL),('babf4b7d-0ce9-45c4-9c4c-1bc0bb4cb30c','21130320',_binary '\0',NULL,'2025-07-08 07:28:48.176852',NULL,'2025-07-11 17:10:27.734923','21130320',0,'<p><br></p>','2025-05-04 06:19:09.000000',NULL,'2025-05-03 17:00:00.000000','Quản lý khách hàng cho admin',0,0,_binary '\0','','CRITICAL','TODO','THEORY','29494edf-a498-48f4-85e1-e33775976468','caf9e00b-e1c5-4b0f-9c49-2eac892a327e','17194877-c523-475f-9bf6-e627293e916f','20550769-da23-4d54-983e-bdcc62d80a37','2025-05-03 17:00:00.000000'),('bafb6086-6dfc-4ca1-a17e-5914907c16a9','21130320',_binary '\0',NULL,'2025-07-30 04:16:37.339247',NULL,'2025-08-03 03:50:49.462760','21130320',0,NULL,'2025-05-26 12:25:28.000000',NULL,'2025-05-25 00:00:00.000000','Tích hợp cổng thanh toán trực tuyến',0,0,_binary '\0','','CRITICAL','DONE','PRACTICE','0efffdb4-b730-4f32-b930-79dddc45554a','dc9af886-7862-4815-9876-037e5440de12','29494edf-a498-48f4-85e1-e33775976468','00f6f2eb-2153-40a6-b2f3-8f4837ba3a3c','2025-03-01 14:00:00.000000'),('bbcb99ce-4ebf-4304-a0b0-ed35b65ffefa','21130279',_binary '\0',NULL,'2025-08-03 10:55:50.246464',NULL,'2025-08-03 10:55:50.246464','21130279',1,NULL,'2025-03-21 17:00:00.000000',NULL,'2025-03-15 17:00:00.000000','Nghiên cứu Abstract Factory Pattern',0,0,_binary '','0','MAJOR','TODO','THEORY','d48742db-1f1a-4bf1-aeef-1865a47b5d09','e18c1088-2d20-400c-81bf-6eaca20ede2e','bbecaa3b-396a-4cfd-8fb5-908ceb80b212','1d95edd7-9ceb-4e2c-af16-35735c0d39e8','2025-01-31 19:04:06.000000'),('bc3bd0a2-399c-4808-b214-bf9e0f66ee3e','21130335',_binary '\0',NULL,'2025-08-03 10:55:59.063758',NULL,'2025-08-03 10:55:59.063758','21130335',0,NULL,'2025-03-14 17:00:00.000000',NULL,'2025-03-08 17:00:00.000000','Hiện thực Singleton Pattern cho quản lý Game',0,0,_binary '','0','MAJOR','TODO','PRACTICE','9ca7eb3e-24a0-4a16-9d24-82d86344ac7b','bdf5e58c-8905-4f18-afb3-d36945768d9f','8525cbcd-87f7-4826-96d2-05ef5a536c9b','00bf93d6-7893-481b-b3a6-7536a788f22d','2025-01-31 19:04:15.000000'),('bc5a84cf-9234-46e4-bfe9-944e8be0f2f3','21130363',_binary '\0',NULL,'2025-07-30 04:26:37.626543',NULL,'2025-08-03 03:29:37.267912','21130363',0,NULL,'2025-05-23 04:04:23.000000',NULL,'2025-05-18 00:00:00.000000','Quản lý & cập nhật trạng thái đơn hàng (Nhà hàng/Admin)',0,0,_binary '\0','','CRITICAL','DONE','PRACTICE','f3ee7d4d-d82b-45d8-8c46-6756b1b6ea88','80bc4a94-2ad4-44e8-bc20-8e76a44864e5','d1aca7d1-1754-4931-a600-e6d30953b632','55737e22-cac3-411e-96a1-b5b1a1488b61','2025-03-01 14:00:00.000000'),('bcf9e9e4-9bb1-4328-8279-1877f9121f42','21130320',_binary '\0',NULL,'2025-08-03 03:51:10.761858',NULL,'2025-08-03 03:59:43.414270','21130320',2,'<p><br></p>','2025-05-31 00:00:00.000000',NULL,'2025-05-25 00:00:00.000000','Cải thiện flow thanh toán',0,0,_binary '','','CRITICAL','REVIEW','THEORY','17194877-c523-475f-9bf6-e627293e916f','dc9af886-7862-4815-9876-037e5440de12','0efffdb4-b730-4f32-b930-79dddc45554a','00f6f2eb-2153-40a6-b2f3-8f4837ba3a3c','2025-05-26 12:25:49.000000'),('bd010567-c695-4151-9e37-8f271b05d1c1','21130320',_binary '\0',NULL,'2025-07-09 06:02:42.413577',NULL,'2025-07-09 15:41:14.121120','21130320',0,'<p>Tối thiểu 2 bộ dataset</p>','2025-03-13 05:15:16.000000',NULL,'2025-03-05 17:00:00.000000','Tìm kiếm và đánh giá các bộ dữ liệu tiềm năng',0,0,_binary '\0','','CRITICAL','TODO','THEORY','0efffdb4-b730-4f32-b930-79dddc45554a','66fb3db5-3f1f-41b6-9ee9-c7c01a801de8',NULL,'50b47ab0-c2b8-4bfd-95bf-c35023aaf198','2025-03-05 17:00:00.000000'),('bd36a8ed-1399-4d9d-8da6-df1b9aaac427','21130359',_binary '\0',NULL,'2025-07-30 04:29:26.346419',NULL,'2025-08-02 15:34:40.303617','21130359',0,NULL,'2025-04-27 17:28:29.000000',NULL,'2025-04-27 00:00:00.000000','Hiện thực module đăng ký/đăng nhập',0,0,_binary '\0','','CRITICAL','DONE','PRACTICE',NULL,'a5bc1288-fe8b-41c1-8993-152dbe7cb3fa',NULL,'02d28358-9e5a-4b65-9f56-bac4a0bffc34','2025-03-01 14:00:00.000000'),('bd46218e-efbf-4d78-8ca9-488d10bd8025','21130335',_binary '\0',NULL,'2025-08-03 10:55:59.198659',NULL,'2025-08-03 10:55:59.198659','21130335',0,NULL,'2025-03-28 17:00:00.000000',NULL,'2025-03-22 17:00:00.000000','Ghi tài liệu Decorator và Iterator',0,0,_binary '','0','MINOR','TODO','THEORY','654bfbae-b089-4f97-bcd6-e8183a3a0783','bdf5e58c-8905-4f18-afb3-d36945768d9f','9ca7eb3e-24a0-4a16-9d24-82d86344ac7b','4d8b7804-ba53-497d-8f69-3ecbe2ba6c05','2025-01-31 19:04:15.000000'),('bdba309e-a28f-4ae8-90cf-9968d7641098','21130320',_binary '\0',NULL,'2025-07-09 06:01:51.766749',NULL,'2025-07-09 16:10:25.024288','21130320',0,'<p>	Chọn bài toán ML thực tế</p>','2025-04-08 03:57:13.000000',NULL,'2025-04-04 17:00:00.000000','Thảo luận và thống nhất đề tài nhóm',0,0,_binary '\0','','CRITICAL','TODO','THEORY','0efffdb4-b730-4f32-b930-79dddc45554a','66fb3db5-3f1f-41b6-9ee9-c7c01a801de8','17194877-c523-475f-9bf6-e627293e916f','2fec7291-d7dd-4835-853f-f3d8453487eb','2025-04-04 17:00:00.000000'),('bed85d31-b2e0-420c-99f3-16ca937aac40','22130001',_binary '\0',NULL,'2025-08-03 10:55:33.671246',NULL,'2025-08-03 10:55:33.671246','22130001',1,NULL,'2025-03-21 17:00:00.000000',NULL,'2025-03-15 17:00:00.000000','Nghiên cứu Abstract Factory Pattern',0,0,_binary '','0','MAJOR','TODO','THEORY','1e999da3-163f-4a7c-84cd-2678f6ca565d','66436f4d-8245-433d-a9d2-d0eb03a6a47b','c94c51f9-dbd5-4c78-b857-46f2592d1fe1','1d95edd7-9ceb-4e2c-af16-35735c0d39e8','2025-01-31 19:03:50.000000'),('bf5a8e38-50fd-4aac-a76d-8a3e9084a4a4','21130320',_binary '\0',NULL,'2025-07-08 01:06:53.767588',NULL,'2025-07-21 02:42:50.987409','21130320',0,'<p><br></p>','2025-03-21 17:00:00.000000',NULL,'2025-05-03 17:00:00.000000','Đăng nhập với Google',0,0,_binary '','0','CRITICAL','BACKLOG','THEORY','0efffdb4-b730-4f32-b930-79dddc45554a','caf9e00b-e1c5-4b0f-9c49-2eac892a327e','29494edf-a498-48f4-85e1-e33775976468',NULL,NULL),('bfc12383-f4f0-4238-92d8-135d2720c5f8','21130601',_binary '\0',NULL,'2025-07-30 04:18:36.018877',NULL,'2025-08-02 15:34:05.188147','21130601',0,NULL,'2025-04-27 17:27:54.000000',NULL,'2025-04-27 00:00:00.000000','Xây dựng phân quyền cơ bản',0,0,_binary '\0','','MAJOR','DONE','PRACTICE','877fd8ab-c4ee-4109-812c-965f17c590f1','a8eb1192-3e81-42e8-9f69-8483736af936','cf1781cc-fd98-477f-8fb9-da0b45544521','02d28358-9e5a-4b65-9f56-bac4a0bffc34','2025-03-01 14:00:00.000000'),('bfcd2a31-fa11-457f-88db-7958685618bb','20130224',_binary '\0',NULL,'2025-08-03 10:56:23.958814',NULL,'2025-08-03 10:56:23.958814','20130224',0,NULL,'2025-04-04 17:00:00.000000',NULL,'2025-03-29 17:00:00.000000','Thiết kế Template Method cho quy trình nhập kho',0,0,_binary '','0','MAJOR','TODO','PRACTICE','0ddff544-bc3b-420d-b503-312315fd770d','97d36d58-6a95-44ba-9e9c-d9850208de3f','0fbf8da7-6caa-46bc-a29b-ee41767323dd','fca63275-f3b3-4839-b287-a8b7474dd393','2025-01-31 19:04:40.000000'),('bfe5486c-4b4b-4bee-8d47-787d5b53c0c6','21130359',_binary '\0',NULL,'2025-08-03 10:56:37.972509',NULL,'2025-08-03 10:56:37.972509','21130359',0,NULL,'2025-04-18 17:00:00.000000',NULL,'2025-04-05 17:00:00.000000','Hiện thực các lớp Model cơ bản',0,0,_binary '','0','MAJOR','TODO','PRACTICE','4587115e-b26e-4761-8de8-41826f97d842','a6154ca9-d3f9-4a18-a20a-e0da52601faa','acef4982-efaf-450c-ba00-7f889d15ca49','07743875-1d87-4d81-8c5c-4e909871d8f0','2025-01-31 19:04:54.000000'),('c037f8ed-bb76-4503-b6c4-cf245b110e83','21130363',_binary '\0',NULL,'2025-08-03 10:55:00.676606',NULL,'2025-08-03 10:55:00.676606','21130363',0,NULL,'2025-03-21 17:00:00.000000',NULL,'2025-03-15 17:00:00.000000','Thiết kế Factory Method cho tạo loại dịch vụ',0,0,_binary '','0','MAJOR','TODO','PRACTICE','f3ee7d4d-d82b-45d8-8c46-6756b1b6ea88','03ef89f3-394a-4447-ab47-2768e03ea221','d1aca7d1-1754-4931-a600-e6d30953b632','1d95edd7-9ceb-4e2c-af16-35735c0d39e8','2025-01-31 19:03:17.000000'),('c0aa89e3-f4cc-49e9-9204-4fb119f02ae9','21130359',_binary '\0',NULL,'2025-08-03 10:56:37.738671',NULL,'2025-08-03 10:56:37.738671','21130359',0,NULL,'2025-03-07 17:00:00.000000',NULL,'2025-03-01 17:00:00.000000','Ghi tài liệu về Strategy Pattern',0,0,_binary '','0','MINOR','TODO','THEORY','acef4982-efaf-450c-ba00-7f889d15ca49','a6154ca9-d3f9-4a18-a20a-e0da52601faa','e8ce7209-bec9-428a-9548-239de2754237','542b89e4-501f-418c-8e43-890f945e847a','2025-01-31 19:04:54.000000'),('c0b7c5a9-1d7e-42c5-8bd1-596551a28648','21130335',_binary '\0',NULL,'2025-07-30 04:29:06.222887',NULL,'2025-08-03 03:22:02.819500','21130335',1,NULL,'2025-05-21 11:56:52.000000',NULL,'2025-05-18 00:00:00.000000','Hiển thị lịch sử đặt vé cho người dùng',0,0,_binary '\0','','MAJOR','DONE','PRACTICE',NULL,'cfcba21d-966a-43b8-a1a8-9751e05ed7c5',NULL,'55737e22-cac3-411e-96a1-b5b1a1488b61','2025-03-01 14:00:00.000000'),('c0d40a25-364b-4fe9-b18e-68891ffcdf9a','21130363',_binary '\0',NULL,'2025-07-08 04:03:25.468267',NULL,'2025-07-29 03:04:03.505944','21130363',0,'<p><br></p>','2025-02-14 17:00:00.000000',NULL,'2025-02-08 17:00:00.000000','Mô hình kinh doanh bán quần áo',0,0,_binary '\0','','CRITICAL','REVIEW','THEORY',NULL,'3bff699d-9121-413b-8896-49b00f0952a3',NULL,'565e13cb-7a4c-4f75-88f2-903a54ddc690','2025-02-08 17:00:00.000000'),('c12898d9-cb4d-4e1a-aed2-a5bec897d136','22130001',_binary '\0',NULL,'2025-07-30 04:28:24.868201',NULL,'2025-08-03 03:19:34.406246','22130001',0,NULL,'2025-05-21 11:54:24.000000',NULL,'2025-05-18 00:00:00.000000','Hiện thực cách tính tiền cho đơn hàng cây cảnh',0,0,_binary '\0','','CRITICAL','DONE','PRACTICE','1e999da3-163f-4a7c-84cd-2678f6ca565d','f27d5a34-ecc1-4c32-8fd9-44615cbbed19','c94c51f9-dbd5-4c78-b857-46f2592d1fe1','55737e22-cac3-411e-96a1-b5b1a1488b61','2025-03-01 14:00:00.000000'),('c15eee3c-392d-4e01-8ea5-6e32f1133f1e','21130320',_binary '\0',NULL,'2025-08-03 10:52:11.535910',NULL,'2025-08-03 10:52:11.535910','21130320',0,NULL,'2025-04-18 17:00:00.000000',NULL,'2025-04-05 17:00:00.000000','Thiết kế cấu trúc MVC cho ứng dụng',0,0,_binary '','0','MAJOR','TODO','PRACTICE','0efffdb4-b730-4f32-b930-79dddc45554a','5122db1f-5ad5-4c6a-baea-404608794939','29494edf-a498-48f4-85e1-e33775976468','07743875-1d87-4d81-8c5c-4e909871d8f0','2025-01-31 19:00:27.000000'),('c18b32c3-87c2-4a2b-837e-6bc88cbc410e','21130371',_binary '\0',NULL,'2025-08-03 10:56:48.238271',NULL,'2025-08-03 10:56:48.238271','21130371',1,NULL,'2025-05-09 17:00:00.000000',NULL,'2025-05-03 17:00:00.000000','Kiểm tra lỗi và sửa lỗi',0,0,_binary '','0','MINOR','TODO','PRACTICE','4d5f6b20-6bc0-4671-b683-904e880509d8','6cc2afa7-7786-4f77-9e9b-e5e3d3abbda7','b5090bc3-59bb-4aa5-968c-8ea52e045d9d','248f987f-a6ca-401f-af4d-776eb16310c2','2025-01-31 19:05:04.000000'),('c19bac85-3592-44e0-aa9c-63a4c923e81a','21130320',_binary '\0',NULL,'2025-07-30 04:16:37.027838',NULL,'2025-08-02 08:54:53.416255','21130320',0,NULL,'2025-03-25 17:13:49.000000',NULL,'2025-03-23 00:00:00.000000','Thiết kế ERD cho sản phẩm & danh mục',0,0,_binary '\0','','CRITICAL','DONE','PRACTICE','0efffdb4-b730-4f32-b930-79dddc45554a','dc9af886-7862-4815-9876-037e5440de12','29494edf-a498-48f4-85e1-e33775976468','d74cdee3-a4fc-44b4-bd90-1e53bec5cad1','2025-03-01 14:00:00.000000'),('c1da63aa-8d7e-45c7-b468-5759077b3fc4','21130320',_binary '\0',NULL,'2025-08-03 10:52:11.208492',NULL,'2025-08-03 10:52:11.208492','21130320',0,NULL,'2025-02-28 17:00:00.000000',NULL,'2025-02-15 17:00:00.000000','Hiện thực lớp Product và Customer',0,0,_binary '','0','MAJOR','TODO','PRACTICE','0efffdb4-b730-4f32-b930-79dddc45554a','5122db1f-5ad5-4c6a-baea-404608794939','29494edf-a498-48f4-85e1-e33775976468','49dd8be6-7191-430b-acae-501c1bee2770','2025-01-31 19:00:27.000000'),('c2317a6d-30c4-4b68-8c6e-045b0b906017','21130451',_binary '\0',NULL,'2025-08-03 10:53:12.656194',NULL,'2025-08-03 10:53:12.656194','21130451',0,NULL,'2025-02-14 17:00:00.000000',NULL,'2025-02-08 17:00:00.000000','Xác định yêu cầu chức năng',0,0,_binary '','0','MAJOR','TODO','PRACTICE','56ecb8b8-6a8a-471a-826f-3a827025e524','29d9f886-4301-4881-8785-f773e8e9b3c7','7cc9eb1e-b051-4fc4-9b5d-0dd423b9b723','1b19a7f7-7e06-4a7c-a3a0-918eb14670bf','2025-01-31 19:01:29.000000'),('c2b49f9a-659d-405c-83a4-7c0f1c1a789e','21130320',_binary '\0',NULL,'2025-08-03 10:52:11.689744',NULL,'2025-08-03 10:52:11.689744','21130320',1,NULL,'2025-05-09 17:00:00.000000',NULL,'2025-05-03 17:00:00.000000','Kiểm tra lỗi và sửa lỗi',0,0,_binary '','0','MINOR','TODO','PRACTICE','17194877-c523-475f-9bf6-e627293e916f','5122db1f-5ad5-4c6a-baea-404608794939','0efffdb4-b730-4f32-b930-79dddc45554a','248f987f-a6ca-401f-af4d-776eb16310c2','2025-01-31 19:00:28.000000'),('c2d1bba2-a1b0-4fed-aa49-088d3faaf097','21130320',_binary '\0',NULL,'2025-07-08 00:44:40.612398',NULL,'2025-07-11 16:05:19.428163','21130320',0,'<p><br></p>','2025-03-15 20:48:20.000000',NULL,'2025-03-15 17:00:00.000000','Tạo UI giỏ hàng',0,0,_binary '\0','','CRITICAL','TODO','THEORY','0efffdb4-b730-4f32-b930-79dddc45554a','caf9e00b-e1c5-4b0f-9c49-2eac892a327e','17194877-c523-475f-9bf6-e627293e916f','0a98d5b3-7a3f-4cd0-a294-b04adeccbe7c','2025-03-15 17:00:00.000000'),('c2ff29e5-b5cd-46bb-afde-d46b4f7733b0','21130335',_binary '\0',NULL,'2025-07-30 04:29:06.136354',NULL,'2025-08-03 01:01:45.625199','21130335',1,NULL,'2025-05-10 00:00:00.000000',NULL,'2025-05-04 00:00:00.000000','Hiện thực chức năng xem lịch chiếu theo rạp/phim',0,0,_binary '','','MAJOR','REVIEW','PRACTICE','8525cbcd-87f7-4826-96d2-05ef5a536c9b','cfcba21d-966a-43b8-a1a8-9751e05ed7c5','9ca7eb3e-24a0-4a16-9d24-82d86344ac7b','5b1751c1-f7f6-42f3-b556-2db391f9527a','2025-03-01 14:00:00.000000'),('c32e7ba7-ae66-4e4d-bc5a-b97e6188d2f2','20130224',_binary '\0',NULL,'2025-07-30 04:29:15.751750',NULL,'2025-08-03 03:29:49.016323','20130224',0,NULL,'2025-05-23 04:04:35.000000',NULL,'2025-05-18 00:00:00.000000','Quản lý & xác nhận người tham dự (Ban tổ chức)',0,0,_binary '\0','','CRITICAL','DONE','PRACTICE','0ddff544-bc3b-420d-b503-312315fd770d','253ac332-b8e2-43a7-bbc7-d673ddabc733','bf4ca8d4-f8f2-406a-99cd-8e043a030a39','55737e22-cac3-411e-96a1-b5b1a1488b61','2025-03-01 14:00:00.000000'),('c3652b39-aeb9-44ed-8c57-caf922d04455','21130451',_binary '\0',NULL,'2025-08-03 10:53:12.956480',NULL,'2025-08-03 10:53:12.956480','21130451',0,NULL,'2025-03-28 17:00:00.000000',NULL,'2025-03-22 17:00:00.000000','Ghi tài liệu Decorator và Iterator',0,0,_binary '','0','MINOR','TODO','THEORY','56ecb8b8-6a8a-471a-826f-3a827025e524','29d9f886-4301-4881-8785-f773e8e9b3c7','7cc9eb1e-b051-4fc4-9b5d-0dd423b9b723','4d8b7804-ba53-497d-8f69-3ecbe2ba6c05','2025-01-31 19:01:29.000000'),('c3814312-e211-4155-afc2-2dbc9ca99614','21130359',_binary '\0',NULL,'2025-07-30 04:29:26.309332',NULL,'2025-08-02 11:07:32.706442','21130359',1,NULL,'2025-04-09 00:50:57.000000',NULL,'2025-04-06 00:00:00.000000','Thiết kế giao diện trang chi tiết sản phẩm',0,1,_binary '\0','','CRITICAL','DONE','PRACTICE','e8ce7209-bec9-428a-9548-239de2754237','a5bc1288-fe8b-41c1-8993-152dbe7cb3fa','4587115e-b26e-4761-8de8-41826f97d842','c4389934-e970-4cab-9330-2d517122d28d','2025-03-01 14:00:00.000000'),('c4acdbda-5877-4380-a8b9-dc4a4140e29b','21130451',_binary '\0',NULL,'2025-07-08 03:42:23.774393',NULL,'2025-07-11 16:05:36.310160','21130451',0,'<p><br></p>','2025-03-15 20:48:37.000000',NULL,'2025-03-15 17:00:00.000000','Tích hợp backend',0,0,_binary '\0','','CRITICAL','TODO','THEORY','56ecb8b8-6a8a-471a-826f-3a827025e524','8f109a77-484b-4f39-a076-6b2a44b8137a','4527de36-9be4-4ba3-994d-f6276f6c67c0','0a98d5b3-7a3f-4cd0-a294-b04adeccbe7c','2025-03-15 17:00:00.000000'),('c4ae5645-d597-4a39-a01f-929e49ac0d92','20130224',_binary '\0',NULL,'2025-07-30 04:29:15.737682',NULL,'2025-08-03 03:29:49.971670','20130224',1,NULL,'2025-05-23 04:04:35.000000',NULL,'2025-05-18 00:00:00.000000','Hiển thị lịch sử đăng ký & vé đã mua cho người dùng',0,0,_binary '\0','','MAJOR','DONE','PRACTICE','0fbf8da7-6caa-46bc-a29b-ee41767323dd','253ac332-b8e2-43a7-bbc7-d673ddabc733','bf4ca8d4-f8f2-406a-99cd-8e043a030a39','55737e22-cac3-411e-96a1-b5b1a1488b61','2025-03-01 14:00:00.000000'),('c4bd1655-5f4b-4928-aa4c-425b98de35ab','20130224',_binary '\0',NULL,'2025-08-03 10:56:23.973832',NULL,'2025-08-03 10:56:23.973832','20130224',1,NULL,'2025-04-04 17:00:00.000000',NULL,'2025-03-29 17:00:00.000000','Nghiên cứu Visitor Pattern cho báo cáo tồn kho',0,0,_binary '','0','MAJOR','TODO','THEORY','0fbf8da7-6caa-46bc-a29b-ee41767323dd','97d36d58-6a95-44ba-9e9c-d9850208de3f','bf4ca8d4-f8f2-406a-99cd-8e043a030a39','fca63275-f3b3-4839-b287-a8b7474dd393','2025-01-31 19:04:40.000000'),('c4f51e6f-6be9-4dbd-bce6-1fae6a2508c3','20130224',_binary '\0',NULL,'2025-08-03 10:56:23.940928',NULL,'2025-08-03 10:56:23.940928','20130224',0,NULL,'2025-03-28 17:00:00.000000',NULL,'2025-03-22 17:00:00.000000','Ghi tài liệu Decorator và Iterator',0,0,_binary '','0','MINOR','TODO','THEORY','bf4ca8d4-f8f2-406a-99cd-8e043a030a39','97d36d58-6a95-44ba-9e9c-d9850208de3f','0ddff544-bc3b-420d-b503-312315fd770d','4d8b7804-ba53-497d-8f69-3ecbe2ba6c05','2025-01-31 19:04:40.000000'),('c5c8d3dc-14ac-4d9f-8643-fa10cc1c7134','21130371',_binary '\0',NULL,'2025-08-03 10:56:47.836046',NULL,'2025-08-03 10:56:47.836046','21130371',0,NULL,'2025-03-07 17:00:00.000000',NULL,'2025-03-01 17:00:00.000000','Ghi tài liệu về Strategy Pattern',0,0,_binary '','0','MINOR','TODO','THEORY','4d5f6b20-6bc0-4671-b683-904e880509d8','6cc2afa7-7786-4f77-9e9b-e5e3d3abbda7','b5090bc3-59bb-4aa5-968c-8ea52e045d9d','542b89e4-501f-418c-8e43-890f945e847a','2025-01-31 19:05:04.000000'),('c623c423-ca74-4e49-943e-4af522247268','21130371',_binary '\0',NULL,'2025-07-30 04:29:44.972961',NULL,'2025-08-02 14:49:21.311303','21130371',1,NULL,'2025-04-22 17:30:51.000000',NULL,'2025-04-20 00:00:00.000000','Chuẩn bị tài liệu báo cáo giữa kì',0,0,_binary '\0','','MAJOR','DONE','THEORY','4d5f6b20-6bc0-4671-b683-904e880509d8','d909ec23-e3b8-473c-8b53-b0dd10e5cb4a','e8940cd9-c8f9-4bd8-97b6-be4f7b8536e7','9000c302-d92f-436d-a59e-c1de271cbe87','2025-03-01 14:00:00.000000'),('c648f18d-1f0f-4bf4-b414-32fb37696eb1','21130320',_binary '\0',NULL,'2025-07-09 06:18:26.650440',NULL,'2025-07-09 15:53:46.643662','21130320',0,'<p>Sử dụng fast api</p>','2025-03-25 12:59:47.000000',NULL,'2025-03-20 17:00:00.000000','Xây dựng giao diện sử dụng mô hình',0,0,_binary '\0','','CRITICAL','TODO','THEORY','17194877-c523-475f-9bf6-e627293e916f','66fb3db5-3f1f-41b6-9ee9-c7c01a801de8','0efffdb4-b730-4f32-b930-79dddc45554a','be992de1-8f5a-4c5b-8158-2d7ae3c7ab38','2025-03-20 17:00:00.000000'),('c6bbeac9-06e0-412f-986c-e80bfa1da479','21130371',_binary '\0',NULL,'2025-07-30 04:29:45.174898',NULL,'2025-08-03 04:00:14.421755','21130371',0,NULL,'2025-05-28 04:34:49.000000',NULL,'2025-05-25 00:00:00.000000','Xây dựng module gợi ý sản phẩm cá nhân hóa',0,0,_binary '\0','','CRITICAL','DONE','PRACTICE','4d5f6b20-6bc0-4671-b683-904e880509d8','d909ec23-e3b8-473c-8b53-b0dd10e5cb4a','e8940cd9-c8f9-4bd8-97b6-be4f7b8536e7','00f6f2eb-2153-40a6-b2f3-8f4837ba3a3c','2025-03-01 14:00:00.000000'),('c736235c-ec53-4b97-91a3-83f919349793','21130359',_binary '\0',NULL,'2025-08-03 10:56:37.809392',NULL,'2025-08-03 10:56:37.809392','21130359',0,NULL,'2025-03-21 17:00:00.000000',NULL,'2025-03-15 17:00:00.000000','Thiết kế Factory Method cho tạo loại bài tập',0,0,_binary '','0','MAJOR','TODO','PRACTICE','e8ce7209-bec9-428a-9548-239de2754237','a6154ca9-d3f9-4a18-a20a-e0da52601faa','4587115e-b26e-4761-8de8-41826f97d842','1d95edd7-9ceb-4e2c-af16-35735c0d39e8','2025-01-31 19:04:54.000000'),('c746ba3f-616a-4b63-b4b4-5198dbe66e42','20130224',_binary '\0',NULL,'2025-08-03 10:56:23.911533',NULL,'2025-08-03 10:56:23.911533','20130224',0,NULL,'2025-03-28 17:00:00.000000',NULL,'2025-03-22 17:00:00.000000','Hiện thực Decorator Pattern cho thuộc tính sản phẩm',0,0,_binary '','0','MAJOR','TODO','PRACTICE','0ddff544-bc3b-420d-b503-312315fd770d','97d36d58-6a95-44ba-9e9c-d9850208de3f','0fbf8da7-6caa-46bc-a29b-ee41767323dd','4d8b7804-ba53-497d-8f69-3ecbe2ba6c05','2025-01-31 19:04:40.000000'),('c7699e2b-1ac8-41f7-a425-9c64cb8662a1','21130359',_binary '\0',NULL,'2025-07-30 04:29:26.272122',NULL,'2025-08-02 11:07:31.869865','21130359',1,NULL,'2025-04-09 00:50:56.000000',NULL,'2025-04-06 00:00:00.000000','Thiết kế giao diện trang danh mục thể thao',0,0,_binary '\0','','MAJOR','DONE','PRACTICE','4587115e-b26e-4761-8de8-41826f97d842','a5bc1288-fe8b-41c1-8993-152dbe7cb3fa','e8ce7209-bec9-428a-9548-239de2754237','c4389934-e970-4cab-9330-2d517122d28d','2025-03-01 14:00:00.000000'),('c81822f2-dfcf-48bc-aff7-545db1cde962','20130224',_binary '\0',NULL,'2025-08-03 10:56:23.746574',NULL,'2025-08-03 10:56:23.746574','20130224',1,NULL,'2025-02-28 17:00:00.000000',NULL,'2025-02-15 17:00:00.000000','Thiết kế Class Diagram cho Sản phẩm và Kho',0,0,_binary '','0','MAJOR','TODO','PRACTICE','bf4ca8d4-f8f2-406a-99cd-8e043a030a39','97d36d58-6a95-44ba-9e9c-d9850208de3f','0ddff544-bc3b-420d-b503-312315fd770d','49dd8be6-7191-430b-acae-501c1bee2770','2025-01-31 19:04:40.000000'),('c8a4df81-cf3f-4518-b0b3-808024c5b287','21130601',_binary '\0',NULL,'2025-08-03 10:53:22.695495',NULL,'2025-08-03 10:53:22.695495','21130601',0,NULL,'2025-03-14 17:00:00.000000',NULL,'2025-03-08 17:00:00.000000','Hiện thực Singleton Pattern cho quản lý bãi xe',0,0,_binary '','0','MAJOR','TODO','PRACTICE','cf1781cc-fd98-477f-8fb9-da0b45544521','6d7c2809-16b0-4200-99b7-ca3ce7ab72f7','877fd8ab-c4ee-4109-812c-965f17c590f1','00bf93d6-7893-481b-b3a6-7536a788f22d','2025-01-31 19:01:39.000000'),('c945c6d5-6302-47da-be6f-41f8689fa532','21130451',_binary '\0',NULL,'2025-07-08 03:42:23.736557',NULL,'2025-07-11 16:57:42.204833','21130451',0,'<p><br></p>','2025-03-30 01:40:25.000000',NULL,'2025-03-29 17:00:00.000000','Tạo Ui đơn hàng',0,0,_binary '\0','','CRITICAL','TODO','THEORY','4527de36-9be4-4ba3-994d-f6276f6c67c0','8f109a77-484b-4f39-a076-6b2a44b8137a','7cc9eb1e-b051-4fc4-9b5d-0dd423b9b723','28e4b229-c075-444e-bb7e-b2f27a9fd103','2025-03-29 17:00:00.000000'),('c9bf15b7-522f-4cc4-8b3e-4454bff06b82','21130363',_binary '\0',NULL,'2025-08-03 10:55:00.641300',NULL,'2025-08-03 10:55:00.641300','21130363',0,NULL,'2025-03-14 17:00:00.000000',NULL,'2025-03-08 17:00:00.000000','Thiết kế Observer Pattern cho thông báo lịch hẹn',0,0,_binary '','0','MAJOR','TODO','PRACTICE','d1aca7d1-1754-4931-a600-e6d30953b632','03ef89f3-394a-4447-ab47-2768e03ea221','d22a81b9-1297-4971-a5b1-2ea027e0fa8d','00bf93d6-7893-481b-b3a6-7536a788f22d','2025-01-31 19:03:17.000000'),('c9f5dc04-c68f-46cf-a33e-292114782f8f','21130320',_binary '\0',NULL,'2025-07-30 04:16:37.293706',NULL,'2025-08-03 03:29:23.928437','21130320',0,NULL,'2025-05-23 04:04:09.000000',NULL,'2025-05-18 00:00:00.000000','Hiện thực cách tính tiền cho sản phẩm',0,0,_binary '\0','','CRITICAL','DONE','PRACTICE','0efffdb4-b730-4f32-b930-79dddc45554a','dc9af886-7862-4815-9876-037e5440de12','29494edf-a498-48f4-85e1-e33775976468','55737e22-cac3-411e-96a1-b5b1a1488b61','2025-03-01 14:00:00.000000'),('ca1ecdc3-fe02-421a-89ca-ba83746c2e17','21130279',_binary '\0',NULL,'2025-08-03 10:55:50.265017',NULL,'2025-08-03 10:55:50.265017','21130279',0,NULL,'2025-03-21 17:00:00.000000',NULL,'2025-03-15 17:00:00.000000','Ghi tài liệu Factory Method',0,0,_binary '','0','MINOR','TODO','THEORY','bbecaa3b-396a-4cfd-8fb5-908ceb80b212','e18c1088-2d20-400c-81bf-6eaca20ede2e','e95ab128-0e4a-494b-bcd8-47bb5e0f6355','1d95edd7-9ceb-4e2c-af16-35735c0d39e8','2025-01-31 19:04:06.000000'),('cab52c6f-c82b-4919-9fee-54972928969f','21130320',_binary '\0',NULL,'2025-08-03 10:52:11.347027',NULL,'2025-08-03 10:52:11.347027','21130320',0,NULL,'2025-03-14 17:00:00.000000',NULL,'2025-03-08 17:00:00.000000','Ghi tài liệu về Singleton và Observer',0,0,_binary '','0','MINOR','TODO','THEORY','17194877-c523-475f-9bf6-e627293e916f','5122db1f-5ad5-4c6a-baea-404608794939','0efffdb4-b730-4f32-b930-79dddc45554a','00bf93d6-7893-481b-b3a6-7536a788f22d','2025-01-31 19:00:27.000000'),('cacbf4a1-0255-4e05-8617-10dce687edcd','21130363',_binary '\0',NULL,'2025-07-30 04:26:37.585652',NULL,'2025-08-03 01:24:22.983602','21130363',1,NULL,'2025-05-12 05:59:31.000000',NULL,'2025-05-11 00:00:00.000000','Phân biệt các tùy chọn món ăn trong giỏ hàng',0,0,_binary '\0','','MAJOR','DONE','PRACTICE','d1aca7d1-1754-4931-a600-e6d30953b632','80bc4a94-2ad4-44e8-bc20-8e76a44864e5','f3ee7d4d-d82b-45d8-8c46-6756b1b6ea88','8bace90b-9f85-46b3-9411-8e098ba21c6e','2025-03-01 14:00:00.000000'),('cad72563-29e2-449f-91e8-acd0fb6f6d53','20130224',_binary '\0',NULL,'2025-07-30 06:16:02.490338',NULL,'2025-08-02 09:48:58.963407','20130224',1,'<p><br></p>','2025-03-29 01:19:02.000000',NULL,'2025-03-23 00:00:00.000000','Thiết kế ERD cho thanh toán & hóa đơn',0,0,_binary '\0','','CRITICAL','DONE','THEORY','0fbf8da7-6caa-46bc-a29b-ee41767323dd','253ac332-b8e2-43a7-bbc7-d673ddabc733','0ddff544-bc3b-420d-b503-312315fd770d','d74cdee3-a4fc-44b4-bd90-1e53bec5cad1','2025-03-01 14:00:00.000000'),('cb2796db-5c3b-43c3-b22d-10d227e28a48','21130279',_binary '\0',NULL,'2025-08-03 10:55:50.329854',NULL,'2025-08-03 10:55:50.329854','21130279',0,NULL,'2025-04-04 17:00:00.000000',NULL,'2025-03-29 17:00:00.000000','Thiết kế Template Method cho quy trình đăng ký sự kiện',0,0,_binary '','0','MAJOR','TODO','PRACTICE','e95ab128-0e4a-494b-bcd8-47bb5e0f6355','e18c1088-2d20-400c-81bf-6eaca20ede2e','d48742db-1f1a-4bf1-aeef-1865a47b5d09','fca63275-f3b3-4839-b287-a8b7474dd393','2025-01-31 19:04:06.000000'),('cb5d9dd7-10db-4bec-9815-d23630b5928a','21130279',_binary '\0',NULL,'2025-08-03 10:55:50.376768',NULL,'2025-08-03 10:55:50.376768','21130279',0,NULL,'2025-04-18 17:00:00.000000',NULL,'2025-04-05 17:00:00.000000','Thiết kế cấu trúc MVC cho ứng dụng',0,0,_binary '','0','MAJOR','TODO','PRACTICE','e95ab128-0e4a-494b-bcd8-47bb5e0f6355','e18c1088-2d20-400c-81bf-6eaca20ede2e','d48742db-1f1a-4bf1-aeef-1865a47b5d09','07743875-1d87-4d81-8c5c-4e909871d8f0','2025-01-31 19:04:06.000000'),('cb649abc-859e-4f68-8241-83641701a625','21130320',_binary '\0',NULL,'2025-07-09 06:06:56.444443',NULL,'2025-07-09 15:27:31.294171','21130320',0,'<p><br></p>','2025-02-22 21:03:15.000000',NULL,'2025-02-18 17:00:00.000000','Chuẩn hóa dữ liệu',0,0,_binary '\0','','CRITICAL','TODO','THEORY','29494edf-a498-48f4-85e1-e33775976468','66fb3db5-3f1f-41b6-9ee9-c7c01a801de8','17194877-c523-475f-9bf6-e627293e916f','94b4cde8-df2d-4241-a80a-d79fffaafd45','2025-02-18 17:00:00.000000'),('cb88a700-0b5d-499f-a0c9-737a5543b324','21130359',_binary '\0',NULL,'2025-07-30 04:29:26.424975',NULL,'2025-08-03 01:25:01.024243','21130359',1,NULL,'2025-05-12 06:00:09.000000',NULL,'2025-05-11 00:00:00.000000','Lưu giỏ hàng trong session và database',0,0,_binary '\0','','MAJOR','DONE','PRACTICE','4587115e-b26e-4761-8de8-41826f97d842','a5bc1288-fe8b-41c1-8993-152dbe7cb3fa','e8ce7209-bec9-428a-9548-239de2754237','8bace90b-9f85-46b3-9411-8e098ba21c6e','2025-03-01 14:00:00.000000'),('cbccb7a8-fe83-4e27-9c77-805097ebefd1','21130320',_binary '\0',NULL,'2025-07-08 07:27:44.168728',NULL,'2025-07-11 17:09:40.391901','21130320',0,'<p><br></p>','2025-05-17 17:00:00.000000',NULL,'2025-05-03 17:00:00.000000','Quản lý sản phẩm cho admin',0,0,_binary '\0','','CRITICAL','TODO','THEORY','17194877-c523-475f-9bf6-e627293e916f','caf9e00b-e1c5-4b0f-9c49-2eac892a327e','29494edf-a498-48f4-85e1-e33775976468','20550769-da23-4d54-983e-bdcc62d80a37','2025-05-03 17:00:00.000000'),('cc4daafc-32d7-4dfd-8b59-20d7785515be','21130363',_binary '\0',NULL,'2025-08-03 10:55:00.957467',NULL,'2025-08-03 10:55:00.957467','21130363',1,NULL,'2025-05-09 17:00:00.000000',NULL,'2025-05-03 17:00:00.000000','Kiểm tra lỗi và sửa lỗi',0,0,_binary '','0','MINOR','TODO','PRACTICE','d22a81b9-1297-4971-a5b1-2ea027e0fa8d','03ef89f3-394a-4447-ab47-2768e03ea221','f3ee7d4d-d82b-45d8-8c46-6756b1b6ea88','248f987f-a6ca-401f-af4d-776eb16310c2','2025-01-31 19:03:17.000000'),('cccbb30d-bab7-416c-890c-7d3305314f2d','22130001',_binary '\0',NULL,'2025-07-30 04:28:24.716094',NULL,'2025-08-02 14:48:40.766176','22130001',1,NULL,'2025-04-22 17:30:10.000000',NULL,'2025-04-20 00:00:00.000000','Chuẩn bị tài liệu báo cáo giữa kì',0,0,_binary '\0','','MAJOR','DONE','THEORY','1e999da3-163f-4a7c-84cd-2678f6ca565d','f27d5a34-ecc1-4c32-8fd9-44615cbbed19','c94c51f9-dbd5-4c78-b857-46f2592d1fe1','9000c302-d92f-436d-a59e-c1de271cbe87','2025-03-01 14:00:00.000000'),('cd1399bc-b372-4432-a325-f0f957557a7a','21130363',_binary '\0',NULL,'2025-08-03 10:55:00.741900',NULL,'2025-08-03 10:55:00.741900','21130363',0,NULL,'2025-03-28 17:00:00.000000',NULL,'2025-03-22 17:00:00.000000','Hiện thực Iterator Pattern cho duyệt lịch hẹn',0,0,_binary '','0','MAJOR','TODO','PRACTICE','d1aca7d1-1754-4931-a600-e6d30953b632','03ef89f3-394a-4447-ab47-2768e03ea221','d22a81b9-1297-4971-a5b1-2ea027e0fa8d','4d8b7804-ba53-497d-8f69-3ecbe2ba6c05','2025-01-31 19:03:17.000000'),('cdd54052-1621-4261-85c4-cf7623853e04','21130451',_binary '\0',NULL,'2025-07-30 07:00:14.086640',NULL,'2025-08-02 05:13:18.639804','21130451',1,'<p><br></p>','2025-03-14 17:14:17.000000',NULL,'2025-03-09 00:00:00.000000','Issue thêm sprint 1',0,0,_binary '\0','','CRITICAL','DONE','PRACTICE','56ecb8b8-6a8a-471a-826f-3a827025e524','3438c873-bc50-42c4-a598-1ed31761fe23','4527de36-9be4-4ba3-994d-f6276f6c67c0','bbfddaeb-dea5-4178-b067-e0fa8812c338','2025-03-01 14:00:00.000000'),('ce1a34c4-9a05-4742-9d53-52b2a18cc628','21130451',_binary '\0',NULL,'2025-07-30 04:17:29.560942',NULL,'2025-08-02 05:01:20.705139','21130451',0,NULL,'2025-03-12 05:02:23.000000',NULL,'2025-03-09 00:00:00.000000','Xác định các module chức năng chính',0,0,_binary '\0','','MAJOR','DONE','THEORY','7cc9eb1e-b051-4fc4-9b5d-0dd423b9b723','3438c873-bc50-42c4-a598-1ed31761fe23','56ecb8b8-6a8a-471a-826f-3a827025e524','bbfddaeb-dea5-4178-b067-e0fa8812c338','2025-03-01 14:00:00.000000'),('ce1f0168-6c78-41c0-a837-6c2d7936c5d1','21130335',_binary '\0',NULL,'2025-08-03 10:55:59.115334',NULL,'2025-08-03 10:55:59.115334','21130335',0,NULL,'2025-03-21 17:00:00.000000',NULL,'2025-03-15 17:00:00.000000','Thiết kế Factory Method cho tạo khối gạch',0,0,_binary '','0','MAJOR','TODO','PRACTICE','9ca7eb3e-24a0-4a16-9d24-82d86344ac7b','bdf5e58c-8905-4f18-afb3-d36945768d9f','8525cbcd-87f7-4826-96d2-05ef5a536c9b','1d95edd7-9ceb-4e2c-af16-35735c0d39e8','2025-01-31 19:04:15.000000'),('ce972cbe-8586-401c-ae0d-0713ab6bc8a6','21130363',_binary '\0',NULL,'2025-07-08 04:03:25.627296',NULL,'2025-07-08 04:03:25.627296','21130363',0,'<p><br></p>','2025-03-14 17:00:00.000000',NULL,'2025-03-01 17:00:00.000000','Tạo Api phân trang và tích hợp',0,0,_binary '\0','0','CRITICAL','TODO','THEORY',NULL,'3bff699d-9121-413b-8896-49b00f0952a3',NULL,'018a1ba5-dda1-4179-b73e-176e6693a371','2025-03-01 17:00:00.000000'),('cee60476-b298-4b43-87bd-09b5e6526b42','21130359',_binary '\0',NULL,'2025-07-30 04:29:26.397973',NULL,'2025-08-03 00:58:53.804598','21130359',1,NULL,'2025-05-04 17:34:13.000000',NULL,'2025-05-04 00:00:00.000000','Xây dựng trang sản phẩm bán chạy/mới về',0,0,_binary '\0','','MAJOR','DONE','PRACTICE','acef4982-efaf-450c-ba00-7f889d15ca49','a5bc1288-fe8b-41c1-8993-152dbe7cb3fa','e8ce7209-bec9-428a-9548-239de2754237','5b1751c1-f7f6-42f3-b556-2db391f9527a','2025-03-01 14:00:00.000000'),('cf0f1994-c9a2-4593-963e-c39502f8b1f5','21130363',_binary '\0',NULL,'2025-07-30 04:26:37.570397',NULL,'2025-08-03 01:24:23.692639','21130363',2,NULL,'2025-05-12 05:59:32.000000',NULL,'2025-05-11 00:00:00.000000','Lưu giỏ hàng trong session và database',0,0,_binary '\0','','MAJOR','DONE','PRACTICE','d1aca7d1-1754-4931-a600-e6d30953b632','80bc4a94-2ad4-44e8-bc20-8e76a44864e5','f3ee7d4d-d82b-45d8-8c46-6756b1b6ea88','8bace90b-9f85-46b3-9411-8e098ba21c6e','2025-03-01 14:00:00.000000'),('cf6df9a2-6a2c-4586-8883-b075d76d919e','21130335',_binary '\0',NULL,'2025-07-30 04:29:06.029030',NULL,'2025-08-02 11:06:06.743435','21130335',1,NULL,'2025-04-09 00:49:31.000000',NULL,'2025-04-06 00:00:00.000000','Thiết kế giao diện trang lịch chiếu & chọn rạp',0,0,_binary '\0','','MAJOR','DONE','PRACTICE','654bfbae-b089-4f97-bcd6-e8183a3a0783','cfcba21d-966a-43b8-a1a8-9751e05ed7c5','9ca7eb3e-24a0-4a16-9d24-82d86344ac7b','c4389934-e970-4cab-9330-2d517122d28d','2025-03-01 14:00:00.000000'),('cff3d5f2-2533-4a38-a175-16745e57d44d','21130451',_binary '\0',NULL,'2025-07-14 09:21:52.949772',NULL,'2025-07-14 09:32:19.419644','21130451',2,'<p><br></p>','2025-03-31 06:20:47.000000',NULL,'2025-03-29 17:00:00.000000','Ứng dụng Template Method',0,0,_binary '\0','','CRITICAL','TODO','THEORY','56ecb8b8-6a8a-471a-826f-3a827025e524','eb2cff67-6672-4ad6-8b2f-829a547c2595','4527de36-9be4-4ba3-994d-f6276f6c67c0','99157455-4dac-4bd4-a540-f43c0fd93145','2025-03-29 17:00:00.000000'),('cffe2177-cde2-4c88-b765-330df2602ac2','21130371',_binary '\0',NULL,'2025-07-30 06:07:44.354604',NULL,'2025-08-02 15:34:45.169250','21130371',0,'<p><br></p>','2025-04-27 17:28:34.000000',NULL,'2025-04-27 00:00:00.000000','Rà soát và thống nhất naming convention CSDL',0,0,_binary '\0','','CRITICAL','DONE','THEORY','e8940cd9-c8f9-4bd8-97b6-be4f7b8536e7','d909ec23-e3b8-473c-8b53-b0dd10e5cb4a','b5090bc3-59bb-4aa5-968c-8ea52e045d9d','02d28358-9e5a-4b65-9f56-bac4a0bffc34','2025-04-07 05:48:29.000000'),('cfff65de-4dc9-4ff2-b882-0d0d6182cee5','21130363',_binary '\0',NULL,'2025-07-30 04:26:37.384502',NULL,'2025-08-02 10:55:08.510552','21130363',1,NULL,'2025-04-09 00:38:33.000000',NULL,'2025-04-06 00:00:00.000000','Thiết kế giao diện trang danh sách nhà hàng',0,1,_binary '\0','','TRIVIAL','DONE','PRACTICE','d1aca7d1-1754-4931-a600-e6d30953b632','80bc4a94-2ad4-44e8-bc20-8e76a44864e5','d22a81b9-1297-4971-a5b1-2ea027e0fa8d','c4389934-e970-4cab-9330-2d517122d28d','2025-03-01 14:00:00.000000'),('d0991066-cbab-43a3-84ea-1396939c7d9a','21130371',_binary '\0',NULL,'2025-08-03 10:56:48.023251',NULL,'2025-08-03 10:56:48.023251','21130371',0,NULL,'2025-04-04 17:00:00.000000',NULL,'2025-03-29 17:00:00.000000','Thiết kế Template Method cho quy trình đặt món',0,0,_binary '','0','MAJOR','TODO','PRACTICE','b5090bc3-59bb-4aa5-968c-8ea52e045d9d','6cc2afa7-7786-4f77-9e9b-e5e3d3abbda7','e8940cd9-c8f9-4bd8-97b6-be4f7b8536e7','fca63275-f3b3-4839-b287-a8b7474dd393','2025-01-31 19:05:04.000000'),('d0bcce0e-5f9d-45c1-bf7a-4088ac193479','21130451',_binary '\0',NULL,'2025-07-14 10:13:51.440203',NULL,'2025-07-14 10:20:29.734309','21130451',2,'<p><br></p>','2025-04-24 11:08:26.000000',NULL,'2025-04-19 17:00:00.000000','Tối ưu mẫu Abstract Factory Method',0,0,_binary '\0','','CRITICAL','TODO','THEORY','56ecb8b8-6a8a-471a-826f-3a827025e524','eb2cff67-6672-4ad6-8b2f-829a547c2595','4527de36-9be4-4ba3-994d-f6276f6c67c0','06a57b77-0290-450f-8312-db22e8c21c78','2025-04-19 17:00:00.000000'),('d0c9660e-9a37-4c1a-9719-71ca4a96a7f9','21130359',_binary '\0',NULL,'2025-07-30 04:29:26.180711',NULL,'2025-08-02 05:08:52.763409','21130359',1,NULL,'2025-03-12 05:09:55.000000',NULL,'2025-03-09 00:00:00.000000','Nghiên cứu tính năng lọc theo môn & thương hiệu',0,0,_binary '\0','','MAJOR','DONE','THEORY','4587115e-b26e-4761-8de8-41826f97d842','a5bc1288-fe8b-41c1-8993-152dbe7cb3fa','e8ce7209-bec9-428a-9548-239de2754237','bbfddaeb-dea5-4178-b067-e0fa8812c338','2025-03-01 14:00:00.000000'),('d0cb36fe-ece4-4860-8fe1-ac8701eff6e5','21130279',_binary '\0',NULL,'2025-07-30 04:28:39.138601',NULL,'2025-08-03 01:32:38.951247','21130279',1,NULL,'2025-05-13 22:07:44.000000',NULL,'2025-05-11 00:00:00.000000','Lưu giỏ hàng trong session và database',0,0,_binary '\0','','MAJOR','DONE','PRACTICE','bbecaa3b-396a-4cfd-8fb5-908ceb80b212','89427d93-69a9-4187-baac-7a3105624b8b','e95ab128-0e4a-494b-bcd8-47bb5e0f6355','8bace90b-9f85-46b3-9411-8e098ba21c6e','2025-03-01 14:00:00.000000'),('d0d52fb5-4156-4b64-bb97-960e34bf596b','21130451',_binary '\0',NULL,'2025-07-08 03:42:23.640978',NULL,'2025-07-11 16:05:37.240827','21130451',0,'<p><br></p>','2025-03-15 20:48:38.000000',NULL,'2025-03-15 17:00:00.000000','Viết SQL giỏ hàng',0,0,_binary '\0','','CRITICAL','TODO','THEORY','7cc9eb1e-b051-4fc4-9b5d-0dd423b9b723','8f109a77-484b-4f39-a076-6b2a44b8137a','4527de36-9be4-4ba3-994d-f6276f6c67c0','0a98d5b3-7a3f-4cd0-a294-b04adeccbe7c','2025-03-15 17:00:00.000000'),('d1d45698-9c98-4887-ab83-5dc6fb0fe3b8','21130320',_binary '\0',NULL,'2025-07-08 01:09:23.510112',NULL,'2025-07-08 14:19:19.310856','21130320',0,'<p><br></p>','2025-05-17 17:00:00.000000',NULL,'2025-05-03 17:00:00.000000','Ràng buộc trạng thái đơn hàng',0,0,_binary '','0','CRITICAL','BACKLOG','THEORY','0efffdb4-b730-4f32-b930-79dddc45554a','caf9e00b-e1c5-4b0f-9c49-2eac892a327e','17194877-c523-475f-9bf6-e627293e916f',NULL,NULL),('d1f2126a-49e2-4be0-a7c4-093281a96ce7','21130279',_binary '\0',NULL,'2025-07-30 04:28:38.963473',NULL,'2025-08-02 10:01:33.134902','21130279',1,NULL,'2025-04-05 00:00:00.000000',NULL,'2025-03-23 00:00:00.000000','Chuẩn hóa CSDL và tối ưu truy vấn ban đầu',0,0,_binary '','','MAJOR','BACKLOG','THEORY','bbecaa3b-396a-4cfd-8fb5-908ceb80b212','89427d93-69a9-4187-baac-7a3105624b8b','e95ab128-0e4a-494b-bcd8-47bb5e0f6355',NULL,NULL),('d216132d-2d88-497c-b650-243c9b21e69f','21130279',_binary '\0',NULL,'2025-08-03 10:55:50.101209',NULL,'2025-08-03 10:55:50.101209','21130279',1,NULL,'2025-02-28 17:00:00.000000',NULL,'2025-02-15 17:00:00.000000','Tìm hiểu 4 nguyên tắc OOP',0,0,_binary '','0','MAJOR','TODO','THEORY','d48742db-1f1a-4bf1-aeef-1865a47b5d09','e18c1088-2d20-400c-81bf-6eaca20ede2e','bbecaa3b-396a-4cfd-8fb5-908ceb80b212','49dd8be6-7191-430b-acae-501c1bee2770','2025-01-31 19:04:06.000000'),('d2228e66-429b-41b0-be12-1aff1593ac6a','22130001',_binary '\0',NULL,'2025-08-03 10:55:33.890982',NULL,'2025-08-03 10:55:33.890982','22130001',0,NULL,'2025-05-02 17:00:00.000000',NULL,'2025-04-19 17:00:00.000000','Cải thiện tài liệu kỹ thuật',0,0,_binary '','0','MINOR','TODO','THEORY','c94c51f9-dbd5-4c78-b857-46f2592d1fe1','66436f4d-8245-433d-a9d2-d0eb03a6a47b','a06e6810-6edc-4b00-ae0e-5883eea883b0','fb4952a3-6fbb-416b-92b3-d13f835e0de6','2025-01-31 19:03:50.000000'),('d222fbb9-85b6-430d-a6dc-f1e5213a2df6','20130224',_binary '\0',NULL,'2025-07-30 04:29:15.455298',NULL,'2025-08-02 05:07:47.052512','20130224',0,NULL,'2025-03-12 05:08:50.000000',NULL,'2025-03-09 00:00:00.000000','Khảo sát các nền tảng đặt vé sự kiện',0,0,_binary '\0','','MAJOR','DONE','THEORY','0fbf8da7-6caa-46bc-a29b-ee41767323dd','253ac332-b8e2-43a7-bbc7-d673ddabc733','0ddff544-bc3b-420d-b503-312315fd770d','bbfddaeb-dea5-4178-b067-e0fa8812c338','2025-03-01 14:00:00.000000'),('d2843848-b8c3-40e4-97ac-68ca793ec9fc','21130359',_binary '\0',NULL,'2025-07-30 04:29:26.467024',NULL,'2025-08-03 03:29:57.700270','21130359',2,NULL,'2025-05-23 04:04:43.000000',NULL,'2025-05-18 00:00:00.000000','Hiển thị lịch sử đơn hàng & thông tin theo dõi',0,0,_binary '\0','','MAJOR','DONE','PRACTICE','acef4982-efaf-450c-ba00-7f889d15ca49','a5bc1288-fe8b-41c1-8993-152dbe7cb3fa','e8ce7209-bec9-428a-9548-239de2754237','55737e22-cac3-411e-96a1-b5b1a1488b61','2025-03-01 14:00:00.000000'),('d31abc89-5016-449f-8708-304d6e0c46e7','21130320',_binary '\0',NULL,'2025-07-14 09:24:13.174579',NULL,'2025-07-14 09:31:31.103362','21130320',2,'<p><br></p>','2025-03-31 06:19:58.000000',NULL,'2025-03-29 17:00:00.000000','Tóm tắt kiến thức Template Method',0,0,_binary '\0','','CRITICAL','TODO','THEORY','0efffdb4-b730-4f32-b930-79dddc45554a','7d783967-3144-4c76-ae91-0bcb3ebab45b','17194877-c523-475f-9bf6-e627293e916f','99157455-4dac-4bd4-a540-f43c0fd93145','2025-03-29 17:00:00.000000'),('d32388fb-5dc6-467c-8726-0205b9d6d556','21130320',_binary '\0',NULL,'2025-07-14 10:25:34.919941',NULL,'2025-07-14 10:26:43.543134','21130320',2,'<p><br></p>','2025-05-04 11:14:28.000000',NULL,'2025-05-03 17:00:00.000000','Tổng hợp mã nguồn',0,0,_binary '\0','','CRITICAL','TODO','THEORY','29494edf-a498-48f4-85e1-e33775976468','7d783967-3144-4c76-ae91-0bcb3ebab45b',NULL,'9ebb1a1a-bbf5-4724-9692-fd08a591164b','2025-05-03 17:00:00.000000'),('d32ce54f-0202-4b3a-b89f-87ae4acacb40','21130320',_binary '\0',NULL,'2025-07-24 01:24:59.149584',NULL,'2025-07-24 01:24:59.149584','21130320',2,'<p><br></p>','2025-02-23 17:00:00.000000',NULL,'2025-02-16 17:00:00.000000','Tiền xử lý dữ liệu',0,0,_binary '','0','CRITICAL','TODO','THEORY','0efffdb4-b730-4f32-b930-79dddc45554a','09a3fd3d-110c-4021-b4f2-13e32f43e261','17194877-c523-475f-9bf6-e627293e916f','bc3884ae-e246-4001-857c-b2ddd16ec442','2025-02-08 17:01:45.000000'),('d37e9af9-6a97-415e-ae40-223687b6aa9f','21130371',_binary '\0',NULL,'2025-07-30 04:29:45.073883',NULL,'2025-08-03 01:25:10.402008','21130371',1,NULL,'2025-05-12 06:00:19.000000',NULL,'2025-05-11 00:00:00.000000','Lưu giỏ hàng trong session và database',0,0,_binary '\0','','MAJOR','DONE','PRACTICE','e8940cd9-c8f9-4bd8-97b6-be4f7b8536e7','d909ec23-e3b8-473c-8b53-b0dd10e5cb4a','4d5f6b20-6bc0-4671-b683-904e880509d8','8bace90b-9f85-46b3-9411-8e098ba21c6e','2025-03-01 14:00:00.000000'),('d39a1370-5644-4dca-a864-2eb932719961','21130320',_binary '\0',NULL,'2025-07-14 10:03:35.956666',NULL,'2025-07-14 10:18:38.889462','21130320',2,'<p><br></p>','2025-04-24 11:06:35.000000',NULL,'2025-04-19 17:00:00.000000','Tối ưu mẫu Singleton',0,0,_binary '\0','','CRITICAL','TODO','THEORY','17194877-c523-475f-9bf6-e627293e916f','7d783967-3144-4c76-ae91-0bcb3ebab45b','29494edf-a498-48f4-85e1-e33775976468','06a57b77-0290-450f-8312-db22e8c21c78','2025-04-19 17:00:00.000000'),('d3b28ca3-d461-4f33-bba2-3aa075b32db3','21130451',_binary '\0',NULL,'2025-07-08 14:12:16.456557',NULL,'2025-07-11 17:10:47.742190','21130451',0,'<p><br></p>','2025-05-04 06:19:29.000000',NULL,'2025-05-03 17:00:00.000000','Điều chỉnh api cho phép nhiều ảnh trên sản phẩm',0,0,_binary '\0','','CRITICAL','TODO','THEORY','7cc9eb1e-b051-4fc4-9b5d-0dd423b9b723','8f109a77-484b-4f39-a076-6b2a44b8137a','56ecb8b8-6a8a-471a-826f-3a827025e524','20550769-da23-4d54-983e-bdcc62d80a37','2025-05-03 17:00:00.000000'),('d3cb2068-b1f6-4f66-a68e-34362398bc4d','21130359',_binary '\0',NULL,'2025-07-30 04:29:26.480147',NULL,'2025-08-03 03:22:43.357204','21130359',0,NULL,'2025-05-21 11:57:33.000000',NULL,'2025-05-18 00:00:00.000000','Quản lý & cập nhật trạng thái đơn hàng (Admin)',0,0,_binary '\0','','CRITICAL','DONE','PRACTICE','4587115e-b26e-4761-8de8-41826f97d842','a5bc1288-fe8b-41c1-8993-152dbe7cb3fa','e8ce7209-bec9-428a-9548-239de2754237','55737e22-cac3-411e-96a1-b5b1a1488b61','2025-03-01 14:00:00.000000'),('d3fe2b23-45dc-44f9-893c-55efbfc35c09','21130279',_binary '\0',NULL,'2025-08-03 10:55:50.346337',NULL,'2025-08-03 10:55:50.346337','21130279',1,NULL,'2025-04-04 17:00:00.000000',NULL,'2025-03-29 17:00:00.000000','Nghiên cứu Visitor Pattern cho báo cáo người tham dự',0,0,_binary '','0','MAJOR','TODO','THEORY','d48742db-1f1a-4bf1-aeef-1865a47b5d09','e18c1088-2d20-400c-81bf-6eaca20ede2e','bbecaa3b-396a-4cfd-8fb5-908ceb80b212','fca63275-f3b3-4839-b287-a8b7474dd393','2025-01-31 19:04:06.000000'),('d41e5bb0-c021-40ce-aa1d-0e2aeba48f6f','21130451',_binary '\0',NULL,'2025-07-08 03:42:23.884021',NULL,'2025-07-11 16:16:12.734001','21130451',0,'<p><br></p>','2025-03-23 08:59:04.000000',NULL,'2025-03-22 17:00:00.000000','Tích hợp giỏ hàng',0,0,_binary '\0','','CRITICAL','TODO','THEORY','56ecb8b8-6a8a-471a-826f-3a827025e524','8f109a77-484b-4f39-a076-6b2a44b8137a','4527de36-9be4-4ba3-994d-f6276f6c67c0','0e1c0884-cd4f-4efe-85cf-ed3d6c1fce8d','2025-03-22 17:00:00.000000'),('d4207c96-2f40-4b06-9516-4095b3351d62','20130224',_binary '\0',NULL,'2025-07-30 04:29:15.529152',NULL,'2025-08-02 09:49:41.253353','20130224',1,NULL,'2025-03-29 01:19:03.000000',NULL,'2025-03-23 00:00:00.000000','Chuẩn hóa CSDL và tối ưu truy vấn ban đầu',0,0,_binary '\0','','MAJOR','DONE','THEORY','0ddff544-bc3b-420d-b503-312315fd770d','253ac332-b8e2-43a7-bbc7-d673ddabc733','bf4ca8d4-f8f2-406a-99cd-8e043a030a39','d74cdee3-a4fc-44b4-bd90-1e53bec5cad1','2025-03-01 14:00:00.000000'),('d4bcc354-a669-4100-9331-aaa60589eca0','21130371',_binary '\0',NULL,'2025-08-03 10:56:48.117951',NULL,'2025-08-03 10:56:48.117951','21130371',0,NULL,'2025-04-18 17:00:00.000000',NULL,'2025-04-05 17:00:00.000000','Hiện thực View cho thực đơn',0,0,_binary '','0','MAJOR','TODO','PRACTICE','4d5f6b20-6bc0-4671-b683-904e880509d8','6cc2afa7-7786-4f77-9e9b-e5e3d3abbda7','b5090bc3-59bb-4aa5-968c-8ea52e045d9d','07743875-1d87-4d81-8c5c-4e909871d8f0','2025-01-31 19:05:04.000000'),('d4de18ea-c32c-468b-a269-4482b1163960','20130224',_binary '\0',NULL,'2025-07-30 04:29:15.611824',NULL,'2025-08-02 15:29:20.919756','20130224',0,NULL,'2025-04-27 17:23:10.000000',NULL,'2025-04-27 00:00:00.000000','Hiện thực module đăng ký/đăng nhập & vai trò BTC',0,0,_binary '\0','','CRITICAL','DONE','PRACTICE','bf4ca8d4-f8f2-406a-99cd-8e043a030a39','253ac332-b8e2-43a7-bbc7-d673ddabc733','0ddff544-bc3b-420d-b503-312315fd770d','02d28358-9e5a-4b65-9f56-bac4a0bffc34','2025-03-01 14:00:00.000000'),('d5788ea2-4294-46fe-97e7-abca2ae3520c','22130001',_binary '\0',NULL,'2025-08-03 10:55:33.503020',NULL,'2025-08-03 10:55:33.503020','22130001',1,NULL,'2025-02-28 17:00:00.000000',NULL,'2025-02-15 17:00:00.000000','Tìm hiểu 4 nguyên tắc OOP',0,0,_binary '','0','MAJOR','TODO','THEORY','1e999da3-163f-4a7c-84cd-2678f6ca565d','66436f4d-8245-433d-a9d2-d0eb03a6a47b','c94c51f9-dbd5-4c78-b857-46f2592d1fe1','49dd8be6-7191-430b-acae-501c1bee2770','2025-01-31 19:03:49.000000'),('d5bdeb66-44a7-412a-b605-8a0c22d26130','21130601',_binary '\0',NULL,'2025-08-03 10:53:22.677951',NULL,'2025-08-03 10:53:22.677951','21130601',0,NULL,'2025-03-07 17:00:00.000000',NULL,'2025-03-01 17:00:00.000000','Ghi tài liệu về Strategy Pattern',0,0,_binary '','0','MINOR','TODO','THEORY','aece6254-3942-4a02-be99-782106eb4a52','6d7c2809-16b0-4200-99b7-ca3ce7ab72f7','cf1781cc-fd98-477f-8fb9-da0b45544521','542b89e4-501f-418c-8e43-890f945e847a','2025-01-31 19:01:39.000000'),('d66b808d-362a-4cd7-b1e2-9a1675add301','21130335',_binary '\0',NULL,'2025-08-03 10:55:58.997309',NULL,'2025-08-03 10:55:58.997309','21130335',1,NULL,'2025-02-28 17:00:00.000000',NULL,'2025-02-15 17:00:00.000000','Thiết kế Class Diagram cho Game Tetris',0,0,_binary '','0','MAJOR','TODO','PRACTICE','654bfbae-b089-4f97-bcd6-e8183a3a0783','bdf5e58c-8905-4f18-afb3-d36945768d9f','9ca7eb3e-24a0-4a16-9d24-82d86344ac7b','49dd8be6-7191-430b-acae-501c1bee2770','2025-01-31 19:04:15.000000'),('d67b937e-ffb9-4ba1-9149-8985e19a2567','21130371',_binary '\0',NULL,'2025-07-30 04:29:44.894701',NULL,'2025-08-02 09:40:08.035102','21130371',0,NULL,'2025-03-25 17:10:38.000000',NULL,'2025-03-23 00:00:00.000000','Thiết kế ERD cho sản phẩm mỹ phẩm & loại da/tóc',0,0,_binary '\0','','CRITICAL','DONE','PRACTICE','4d5f6b20-6bc0-4671-b683-904e880509d8','d909ec23-e3b8-473c-8b53-b0dd10e5cb4a','b5090bc3-59bb-4aa5-968c-8ea52e045d9d','d74cdee3-a4fc-44b4-bd90-1e53bec5cad1','2025-03-01 14:00:00.000000'),('d705644d-b1d1-4b82-aa52-a37f826b5621','21130320',_binary '\0',NULL,'2025-08-03 10:52:11.594226',NULL,'2025-08-03 10:52:11.594226','21130320',0,NULL,'2025-05-02 17:00:00.000000',NULL,'2025-04-19 17:00:00.000000','Tối ưu hóa mã nguồn các mẫu đã dùng',0,0,_binary '','0','MAJOR','TODO','PRACTICE','0efffdb4-b730-4f32-b930-79dddc45554a','5122db1f-5ad5-4c6a-baea-404608794939','29494edf-a498-48f4-85e1-e33775976468','fb4952a3-6fbb-416b-92b3-d13f835e0de6','2025-01-31 19:00:28.000000'),('d748d542-c5da-4637-b5ff-7c86000ca62b','21130451',_binary '\0',NULL,'2025-08-03 10:53:13.166258',NULL,'2025-08-03 10:53:13.166258','21130451',0,NULL,'2025-05-02 17:00:00.000000',NULL,'2025-04-19 17:00:00.000000','Cải thiện tài liệu kỹ thuật',0,0,_binary '','0','MINOR','TODO','THEORY','56ecb8b8-6a8a-471a-826f-3a827025e524','29d9f886-4301-4881-8785-f773e8e9b3c7','7cc9eb1e-b051-4fc4-9b5d-0dd423b9b723','fb4952a3-6fbb-416b-92b3-d13f835e0de6','2025-01-31 19:01:29.000000'),('d7687c38-7a65-42c1-a407-90325993dcaf','21130363',_binary '\0',NULL,'2025-07-08 04:03:25.428127',NULL,'2025-07-08 04:03:25.428127','21130363',0,'<p><br></p>','2025-05-17 17:00:00.000000',NULL,'2025-05-03 17:00:00.000000','Ràng buộc trạng thai đơn hàng',0,0,_binary '\0','0','CRITICAL','TODO','THEORY',NULL,'3bff699d-9121-413b-8896-49b00f0952a3',NULL,'20550769-da23-4d54-983e-bdcc62d80a37','2025-05-03 17:00:00.000000'),('d7d7fbca-0c63-49b6-9a7b-c434f4988c38','21130359',_binary '\0',NULL,'2025-08-03 10:56:38.089378',NULL,'2025-08-03 10:56:38.089378','21130359',1,NULL,'2025-05-09 17:00:00.000000',NULL,'2025-05-03 17:00:00.000000','Kiểm tra lỗi và sửa lỗi',0,0,_binary '','0','MINOR','TODO','PRACTICE','acef4982-efaf-450c-ba00-7f889d15ca49','a6154ca9-d3f9-4a18-a20a-e0da52601faa','e8ce7209-bec9-428a-9548-239de2754237','248f987f-a6ca-401f-af4d-776eb16310c2','2025-01-31 19:04:54.000000'),('d7fc2d2b-2eea-4b26-b3f9-413fb86b6521','21130363',_binary '\0',NULL,'2025-08-03 10:55:00.941475',NULL,'2025-08-03 10:55:00.941475','21130363',0,NULL,'2025-05-09 17:00:00.000000',NULL,'2025-05-03 17:00:00.000000','Chuẩn bị bản demo ứng dụng',0,0,_binary '','0','MAJOR','TODO','PRACTICE','d1aca7d1-1754-4931-a600-e6d30953b632','03ef89f3-394a-4447-ab47-2768e03ea221','d22a81b9-1297-4971-a5b1-2ea027e0fa8d','248f987f-a6ca-401f-af4d-776eb16310c2','2025-01-31 19:03:17.000000'),('d8399cb1-cdd2-45c6-9b6c-9ada21ca017e','21130359',_binary '\0',NULL,'2025-08-03 10:56:38.007873',NULL,'2025-08-03 10:56:38.007873','21130359',0,NULL,'2025-05-02 17:00:00.000000',NULL,'2025-04-19 17:00:00.000000','Tối ưu hóa mã nguồn các mẫu đã dùng',0,0,_binary '','0','MAJOR','TODO','PRACTICE','e8ce7209-bec9-428a-9548-239de2754237','a6154ca9-d3f9-4a18-a20a-e0da52601faa','4587115e-b26e-4761-8de8-41826f97d842','fb4952a3-6fbb-416b-92b3-d13f835e0de6','2025-01-31 19:04:54.000000'),('d977df94-665d-4bae-bd6c-61f275feb02f','21130363',_binary '\0',NULL,'2025-08-03 10:55:00.859853',NULL,'2025-08-03 10:55:00.859853','21130363',0,NULL,'2025-04-18 17:00:00.000000',NULL,'2025-04-05 17:00:00.000000','Hiện thực View cho danh sách bệnh nhân',0,0,_binary '','0','MAJOR','TODO','PRACTICE','d22a81b9-1297-4971-a5b1-2ea027e0fa8d','03ef89f3-394a-4447-ab47-2768e03ea221','f3ee7d4d-d82b-45d8-8c46-6756b1b6ea88','07743875-1d87-4d81-8c5c-4e909871d8f0','2025-01-31 19:03:17.000000'),('d97886fd-c70c-467f-ac4f-de94c705c0c7','21130363',_binary '\0',NULL,'2025-07-08 04:03:25.441199',NULL,'2025-07-08 04:03:25.441199','21130363',0,'<p><br></p>','2025-03-21 17:00:00.000000',NULL,'2025-03-15 17:00:00.000000','Tạo UI giỏ hàng',0,0,_binary '\0','0','CRITICAL','TODO','THEORY',NULL,'3bff699d-9121-413b-8896-49b00f0952a3',NULL,'0a98d5b3-7a3f-4cd0-a294-b04adeccbe7c','2025-03-15 17:00:00.000000'),('da0c58a5-1178-4c43-94d9-507ce34aa2e7','21130363',_binary '\0',NULL,'2025-07-30 04:26:37.612197',NULL,'2025-08-03 03:18:32.285240','21130363',1,NULL,'2025-05-21 11:53:24.000000',NULL,'2025-05-18 00:00:00.000000','Hiển thị lịch sử đơn hàng & theo dõi trạng thái',0,0,_binary '\0','','MAJOR','DONE','PRACTICE','d22a81b9-1297-4971-a5b1-2ea027e0fa8d','80bc4a94-2ad4-44e8-bc20-8e76a44864e5','f3ee7d4d-d82b-45d8-8c46-6756b1b6ea88','55737e22-cac3-411e-96a1-b5b1a1488b61','2025-03-01 14:00:00.000000'),('da4f1d45-6dea-4c46-9ccc-4ad3e29ac93b','21130320',_binary '\0',NULL,'2025-08-03 10:52:11.575523',NULL,'2025-08-03 10:52:11.575523','21130320',0,NULL,'2025-04-18 17:00:00.000000',NULL,'2025-04-05 17:00:00.000000','Hiện thực View cho danh sách đơn hàng',0,0,_binary '','0','MAJOR','TODO','PRACTICE','17194877-c523-475f-9bf6-e627293e916f','5122db1f-5ad5-4c6a-baea-404608794939','0efffdb4-b730-4f32-b930-79dddc45554a','07743875-1d87-4d81-8c5c-4e909871d8f0','2025-01-31 19:00:28.000000'),('da641e0f-1179-4f6f-85bb-f456f67aecb4','21130451',_binary '\0',NULL,'2025-07-14 09:02:52.705740',NULL,'2025-07-14 09:15:24.357086','21130451',2,'<p>ádsadsada</p>','2025-03-26 06:03:58.000000',NULL,'2025-03-22 17:00:00.000000','Ứng dụng Decorator',0,0,_binary '\0','','CRITICAL','TODO','THEORY','56ecb8b8-6a8a-471a-826f-3a827025e524','eb2cff67-6672-4ad6-8b2f-829a547c2595','4527de36-9be4-4ba3-994d-f6276f6c67c0','6a01e474-92f2-440e-9cc1-c1041de2e1be','2025-03-22 17:00:00.000000'),('dab82ef8-666f-4d03-88a4-aabb19056dff','21130320',_binary '\0',NULL,'2025-07-30 04:16:37.276522',NULL,'2025-08-03 03:14:56.658903','21130320',0,NULL,'2025-05-12 05:59:18.000000',NULL,'2025-05-11 00:00:00.000000','Phân biệt sản phẩm giống/khác trong giỏ hàng',0,0,_binary '','','MAJOR','BACKLOG','PRACTICE','0efffdb4-b730-4f32-b930-79dddc45554a','dc9af886-7862-4815-9876-037e5440de12','29494edf-a498-48f4-85e1-e33775976468',NULL,NULL),('dbbc51ee-f4ff-4ae6-91f3-80ff131f258a','21130371',_binary '\0',NULL,'2025-07-30 04:29:45.060897',NULL,'2025-08-03 01:00:05.195775','21130371',2,NULL,'2025-05-04 17:35:24.000000',NULL,'2025-05-04 00:00:00.000000','Hiện thực giao diện Admin quản lý sản phẩm & thuộc tính',0,0,_binary '\0','','CRITICAL','DONE','PRACTICE','e8940cd9-c8f9-4bd8-97b6-be4f7b8536e7','d909ec23-e3b8-473c-8b53-b0dd10e5cb4a','4d5f6b20-6bc0-4671-b683-904e880509d8','5b1751c1-f7f6-42f3-b556-2db391f9527a','2025-03-01 14:00:00.000000'),('dc93f78a-637a-466d-8906-1c3d4b1a029e','21130335',_binary '\0',NULL,'2025-07-30 04:29:06.015880',NULL,'2025-08-02 10:01:42.025883','21130335',1,NULL,'2025-04-05 00:00:00.000000',NULL,'2025-03-23 00:00:00.000000','Chuẩn hóa CSDL và tối ưu truy vấn ban đầu',0,1,_binary '','','CRITICAL','BACKLOG','THEORY','654bfbae-b089-4f97-bcd6-e8183a3a0783','cfcba21d-966a-43b8-a1a8-9751e05ed7c5','9ca7eb3e-24a0-4a16-9d24-82d86344ac7b',NULL,NULL),('dcde4e79-ec61-45c0-9e85-d88d9e90a867','21130451',_binary '\0',NULL,'2025-07-30 04:17:29.790781',NULL,'2025-08-03 01:01:07.993035','21130451',0,NULL,'2025-05-04 17:36:27.000000',NULL,'2025-05-04 00:00:00.000000','Hiện thực giao diện Admin quản lý sách',0,0,_binary '\0','','CRITICAL','DONE','PRACTICE','7cc9eb1e-b051-4fc4-9b5d-0dd423b9b723','3438c873-bc50-42c4-a598-1ed31761fe23','56ecb8b8-6a8a-471a-826f-3a827025e524','5b1751c1-f7f6-42f3-b556-2db391f9527a','2025-03-01 14:00:00.000000'),('dcfd1398-a5f7-40b9-b6bf-af5ad81ff518','21130371',_binary '\0',NULL,'2025-08-03 10:56:48.180254',NULL,'2025-08-03 10:56:48.180254','21130371',0,NULL,'2025-05-02 17:00:00.000000',NULL,'2025-04-19 17:00:00.000000','Cải thiện tài liệu kỹ thuật',0,0,_binary '','0','MINOR','TODO','THEORY','4d5f6b20-6bc0-4671-b683-904e880509d8','6cc2afa7-7786-4f77-9e9b-e5e3d3abbda7','b5090bc3-59bb-4aa5-968c-8ea52e045d9d','fb4952a3-6fbb-416b-92b3-d13f835e0de6','2025-01-31 19:05:04.000000'),('dd0c2fe3-7f59-4b83-b465-77c932cf3597','21130601',_binary '\0',NULL,'2025-08-03 10:53:22.813235',NULL,'2025-08-03 10:53:22.813235','21130601',0,NULL,'2025-03-28 17:00:00.000000',NULL,'2025-03-22 17:00:00.000000','Hiện thực Iterator Pattern cho duyệt chỗ trống',0,0,_binary '','0','MAJOR','TODO','PRACTICE','877fd8ab-c4ee-4109-812c-965f17c590f1','6d7c2809-16b0-4200-99b7-ca3ce7ab72f7','aece6254-3942-4a02-be99-782106eb4a52','4d8b7804-ba53-497d-8f69-3ecbe2ba6c05','2025-01-31 19:01:39.000000'),('dd2fcb33-2062-4812-ae14-2ffbb3704aa9','21130363',_binary '\0',NULL,'2025-08-03 10:55:00.576022',NULL,'2025-08-03 10:55:00.576022','21130363',0,NULL,'2025-02-28 17:00:00.000000',NULL,'2025-02-15 17:00:00.000000','Hiện thực lớp Patient và Service',0,0,_binary '','0','MAJOR','TODO','PRACTICE','f3ee7d4d-d82b-45d8-8c46-6756b1b6ea88','03ef89f3-394a-4447-ab47-2768e03ea221','d1aca7d1-1754-4931-a600-e6d30953b632','49dd8be6-7191-430b-acae-501c1bee2770','2025-01-31 19:03:17.000000'),('dd34861c-ae23-4503-b8c4-d51e631389f6','21130601',_binary '\0',NULL,'2025-07-08 03:56:16.250399',NULL,'2025-07-08 03:56:16.250399','21130601',0,'<p><br></p>','2025-03-14 17:00:00.000000',NULL,'2025-03-01 17:00:00.000000','Tạo Api phân trang và tích hợp',0,0,_binary '\0','0','CRITICAL','TODO','THEORY',NULL,'f5dbc1df-3827-4a90-b9fb-8e1e5736c8c9',NULL,'018a1ba5-dda1-4179-b73e-176e6693a371','2025-03-01 17:00:00.000000'),('dd7821e3-0efd-49a4-bb37-6910696adb75','21130363',_binary '\0',NULL,'2025-07-30 04:26:37.512311',NULL,'2025-08-03 01:01:15.859068','21130363',1,NULL,'2025-05-04 17:36:35.000000',NULL,'2025-05-04 00:00:00.000000','Hiện thực chức năng tìm kiếm & lọc nhà hàng/món ăn',0,0,_binary '\0','','MAJOR','DONE','PRACTICE',NULL,'80bc4a94-2ad4-44e8-bc20-8e76a44864e5',NULL,'5b1751c1-f7f6-42f3-b556-2db391f9527a','2025-03-01 14:00:00.000000'),('ddad14cc-76cf-4920-be6a-0c927c7a7388','22130001',_binary '\0',NULL,'2025-08-03 10:55:33.485013',NULL,'2025-08-03 10:55:33.485013','22130001',0,NULL,'2025-02-14 17:00:00.000000',NULL,'2025-02-08 17:00:00.000000','Lên kế hoạch dự án ban đầu',0,0,_binary '','0','MINOR','TODO','THEORY','a06e6810-6edc-4b00-ae0e-5883eea883b0','66436f4d-8245-433d-a9d2-d0eb03a6a47b','1e999da3-163f-4a7c-84cd-2678f6ca565d','1b19a7f7-7e06-4a7c-a3a0-918eb14670bf','2025-01-31 19:03:49.000000'),('ddfe861b-6ef5-41b0-9d1e-13559c66a4b0','21130451',_binary '\0',NULL,'2025-08-03 10:53:12.844878',NULL,'2025-08-03 10:53:12.844878','21130451',0,NULL,'2025-03-21 17:00:00.000000',NULL,'2025-03-15 17:00:00.000000','Thiết kế Factory Method cho tạo nguồn tin',0,0,_binary '','0','MAJOR','TODO','PRACTICE','7cc9eb1e-b051-4fc4-9b5d-0dd423b9b723','29d9f886-4301-4881-8785-f773e8e9b3c7','4527de36-9be4-4ba3-994d-f6276f6c67c0','1d95edd7-9ceb-4e2c-af16-35735c0d39e8','2025-01-31 19:01:29.000000'),('de1e76d2-7e8d-4a32-96bc-275801a1622e','22130001',_binary '\0',NULL,'2025-07-30 04:28:24.730241',NULL,'2025-08-02 14:59:24.342449','22130001',1,NULL,'2025-04-25 05:40:50.000000',NULL,'2025-04-20 00:00:00.000000','Chuẩn bị demo giao diện sản phẩm & thông tin cây',0,0,_binary '\0','','MAJOR','DONE','PRACTICE','1e999da3-163f-4a7c-84cd-2678f6ca565d','f27d5a34-ecc1-4c32-8fd9-44615cbbed19','c94c51f9-dbd5-4c78-b857-46f2592d1fe1','9000c302-d92f-436d-a59e-c1de271cbe87','2025-03-01 14:00:00.000000'),('de21bcaa-731d-45e4-8127-13d782a80717','21130335',_binary '\0',NULL,'2025-07-30 06:00:11.407284',NULL,'2025-08-02 10:01:42.031048','21130335',2,'<p><br></p>','2025-04-05 00:00:00.000000',NULL,'2025-03-23 00:00:00.000000','Thiết kế ERD cho thanh toán & hóa đơn',0,1,_binary '','','MAJOR','BACKLOG','THEORY','8525cbcd-87f7-4826-96d2-05ef5a536c9b','cfcba21d-966a-43b8-a1a8-9751e05ed7c5','9ca7eb3e-24a0-4a16-9d24-82d86344ac7b',NULL,NULL),('de4ece24-c3e8-4b44-9a30-1a203ddea3d6','21130451',_binary '\0',NULL,'2025-07-30 04:17:29.591152',NULL,'2025-08-02 08:56:25.831717','21130451',0,NULL,'2025-03-25 17:15:22.000000',NULL,'2025-03-23 00:00:00.000000','Thiết kế ERD cho tính năng đánh giá & đề xuất',0,0,_binary '\0','','CRITICAL','DONE','PRACTICE','56ecb8b8-6a8a-471a-826f-3a827025e524','3438c873-bc50-42c4-a598-1ed31761fe23','4527de36-9be4-4ba3-994d-f6276f6c67c0','d74cdee3-a4fc-44b4-bd90-1e53bec5cad1','2025-03-01 14:00:00.000000'),('de4f8f2a-ad30-4574-859a-40f7606b395c','21130601',_binary '\0',NULL,'2025-08-03 10:53:22.887760',NULL,'2025-08-03 10:53:22.887760','21130601',0,NULL,'2025-04-04 17:00:00.000000',NULL,'2025-03-29 17:00:00.000000','Ghi tài liệu Template Method và Visitor',0,0,_binary '','0','MINOR','TODO','THEORY','aece6254-3942-4a02-be99-782106eb4a52','6d7c2809-16b0-4200-99b7-ca3ce7ab72f7','cf1781cc-fd98-477f-8fb9-da0b45544521','fca63275-f3b3-4839-b287-a8b7474dd393','2025-01-31 19:01:39.000000'),('de6c1838-c2ef-42c3-8c6b-24cb4130519a','21130320',_binary '\0',NULL,'2025-08-03 10:52:11.116812',NULL,'2025-08-03 10:52:11.116812','21130320',0,NULL,'2025-02-14 17:00:00.000000',NULL,'2025-02-08 17:00:00.000000','Xác định chức năng chính',0,0,_binary '','0','MAJOR','TODO','PRACTICE','17194877-c523-475f-9bf6-e627293e916f','5122db1f-5ad5-4c6a-baea-404608794939','0efffdb4-b730-4f32-b930-79dddc45554a','1b19a7f7-7e06-4a7c-a3a0-918eb14670bf','2025-01-31 19:00:27.000000'),('de75d40d-5496-460f-92a9-ff6e0ffa3c28','20130224',_binary '\0',NULL,'2025-07-30 04:29:15.486507',NULL,'2025-08-02 05:13:51.810717','20130224',1,NULL,'2025-03-14 17:14:50.000000',NULL,'2025-03-09 00:00:00.000000','Lập kế hoạch dự án và phân công nhiệm vụ',0,0,_binary '\0','','MAJOR','DONE','THEORY','bf4ca8d4-f8f2-406a-99cd-8e043a030a39','253ac332-b8e2-43a7-bbc7-d673ddabc733','0fbf8da7-6caa-46bc-a29b-ee41767323dd','bbfddaeb-dea5-4178-b067-e0fa8812c338','2025-03-01 14:00:00.000000'),('def4f637-23be-4054-ac08-405dab4d6b1b','21130451',_binary '\0',NULL,'2025-07-09 06:33:49.907387',NULL,'2025-07-09 15:06:28.301202','21130451',1,'<p><br></p>','2025-02-14 19:58:29.000000',NULL,'2025-02-09 17:00:00.000000','Phân tích yêu cầu và mục tiêu đề tài',0,0,_binary '\0','','CRITICAL','TODO','THEORY','56ecb8b8-6a8a-471a-826f-3a827025e524','5090ec43-8787-4d26-8bc2-7c760a4d93ff','4527de36-9be4-4ba3-994d-f6276f6c67c0','ed56cfbc-3019-48c5-9109-e97c30d0e4f5','2025-02-09 17:00:00.000000'),('dfa27ed9-f19f-462f-87b3-4bd9cb60ab01','22130001',_binary '\0',NULL,'2025-08-03 10:55:33.687550',NULL,'2025-08-03 10:55:33.687550','22130001',0,NULL,'2025-03-21 17:00:00.000000',NULL,'2025-03-15 17:00:00.000000','Ghi tài liệu Factory Method',0,0,_binary '','0','MINOR','TODO','THEORY','c94c51f9-dbd5-4c78-b857-46f2592d1fe1','66436f4d-8245-433d-a9d2-d0eb03a6a47b','a06e6810-6edc-4b00-ae0e-5883eea883b0','1d95edd7-9ceb-4e2c-af16-35735c0d39e8','2025-01-31 19:03:50.000000'),('dfa28473-4f05-4016-9673-28cb49e6053e','21130601',_binary '\0',NULL,'2025-07-08 03:56:16.104660',NULL,'2025-07-08 03:56:16.104660','21130601',0,'<p><br></p>','2025-03-21 17:00:00.000000',NULL,'2025-03-15 17:00:00.000000','Viết SQL',0,0,_binary '\0','0','CRITICAL','TODO','THEORY',NULL,'f5dbc1df-3827-4a90-b9fb-8e1e5736c8c9',NULL,'0a98d5b3-7a3f-4cd0-a294-b04adeccbe7c','2025-03-15 17:00:00.000000'),('e01595db-6ca2-4458-aacd-371288f11b7f','21130601',_binary '\0',NULL,'2025-07-30 04:18:36.177240',NULL,'2025-08-03 04:37:25.376383','21130601',0,NULL,'2025-06-04 00:31:47.000000',NULL,'2025-06-01 00:00:00.000000','Chuẩn bị tài liệu hướng dẫn sử dụng & quản trị',0,0,_binary '\0','','MAJOR','DONE','THEORY','877fd8ab-c4ee-4109-812c-965f17c590f1','a8eb1192-3e81-42e8-9f69-8483736af936','cf1781cc-fd98-477f-8fb9-da0b45544521','14d6b9c2-92f2-4ebb-8ef6-fa89a0233449','2025-03-01 14:00:00.000000'),('e16b86a9-dce5-4365-8d48-748975d775a3','21130451',_binary '\0',NULL,'2025-07-14 10:15:24.172854',NULL,'2025-07-14 10:20:30.918520','21130451',2,'<p><br></p>','2025-04-24 11:08:27.000000',NULL,'2025-04-19 17:00:00.000000','Tối ưu Giao diện',0,0,_binary '\0','','CRITICAL','TODO','THEORY','56ecb8b8-6a8a-471a-826f-3a827025e524','eb2cff67-6672-4ad6-8b2f-829a547c2595','7cc9eb1e-b051-4fc4-9b5d-0dd423b9b723','06a57b77-0290-450f-8312-db22e8c21c78','2025-04-19 17:00:00.000000'),('e190d47f-4f3b-48bd-8b33-43eda21af312','21130601',_binary '\0',NULL,'2025-07-30 04:18:36.077034',NULL,'2025-08-03 01:24:18.071706','21130601',1,NULL,'2025-05-12 05:59:26.000000',NULL,'2025-05-11 00:00:00.000000','Lưu giỏ hàng trong session và đồng bộ',0,0,_binary '\0','','MAJOR','DONE','PRACTICE','aece6254-3942-4a02-be99-782106eb4a52','a8eb1192-3e81-42e8-9f69-8483736af936','cf1781cc-fd98-477f-8fb9-da0b45544521','8bace90b-9f85-46b3-9411-8e098ba21c6e','2025-03-01 14:00:00.000000'),('e3321155-0bce-4df6-a1c4-db4d6d7dceb1','21130279',_binary '\0',NULL,'2025-07-30 04:28:39.083645',NULL,'2025-08-03 00:57:47.744958','21130279',2,'<p><br></p>','2025-05-04 17:33:07.000000',NULL,'2025-05-04 00:00:00.000000','Hiện thực chức năng tìm kiếm & lọc sản phẩm handmade',1,2,_binary '\0','','MAJOR','DONE','PRACTICE','bbecaa3b-396a-4cfd-8fb5-908ceb80b212','89427d93-69a9-4187-baac-7a3105624b8b','e95ab128-0e4a-494b-bcd8-47bb5e0f6355','5b1751c1-f7f6-42f3-b556-2db391f9527a','2025-03-01 14:00:00.000000'),('e349e9b0-0a0e-4e99-8853-2dc334ffb780','20130224',_binary '\0',NULL,'2025-07-30 04:29:15.669993',NULL,'2025-08-03 01:01:50.950616','20130224',0,NULL,'2025-05-04 17:37:10.000000',NULL,'2025-05-04 00:00:00.000000','Xây dựng trang sự kiện nổi bật/sắp diễn ra',0,0,_binary '\0','','MAJOR','DONE','PRACTICE','bf4ca8d4-f8f2-406a-99cd-8e043a030a39','253ac332-b8e2-43a7-bbc7-d673ddabc733','0ddff544-bc3b-420d-b503-312315fd770d','5b1751c1-f7f6-42f3-b556-2db391f9527a','2025-03-01 14:00:00.000000'),('e37e081f-c0e6-4f5a-9689-6b906cf70df3','21130601',_binary '\0',NULL,'2025-07-30 04:18:35.963911',NULL,'2025-08-02 14:48:48.882022','21130601',0,NULL,'2025-04-22 17:30:18.000000',NULL,'2025-04-20 00:00:00.000000','Chuẩn bị tài liệu báo cáo giữa kì',0,0,_binary '\0','','MAJOR','DONE','THEORY','877fd8ab-c4ee-4109-812c-965f17c590f1','a8eb1192-3e81-42e8-9f69-8483736af936','cf1781cc-fd98-477f-8fb9-da0b45544521','9000c302-d92f-436d-a59e-c1de271cbe87','2025-03-01 14:00:00.000000'),('e3b667d0-1364-440c-931f-9f15d7789824','21130601',_binary '\0',NULL,'2025-07-30 04:18:35.845343',NULL,'2025-08-02 05:01:34.233320','21130601',1,NULL,'2025-03-12 05:02:37.000000',NULL,'2025-03-09 00:00:00.000000','Phân tích các tính năng lọc và so sánh',0,1,_binary '\0','','TRIVIAL','DONE','THEORY','877fd8ab-c4ee-4109-812c-965f17c590f1','a8eb1192-3e81-42e8-9f69-8483736af936','cf1781cc-fd98-477f-8fb9-da0b45544521','bbfddaeb-dea5-4178-b067-e0fa8812c338','2025-03-01 14:00:00.000000'),('e406c6a4-7fc3-4bce-ad10-def41f6484da','21130451',_binary '\0',NULL,'2025-07-14 08:19:19.914311',NULL,'2025-07-14 08:37:08.961285','21130451',2,'<p><br></p>','2025-03-12 21:26:00.000000',NULL,'2025-03-08 17:00:00.000000','Tóm tắt kiến thức Observer pattern',0,0,_binary '\0','','CRITICAL','TODO','THEORY','4527de36-9be4-4ba3-994d-f6276f6c67c0','eb2cff67-6672-4ad6-8b2f-829a547c2595',NULL,'8e395f10-31a4-4e06-b450-52d7c50da7e0','2025-03-08 17:00:00.000000'),('e43e95be-e286-401a-a0f0-35334613529e','21130601',_binary '\0',NULL,'2025-08-03 10:53:22.639906',NULL,'2025-08-03 10:53:22.639906','21130601',0,NULL,'2025-02-28 17:00:00.000000',NULL,'2025-02-15 17:00:00.000000','Hiện thực lớp Vehicle và ParkingLot',0,0,_binary '','0','MAJOR','TODO','PRACTICE','cf1781cc-fd98-477f-8fb9-da0b45544521','6d7c2809-16b0-4200-99b7-ca3ce7ab72f7','877fd8ab-c4ee-4109-812c-965f17c590f1','49dd8be6-7191-430b-acae-501c1bee2770','2025-01-31 19:01:39.000000'),('e4429310-2f8a-404d-8e6e-ffa69e4aac74','22130001',_binary '\0',NULL,'2025-07-30 04:28:24.880350',NULL,'2025-08-03 03:19:35.137718','22130001',1,NULL,'2025-05-21 11:54:25.000000',NULL,'2025-05-18 00:00:00.000000','Hiển thị lịch sử đơn hàng & thông tin theo dõi',0,0,_binary '\0','','MAJOR','DONE','PRACTICE','a06e6810-6edc-4b00-ae0e-5883eea883b0','f27d5a34-ecc1-4c32-8fd9-44615cbbed19',NULL,'55737e22-cac3-411e-96a1-b5b1a1488b61','2025-03-01 14:00:00.000000'),('e4d3a527-2624-4c31-8a9b-d8c65d50192d','21130371',_binary '\0',NULL,'2025-07-30 04:29:44.922632',NULL,'2025-08-02 15:34:44.144034','21130371',1,NULL,'2025-04-27 17:28:33.000000',NULL,'2025-04-27 00:00:00.000000','Chuẩn hóa CSDL và tối ưu truy vấn ban đầu',0,0,_binary '\0','','MAJOR','DONE','THEORY','4d5f6b20-6bc0-4671-b683-904e880509d8','d909ec23-e3b8-473c-8b53-b0dd10e5cb4a','e8940cd9-c8f9-4bd8-97b6-be4f7b8536e7','02d28358-9e5a-4b65-9f56-bac4a0bffc34','2025-04-07 05:48:25.000000'),('e523f08d-99d7-4f4b-9f20-0e592060fb86','21130320',_binary '\0',NULL,'2025-07-30 04:16:37.159680',NULL,'2025-08-02 15:33:47.896503','21130320',0,NULL,'2025-04-27 17:27:37.000000',NULL,'2025-04-27 00:00:00.000000','Hiện thực module đăng ký/đăng nhập',0,0,_binary '\0','','CRITICAL','DONE','PRACTICE','0efffdb4-b730-4f32-b930-79dddc45554a','dc9af886-7862-4815-9876-037e5440de12','29494edf-a498-48f4-85e1-e33775976468','02d28358-9e5a-4b65-9f56-bac4a0bffc34','2025-03-01 14:00:00.000000'),('e581b8d2-89f0-4a8e-bb29-72ac7ec2f0c7','21130371',_binary '\0',NULL,'2025-08-03 10:56:47.950171',NULL,'2025-08-03 10:56:47.950171','21130371',0,NULL,'2025-03-21 17:00:00.000000',NULL,'2025-03-15 17:00:00.000000','Ghi tài liệu Factory Method',0,0,_binary '','0','MINOR','TODO','THEORY','4d5f6b20-6bc0-4671-b683-904e880509d8','6cc2afa7-7786-4f77-9e9b-e5e3d3abbda7','b5090bc3-59bb-4aa5-968c-8ea52e045d9d','1d95edd7-9ceb-4e2c-af16-35735c0d39e8','2025-01-31 19:05:04.000000'),('e5b25072-2278-40f6-8613-91b248f9fe1a','21130320',_binary '\0',NULL,'2025-08-03 10:52:11.461262',NULL,'2025-08-03 10:52:11.461262','21130320',0,NULL,'2025-03-28 17:00:00.000000',NULL,'2025-03-22 17:00:00.000000','Ghi tài liệu Decorator và Iterator',0,0,_binary '','0','MINOR','TODO','THEORY','17194877-c523-475f-9bf6-e627293e916f','5122db1f-5ad5-4c6a-baea-404608794939','0efffdb4-b730-4f32-b930-79dddc45554a','4d8b7804-ba53-497d-8f69-3ecbe2ba6c05','2025-01-31 19:00:27.000000'),('e5e10573-de51-4216-876a-b883b0eef94b','20130224',_binary '\0',NULL,'2025-08-03 10:56:24.103899',NULL,'2025-08-03 10:56:24.103899','20130224',0,NULL,'2025-05-09 17:00:00.000000',NULL,'2025-05-03 17:00:00.000000','Viết báo cáo cuối kỳ',0,0,_binary '','0','MAJOR','TODO','THEORY','0ddff544-bc3b-420d-b503-312315fd770d','97d36d58-6a95-44ba-9e9c-d9850208de3f','0fbf8da7-6caa-46bc-a29b-ee41767323dd','248f987f-a6ca-401f-af4d-776eb16310c2','2025-01-31 19:04:40.000000'),('e5e68991-88f9-4b0a-a292-f19d9ed37c82','21130320',_binary '\0',NULL,'2025-07-09 06:24:28.622826',NULL,'2025-07-09 16:08:31.421629','21130320',1,'<p><br></p>','2025-04-08 03:55:20.000000',NULL,'2025-04-04 17:00:00.000000','Chuẩn bị slide thuyết trình và báo cáo',0,0,_binary '\0','','CRITICAL','TODO','THEORY','0efffdb4-b730-4f32-b930-79dddc45554a','66fb3db5-3f1f-41b6-9ee9-c7c01a801de8','17194877-c523-475f-9bf6-e627293e916f','2fec7291-d7dd-4835-853f-f3d8453487eb','2025-04-04 17:00:00.000000'),('e6366245-dc4e-4fe6-a073-6f74deb3e1e4','22130001',_binary '\0',NULL,'2025-07-30 04:28:24.934440',NULL,'2025-08-03 04:37:34.134941','22130001',1,NULL,'2025-06-04 00:31:55.000000',NULL,'2025-06-01 00:00:00.000000','Chuẩn bị tài liệu hướng dẫn sử dụng & quản trị',0,0,_binary '\0','','MAJOR','DONE','THEORY','a06e6810-6edc-4b00-ae0e-5883eea883b0','f27d5a34-ecc1-4c32-8fd9-44615cbbed19','c94c51f9-dbd5-4c78-b857-46f2592d1fe1','14d6b9c2-92f2-4ebb-8ef6-fa89a0233449','2025-03-01 14:00:00.000000'),('e683b1f1-678d-4bb3-b814-1036cb048ed7','21130320',_binary '\0',NULL,'2025-07-09 06:22:50.715176',NULL,'2025-07-09 15:55:08.631495','21130320',1,'<p><br></p>','2025-03-28 04:22:12.000000',NULL,'2025-03-20 17:00:00.000000','Tích hợp mô hình',0,0,_binary '\0','','CRITICAL','TODO','THEORY','0efffdb4-b730-4f32-b930-79dddc45554a','66fb3db5-3f1f-41b6-9ee9-c7c01a801de8','17194877-c523-475f-9bf6-e627293e916f','be992de1-8f5a-4c5b-8158-2d7ae3c7ab38','2025-03-20 17:00:00.000000'),('e71892b9-abb0-47f5-bba2-8b0125142329','21130451',_binary '\0',NULL,'2025-07-08 14:13:19.154404',NULL,'2025-07-11 17:10:30.297906','21130451',0,'<p><br></p>','2025-05-04 06:19:12.000000',NULL,'2025-05-03 17:00:00.000000','Quản lý sản phẩm cho admin',0,0,_binary '\0','','CRITICAL','TODO','THEORY','4527de36-9be4-4ba3-994d-f6276f6c67c0','8f109a77-484b-4f39-a076-6b2a44b8137a','56ecb8b8-6a8a-471a-826f-3a827025e524','20550769-da23-4d54-983e-bdcc62d80a37','2025-05-03 17:00:00.000000'),('e76571c2-664f-49de-9784-5bc0c466a3e6','21130451',_binary '\0',NULL,'2025-08-03 10:53:13.112026',NULL,'2025-08-03 10:53:13.112026','21130451',0,NULL,'2025-04-18 17:00:00.000000',NULL,'2025-04-05 17:00:00.000000','Hiện thực View cho danh sách tin tức',0,0,_binary '','0','MAJOR','TODO','PRACTICE','56ecb8b8-6a8a-471a-826f-3a827025e524','29d9f886-4301-4881-8785-f773e8e9b3c7','7cc9eb1e-b051-4fc4-9b5d-0dd423b9b723','07743875-1d87-4d81-8c5c-4e909871d8f0','2025-01-31 19:01:29.000000'),('e77b511f-b50f-4775-8f6e-8bcc415ca80a','21130601',_binary '\0',NULL,'2025-07-08 03:56:16.161914',NULL,'2025-07-29 04:20:27.311642','21130601',2,'<p><br></p>','2025-02-14 17:00:00.000000',NULL,'2025-02-08 17:00:00.000000','Bảo quản sản phẩm',0,0,_binary '\0','','CRITICAL','REVIEW','THEORY','877fd8ab-c4ee-4109-812c-965f17c590f1','f5dbc1df-3827-4a90-b9fb-8e1e5736c8c9','aece6254-3942-4a02-be99-782106eb4a52','565e13cb-7a4c-4f75-88f2-903a54ddc690','2025-02-08 17:00:00.000000'),('e8879268-8be6-4df4-9be5-40cf7d6f8a8a','22130001',_binary '\0',NULL,'2025-08-03 10:55:33.632974',NULL,'2025-08-03 10:55:33.632974','22130001',0,NULL,'2025-03-14 17:00:00.000000',NULL,'2025-03-08 17:00:00.000000','Ghi tài liệu về Singleton và Observer',0,0,_binary '','0','MINOR','TODO','THEORY','c94c51f9-dbd5-4c78-b857-46f2592d1fe1','66436f4d-8245-433d-a9d2-d0eb03a6a47b','a06e6810-6edc-4b00-ae0e-5883eea883b0','00bf93d6-7893-481b-b3a6-7536a788f22d','2025-01-31 19:03:50.000000'),('e88cc351-8023-401d-80c3-e4899a54ae56','21130320',_binary '\0',NULL,'2025-08-03 10:52:11.631204',NULL,'2025-08-03 10:52:11.631204','21130320',0,NULL,'2025-05-02 17:00:00.000000',NULL,'2025-04-19 17:00:00.000000','Cải thiện tài liệu kỹ thuật',0,0,_binary '','0','MINOR','TODO','THEORY','17194877-c523-475f-9bf6-e627293e916f','5122db1f-5ad5-4c6a-baea-404608794939','0efffdb4-b730-4f32-b930-79dddc45554a','fb4952a3-6fbb-416b-92b3-d13f835e0de6','2025-01-31 19:00:28.000000'),('e8aa8fdf-4313-4406-b6be-2235ae7b3415','21130451',_binary '\0',NULL,'2025-08-03 10:53:12.770522',NULL,'2025-08-03 10:53:12.770522','21130451',0,NULL,'2025-03-07 17:00:00.000000',NULL,'2025-03-01 17:00:00.000000','Ghi tài liệu về Strategy Pattern',0,0,_binary '','0','MINOR','TODO','THEORY','56ecb8b8-6a8a-471a-826f-3a827025e524','29d9f886-4301-4881-8785-f773e8e9b3c7','7cc9eb1e-b051-4fc4-9b5d-0dd423b9b723','542b89e4-501f-418c-8e43-890f945e847a','2025-01-31 19:01:29.000000'),('e93a48ce-ced0-4737-923e-2260266dbf47','21130320',_binary '\0',NULL,'2025-07-09 06:08:12.296322',NULL,'2025-07-09 15:41:15.133067','21130320',0,'<p><br></p>','2025-03-13 05:15:17.000000',NULL,'2025-03-05 17:00:00.000000','Lựa chọn và triển khai mô hình Logistic Regression',0,0,_binary '\0','','CRITICAL','TODO','THEORY','17194877-c523-475f-9bf6-e627293e916f','66fb3db5-3f1f-41b6-9ee9-c7c01a801de8','29494edf-a498-48f4-85e1-e33775976468','50b47ab0-c2b8-4bfd-95bf-c35023aaf198','2025-03-05 17:00:00.000000'),('e9543204-a1c7-4fe7-9730-b744dfb5e218','22130001',_binary '\0',NULL,'2025-07-30 04:28:24.840695',NULL,'2025-08-03 01:24:29.220966','22130001',1,NULL,'2025-05-12 05:59:37.000000',NULL,'2025-05-11 00:00:00.000000','Lưu giỏ hàng trong session và database',0,0,_binary '\0','','MAJOR','DONE','PRACTICE','a06e6810-6edc-4b00-ae0e-5883eea883b0','f27d5a34-ecc1-4c32-8fd9-44615cbbed19','c94c51f9-dbd5-4c78-b857-46f2592d1fe1','8bace90b-9f85-46b3-9411-8e098ba21c6e','2025-03-01 14:00:00.000000'),('ea73a4ef-77d7-4e8d-81a5-969f7a7b83e0','21130335',_binary '\0',NULL,'2025-07-30 04:29:05.989136',NULL,'2025-08-02 08:59:36.939352','21130335',0,NULL,'2025-03-25 17:18:33.000000',NULL,'2025-03-23 00:00:00.000000','Thiết kế ERD cho phim & lịch chiếu',0,2,_binary '\0','','MAJOR','DONE','PRACTICE','654bfbae-b089-4f97-bcd6-e8183a3a0783','cfcba21d-966a-43b8-a1a8-9751e05ed7c5','9ca7eb3e-24a0-4a16-9d24-82d86344ac7b','d74cdee3-a4fc-44b4-bd90-1e53bec5cad1','2025-03-01 14:00:00.000000'),('eb543c3d-4f8f-4ae9-baca-2de000dbca8f','21130363',_binary '\0',NULL,'2025-08-03 10:55:00.924635',NULL,'2025-08-03 10:55:00.924635','21130363',0,NULL,'2025-05-09 17:00:00.000000',NULL,'2025-05-03 17:00:00.000000','Viết báo cáo cuối kỳ',0,0,_binary '','0','MAJOR','TODO','THEORY','f3ee7d4d-d82b-45d8-8c46-6756b1b6ea88','03ef89f3-394a-4447-ab47-2768e03ea221','d1aca7d1-1754-4931-a600-e6d30953b632','248f987f-a6ca-401f-af4d-776eb16310c2','2025-01-31 19:03:17.000000'),('eb54d3ed-2f88-4fb6-96cf-3d201d1cc205','21130359',_binary '\0',NULL,'2025-07-30 04:29:26.537123',NULL,'2025-08-03 04:37:49.625667','21130359',0,NULL,'2025-06-04 00:32:11.000000',NULL,'2025-06-01 00:00:00.000000','Chuẩn bị demo website hoàn chỉnh',0,0,_binary '\0','','CRITICAL','DONE','PRACTICE',NULL,'a5bc1288-fe8b-41c1-8993-152dbe7cb3fa',NULL,'14d6b9c2-92f2-4ebb-8ef6-fa89a0233449','2025-03-01 14:00:00.000000'),('eb5f8ee1-d579-46f8-b95a-16dc71caf98c','21130363',_binary '\0',NULL,'2025-07-08 04:03:25.588940',NULL,'2025-07-08 04:03:25.588940','21130363',0,'<p><br></p>','2025-03-21 17:00:00.000000',NULL,'2025-03-15 17:00:00.000000','Tích hợp backend',0,0,_binary '\0','0','CRITICAL','TODO','THEORY',NULL,'3bff699d-9121-413b-8896-49b00f0952a3',NULL,'0a98d5b3-7a3f-4cd0-a294-b04adeccbe7c','2025-03-15 17:00:00.000000'),('ebea2b65-44f4-4c22-b5c9-38baf4f0e9eb','21130371',_binary '\0',NULL,'2025-07-30 04:29:45.152070',NULL,'2025-08-03 04:00:12.509566','21130371',1,NULL,'2025-05-28 04:34:47.000000',NULL,'2025-05-25 00:00:00.000000','Tích hợp module đánh giá sản phẩm',0,0,_binary '\0','','MAJOR','DONE','PRACTICE','4d5f6b20-6bc0-4671-b683-904e880509d8','d909ec23-e3b8-473c-8b53-b0dd10e5cb4a','e8940cd9-c8f9-4bd8-97b6-be4f7b8536e7','00f6f2eb-2153-40a6-b2f3-8f4837ba3a3c','2025-03-01 14:00:00.000000'),('ec0fba46-047e-47e9-afc2-5f5a1f08da5b','21130371',_binary '\0',NULL,'2025-08-02 14:59:59.014064',NULL,'2025-08-02 15:00:10.799769','21130371',2,'<p><br></p>','2025-04-25 05:41:36.000000',NULL,'2025-04-20 00:00:00.000000','Cải thiện',0,0,_binary '\0','','CRITICAL','DONE','THEORY','b5090bc3-59bb-4aa5-968c-8ea52e045d9d','d909ec23-e3b8-473c-8b53-b0dd10e5cb4a','e8940cd9-c8f9-4bd8-97b6-be4f7b8536e7','9000c302-d92f-436d-a59e-c1de271cbe87','2025-04-25 05:41:25.000000'),('ec92026c-d696-466b-87e1-0802456a0dd9','21130320',_binary '\0',NULL,'2025-07-09 06:23:55.705150',NULL,'2025-07-09 16:06:14.242702','21130320',1,'<p><br></p>','2025-04-18 17:00:00.000000',NULL,'2025-04-04 17:00:00.000000','Lập bản hướng dẫn sử dụng',0,0,_binary '\0','','CRITICAL','TODO','THEORY','17194877-c523-475f-9bf6-e627293e916f','66fb3db5-3f1f-41b6-9ee9-c7c01a801de8','0efffdb4-b730-4f32-b930-79dddc45554a','2fec7291-d7dd-4835-853f-f3d8453487eb','2025-04-04 17:00:00.000000'),('ec952847-47d2-4783-8205-b408b31f0d36','21130363',_binary '\0',NULL,'2025-07-08 04:03:25.455011',NULL,'2025-07-08 04:03:25.455011','21130363',0,'<p><br></p>','2025-04-11 17:00:00.000000',NULL,'2025-03-29 17:00:00.000000','Tạo Api đơn hàng và thành toán',0,0,_binary '\0','0','CRITICAL','TODO','THEORY',NULL,'3bff699d-9121-413b-8896-49b00f0952a3',NULL,'28e4b229-c075-444e-bb7e-b2f27a9fd103','2025-03-29 17:00:00.000000'),('ecc67cbb-27b9-4a62-9476-559824fc2640','21130320',_binary '\0',NULL,'2025-07-09 06:23:21.177593',NULL,'2025-07-09 15:55:05.862228','21130320',1,'<p><br></p>','2025-03-28 04:22:09.000000',NULL,'2025-03-20 17:00:00.000000','Ghi nhận kết quả thực nghiệm',0,0,_binary '\0','','CRITICAL','TODO','THEORY','17194877-c523-475f-9bf6-e627293e916f','66fb3db5-3f1f-41b6-9ee9-c7c01a801de8','29494edf-a498-48f4-85e1-e33775976468','be992de1-8f5a-4c5b-8158-2d7ae3c7ab38','2025-03-20 17:00:00.000000'),('ecec5d24-5ab2-4f97-bf1c-e7764ca99f8d','21130320',_binary '\0',NULL,'2025-08-03 10:52:11.422852',NULL,'2025-08-03 10:52:11.422852','21130320',0,NULL,'2025-03-28 17:00:00.000000',NULL,'2025-03-22 17:00:00.000000','Hiện thực Decorator Pattern cho thuộc tính sản phẩm',0,0,_binary '','0','MAJOR','TODO','PRACTICE','0efffdb4-b730-4f32-b930-79dddc45554a','5122db1f-5ad5-4c6a-baea-404608794939','29494edf-a498-48f4-85e1-e33775976468','4d8b7804-ba53-497d-8f69-3ecbe2ba6c05','2025-01-31 19:00:27.000000'),('ed6901b7-767e-4668-bc1d-da0817335509','21130601',_binary '\0',NULL,'2025-08-03 10:53:22.746148',NULL,'2025-08-03 10:53:22.746148','21130601',0,NULL,'2025-03-21 17:00:00.000000',NULL,'2025-03-15 17:00:00.000000','Thiết kế Factory Method cho tạo loại xe',0,0,_binary '','0','MAJOR','TODO','PRACTICE','cf1781cc-fd98-477f-8fb9-da0b45544521','6d7c2809-16b0-4200-99b7-ca3ce7ab72f7','877fd8ab-c4ee-4109-812c-965f17c590f1','1d95edd7-9ceb-4e2c-af16-35735c0d39e8','2025-01-31 19:01:39.000000'),('ed72472b-25ae-4522-b0db-51409079719f','21130451',_binary '\0',NULL,'2025-07-30 04:17:29.711560',NULL,'2025-08-02 15:33:58.733521','21130451',0,NULL,'2025-04-27 17:27:48.000000',NULL,'2025-04-27 00:00:00.000000','Hiện thực module đăng ký/đăng nhập',0,0,_binary '\0','','CRITICAL','DONE','PRACTICE','4527de36-9be4-4ba3-994d-f6276f6c67c0','3438c873-bc50-42c4-a598-1ed31761fe23','7cc9eb1e-b051-4fc4-9b5d-0dd423b9b723','02d28358-9e5a-4b65-9f56-bac4a0bffc34','2025-03-01 14:00:00.000000'),('ee7691ff-c9b6-4fab-8fde-2ccaddcad414','21130320',_binary '\0',NULL,'2025-07-07 01:19:43.702224',NULL,'2025-07-29 05:22:56.855912','21130319',2,'<p>asdsadadsada</p>',NULL,NULL,'2025-02-08 17:00:00.000000','Đối tượng sử dụng chính',1,0,_binary '\0','','CRITICAL','TODO','THEORY','0efffdb4-b730-4f32-b930-79dddc45554a','caf9e00b-e1c5-4b0f-9c49-2eac892a327e','29494edf-a498-48f4-85e1-e33775976468','565e13cb-7a4c-4f75-88f2-903a54ddc690','2025-02-08 17:00:00.000000'),('ee8017aa-74df-44a4-958c-c6e6c6218c72','20130224',_binary '\0',NULL,'2025-07-30 04:29:15.779007',NULL,'2025-08-03 03:55:17.547702','20130224',1,NULL,'2025-05-26 12:29:56.000000',NULL,'2025-05-25 00:00:00.000000','Xây dựng chức năng gửi vé điện tử/thông tin xác nhận',0,0,_binary '\0','','MAJOR','DONE','PRACTICE','bf4ca8d4-f8f2-406a-99cd-8e043a030a39','253ac332-b8e2-43a7-bbc7-d673ddabc733','0ddff544-bc3b-420d-b503-312315fd770d','00f6f2eb-2153-40a6-b2f3-8f4837ba3a3c','2025-03-01 14:00:00.000000'),('eef0cf13-0a3e-4965-938e-4a32e6b9bea6','20130224',_binary '\0',NULL,'2025-08-03 10:56:24.053923',NULL,'2025-08-03 10:56:24.053923','20130224',0,NULL,'2025-05-02 17:00:00.000000',NULL,'2025-04-19 17:00:00.000000','Tối ưu hóa mã nguồn các mẫu đã dùng',0,0,_binary '','0','MAJOR','TODO','PRACTICE','0ddff544-bc3b-420d-b503-312315fd770d','97d36d58-6a95-44ba-9e9c-d9850208de3f','0fbf8da7-6caa-46bc-a29b-ee41767323dd','fb4952a3-6fbb-416b-92b3-d13f835e0de6','2025-01-31 19:04:40.000000'),('ef486624-059a-4a00-9e70-f8eadd472765','21130320',_binary '\0',NULL,'2025-08-03 10:52:11.497108',NULL,'2025-08-03 10:52:11.497108','21130320',1,NULL,'2025-04-04 17:00:00.000000',NULL,'2025-03-29 17:00:00.000000','Nghiên cứu Visitor Pattern cho báo cáo doanh thu',0,0,_binary '','0','MAJOR','TODO','THEORY','29494edf-a498-48f4-85e1-e33775976468','5122db1f-5ad5-4c6a-baea-404608794939','17194877-c523-475f-9bf6-e627293e916f','fca63275-f3b3-4839-b287-a8b7474dd393','2025-01-31 19:00:27.000000'),('ef560b2c-9cc1-40af-a51e-f93969dd6497','22130001',_binary '\0',NULL,'2025-08-02 10:56:29.716093',NULL,'2025-08-02 11:11:45.389007','22130001',1,'<p><br></p>','2025-04-12 08:55:03.000000',NULL,'2025-04-06 00:00:00.000000','Tạo Header tái sử dụng ở nhiều trang',0,0,_binary '\0','','CRITICAL','DONE','THEORY','a06e6810-6edc-4b00-ae0e-5883eea883b0','f27d5a34-ecc1-4c32-8fd9-44615cbbed19','1e999da3-163f-4a7c-84cd-2678f6ca565d','c4389934-e970-4cab-9330-2d517122d28d','2025-04-09 00:39:54.000000'),('ef5aeef6-7589-4b9e-9e97-071e96c23014','20130224',_binary '\0',NULL,'2025-07-30 04:29:15.683128',NULL,'2025-08-03 00:58:46.839498','20130224',0,NULL,'2025-05-04 17:34:06.000000',NULL,'2025-05-04 00:00:00.000000','Hiện thực giao diện Ban tổ chức quản lý sự kiện',0,0,_binary '\0','','CRITICAL','DONE','PRACTICE','bf4ca8d4-f8f2-406a-99cd-8e043a030a39','253ac332-b8e2-43a7-bbc7-d673ddabc733','0fbf8da7-6caa-46bc-a29b-ee41767323dd','5b1751c1-f7f6-42f3-b556-2db391f9527a','2025-03-01 14:00:00.000000'),('efe0c896-a5af-41c3-bda8-e52b011e9e6f','22130001',_binary '\0',NULL,'2025-07-30 04:28:24.703099',NULL,'2025-08-02 10:29:24.113561','22130001',1,NULL,'2025-04-07 05:59:31.000000',NULL,'2025-04-06 00:00:00.000000','Thiết kế giao diện trang blog/hướng dẫn chăm sóc',0,0,_binary '\0','','MAJOR','DONE','PRACTICE','1e999da3-163f-4a7c-84cd-2678f6ca565d','f27d5a34-ecc1-4c32-8fd9-44615cbbed19','c94c51f9-dbd5-4c78-b857-46f2592d1fe1','c4389934-e970-4cab-9330-2d517122d28d','2025-03-01 14:00:00.000000'),('f0559cae-8db1-47ca-a5db-fc869b9962fe','21130359',_binary '\0',NULL,'2025-08-03 10:56:37.891582',NULL,'2025-08-03 10:56:37.891582','21130359',0,NULL,'2025-03-28 17:00:00.000000',NULL,'2025-03-22 17:00:00.000000','Ghi tài liệu Decorator và Iterator',0,0,_binary '','0','MINOR','TODO','THEORY','acef4982-efaf-450c-ba00-7f889d15ca49','a6154ca9-d3f9-4a18-a20a-e0da52601faa','e8ce7209-bec9-428a-9548-239de2754237','4d8b7804-ba53-497d-8f69-3ecbe2ba6c05','2025-01-31 19:04:54.000000'),('f07af071-a5b2-4275-b861-ba9b573f13e0','20130224',_binary '\0',NULL,'2025-08-03 10:56:23.778460',NULL,'2025-08-03 10:56:23.778460','20130224',0,NULL,'2025-03-07 17:00:00.000000',NULL,'2025-03-01 17:00:00.000000','Áp dụng Strategy Pattern cho tính giá nhập/xuất',0,0,_binary '','0','MAJOR','TODO','PRACTICE','0fbf8da7-6caa-46bc-a29b-ee41767323dd','97d36d58-6a95-44ba-9e9c-d9850208de3f','bf4ca8d4-f8f2-406a-99cd-8e043a030a39','542b89e4-501f-418c-8e43-890f945e847a','2025-01-31 19:04:40.000000'),('f091190c-734c-42c3-80ce-84e76da24b94','21130320',_binary '\0',NULL,'2025-07-07 01:23:48.205009',NULL,'2025-07-11 17:10:38.711818','21130320',0,'<p><br></p>','2025-05-17 17:00:00.000000',NULL,'2025-05-03 17:00:00.000000','Vẽ ERD',0,2,_binary '\0','','MINOR','TODO','THEORY','0efffdb4-b730-4f32-b930-79dddc45554a','caf9e00b-e1c5-4b0f-9c49-2eac892a327e','17194877-c523-475f-9bf6-e627293e916f','20550769-da23-4d54-983e-bdcc62d80a37','2025-05-03 17:00:00.000000'),('f0de32db-d2be-4330-a4e4-258b47dcb96d','21130359',_binary '\0',NULL,'2025-08-03 10:56:37.922709',NULL,'2025-08-03 10:56:37.922709','21130359',1,NULL,'2025-04-04 17:00:00.000000',NULL,'2025-03-29 17:00:00.000000','Nghiên cứu Visitor Pattern cho báo cáo tiến độ',0,0,_binary '','0','MAJOR','TODO','THEORY','4587115e-b26e-4761-8de8-41826f97d842','a6154ca9-d3f9-4a18-a20a-e0da52601faa','acef4982-efaf-450c-ba00-7f889d15ca49','fca63275-f3b3-4839-b287-a8b7474dd393','2025-01-31 19:04:54.000000'),('f12cfc95-f3da-4cdd-8430-c320c3e3bbbe','21130279',_binary '\0',NULL,'2025-08-03 10:55:50.230331',NULL,'2025-08-03 10:55:50.230331','21130279',0,NULL,'2025-03-21 17:00:00.000000',NULL,'2025-03-15 17:00:00.000000','Thiết kế Factory Method cho tạo loại sự kiện',0,0,_binary '','0','MAJOR','TODO','PRACTICE','e95ab128-0e4a-494b-bcd8-47bb5e0f6355','e18c1088-2d20-400c-81bf-6eaca20ede2e','d48742db-1f1a-4bf1-aeef-1865a47b5d09','1d95edd7-9ceb-4e2c-af16-35735c0d39e8','2025-01-31 19:04:06.000000'),('f142ff2d-ec2e-4919-a344-bca87f3e8284','21130335',_binary '\0',NULL,'2025-07-30 04:29:06.167855',NULL,'2025-08-03 01:01:47.369196','21130335',0,NULL,'2025-05-04 17:37:06.000000',NULL,'2025-05-04 00:00:00.000000','Hiện thực giao diện Admin quản lý phim & suất chiếu',0,0,_binary '\0','','CRITICAL','DONE','PRACTICE','9ca7eb3e-24a0-4a16-9d24-82d86344ac7b','cfcba21d-966a-43b8-a1a8-9751e05ed7c5','654bfbae-b089-4f97-bcd6-e8183a3a0783','5b1751c1-f7f6-42f3-b556-2db391f9527a','2025-03-01 14:00:00.000000'),('f1510497-7881-4c32-b539-4d03d4dba5f3','21130363',_binary '\0',NULL,'2025-07-30 04:26:37.370805',NULL,'2025-08-02 09:47:53.528011','21130363',1,NULL,'2025-03-29 01:18:17.000000',NULL,'2025-03-23 00:00:00.000000','Chuẩn hóa CSDL và tối ưu truy vấn ban đầu',0,1,_binary '\0','','CRITICAL','DONE','THEORY','d1aca7d1-1754-4931-a600-e6d30953b632','80bc4a94-2ad4-44e8-bc20-8e76a44864e5','d22a81b9-1297-4971-a5b1-2ea027e0fa8d','d74cdee3-a4fc-44b4-bd90-1e53bec5cad1','2025-03-01 14:00:00.000000'),('f171509a-de6c-4c1d-805b-c0f8e112c077','21130320',_binary '\0',NULL,'2025-07-14 09:07:49.049357',NULL,'2025-07-14 09:16:53.700464','21130320',2,'<p><br></p>','2025-03-26 06:05:27.000000',NULL,'2025-03-22 17:00:00.000000','Ứng dụng Iterator',0,0,_binary '\0','','CRITICAL','TODO','THEORY','29494edf-a498-48f4-85e1-e33775976468','7d783967-3144-4c76-ae91-0bcb3ebab45b','0efffdb4-b730-4f32-b930-79dddc45554a','6a01e474-92f2-440e-9cc1-c1041de2e1be','2025-03-22 17:00:00.000000'),('f1d20c0c-06de-4588-a04c-45df148af040','21130451',_binary '\0',NULL,'2025-07-14 08:43:45.125801',NULL,'2025-07-14 08:55:40.706749','21130451',2,'<p><br></p>','2025-03-16 05:44:27.000000',NULL,'2025-03-15 17:00:00.000000','Tóm tắt kiến thức Abstract Factory pattern',0,0,_binary '\0','','CRITICAL','TODO','THEORY','7cc9eb1e-b051-4fc4-9b5d-0dd423b9b723','eb2cff67-6672-4ad6-8b2f-829a547c2595','4527de36-9be4-4ba3-994d-f6276f6c67c0','dd34ecaf-9783-4b03-b211-edc72a3e5f31','2025-03-15 17:00:00.000000'),('f1e45f30-66c9-423e-a149-ba0c7f1e7a18','21130335',_binary '\0',NULL,'2025-07-30 04:29:06.263953',NULL,'2025-08-03 03:54:55.982218','21130335',1,NULL,'2025-05-26 12:29:24.000000',NULL,'2025-05-25 00:00:00.000000','Xây dựng chức năng gửi mã vé điện tử',0,3,_binary '\0','','MAJOR','DONE','PRACTICE','9ca7eb3e-24a0-4a16-9d24-82d86344ac7b','cfcba21d-966a-43b8-a1a8-9751e05ed7c5','8525cbcd-87f7-4826-96d2-05ef5a536c9b','00f6f2eb-2153-40a6-b2f3-8f4837ba3a3c','2025-03-01 14:00:00.000000'),('f1e76b13-b2d7-4c41-825e-4d36991d31c0','21130363',_binary '\0',NULL,'2025-08-03 10:55:00.757748',NULL,'2025-08-03 10:55:00.757748','21130363',0,NULL,'2025-03-28 17:00:00.000000',NULL,'2025-03-22 17:00:00.000000','Ghi tài liệu Decorator và Iterator',0,0,_binary '','0','MINOR','TODO','THEORY','d22a81b9-1297-4971-a5b1-2ea027e0fa8d','03ef89f3-394a-4447-ab47-2768e03ea221','f3ee7d4d-d82b-45d8-8c46-6756b1b6ea88','4d8b7804-ba53-497d-8f69-3ecbe2ba6c05','2025-01-31 19:03:17.000000'),('f2837a1b-2732-4a97-9859-795085109cd8','22130001',_binary '\0',NULL,'2025-08-03 10:55:33.808025',NULL,'2025-08-03 10:55:33.808025','22130001',0,NULL,'2025-04-18 17:00:00.000000',NULL,'2025-04-05 17:00:00.000000','Thiết kế cấu trúc MVC cho ứng dụng',0,0,_binary '','0','MAJOR','TODO','PRACTICE','a06e6810-6edc-4b00-ae0e-5883eea883b0','66436f4d-8245-433d-a9d2-d0eb03a6a47b','1e999da3-163f-4a7c-84cd-2678f6ca565d','07743875-1d87-4d81-8c5c-4e909871d8f0','2025-01-31 19:03:50.000000'),('f37b487f-4543-4ae7-b5a7-31f3fa4c3d2c','21130335',_binary '\0',NULL,'2025-07-30 04:29:06.068642',NULL,'2025-08-02 14:49:38.991442','21130335',1,NULL,'2025-04-22 17:31:08.000000',NULL,'2025-04-20 00:00:00.000000','Chuẩn bị tài liệu báo cáo giữa kì',0,0,_binary '\0','','MAJOR','DONE','THEORY','654bfbae-b089-4f97-bcd6-e8183a3a0783','cfcba21d-966a-43b8-a1a8-9751e05ed7c5','9ca7eb3e-24a0-4a16-9d24-82d86344ac7b','9000c302-d92f-436d-a59e-c1de271cbe87','2025-03-01 14:00:00.000000'),('f3d3b4c2-9cfa-4a04-86bf-3d2bbf2e77d5','21130601',_binary '\0',NULL,'2025-07-30 04:18:35.950182',NULL,'2025-08-02 11:11:38.013900','21130601',0,NULL,'2025-04-12 08:54:56.000000',NULL,'2025-04-06 00:00:00.000000','Thiết kế giao diện trang hỗ trợ khách hàng',0,0,_binary '\0','','MAJOR','DONE','PRACTICE','aece6254-3942-4a02-be99-782106eb4a52','a8eb1192-3e81-42e8-9f69-8483736af936','cf1781cc-fd98-477f-8fb9-da0b45544521','c4389934-e970-4cab-9330-2d517122d28d','2025-03-01 14:00:00.000000'),('f43609ff-5ea8-410b-835d-230aa719f2c7','21130320',_binary '\0',NULL,'2025-07-24 01:28:08.746616',NULL,'2025-07-24 01:28:08.746616','21130320',2,'<p><br></p>','2025-03-03 17:00:00.000000',NULL,'2025-02-24 17:00:00.000000','Huấn luyện mô hình',0,0,_binary '','0','CRITICAL','TODO','THEORY','29494edf-a498-48f4-85e1-e33775976468','09a3fd3d-110c-4021-b4f2-13e32f43e261','17194877-c523-475f-9bf6-e627293e916f','746d0e99-8024-4fd8-8851-0ff42317774a','2025-02-08 17:04:54.000000'),('f4649b04-0856-4887-a501-28cd68070bfa','21130371',_binary '\0',NULL,'2025-08-03 10:56:47.697235',NULL,'2025-08-03 10:56:47.697235','21130371',1,NULL,'2025-02-14 17:00:00.000000',NULL,'2025-02-08 17:00:00.000000','Chọn đề tài và ngôn ngữ',0,0,_binary '','0','MAJOR','TODO','THEORY','e8940cd9-c8f9-4bd8-97b6-be4f7b8536e7','6cc2afa7-7786-4f77-9e9b-e5e3d3abbda7','4d5f6b20-6bc0-4671-b683-904e880509d8','1b19a7f7-7e06-4a7c-a3a0-918eb14670bf','2025-01-31 19:05:04.000000'),('f4e949bc-11a6-4e55-a545-8633e126d334','21130320',_binary '\0',NULL,'2025-07-23 18:01:09.372490',NULL,'2025-07-26 12:51:38.649843','21130320',2,'<p><br></p>',NULL,NULL,'2025-02-08 17:00:00.000000','Tìm kiếm ứng dụng áp dụng',0,0,_binary '','','CRITICAL','BACKLOG','THEORY','17194877-c523-475f-9bf6-e627293e916f','09a3fd3d-110c-4021-b4f2-13e32f43e261','29494edf-a498-48f4-85e1-e33775976468',NULL,NULL),('f58b1a8a-c792-4876-853a-82e996aee9bd','21130451',_binary '\0',NULL,'2025-07-30 04:17:29.909260',NULL,'2025-08-03 03:59:48.443647','21130451',0,NULL,'2025-05-28 04:34:23.000000',NULL,'2025-05-25 00:00:00.000000','Tích hợp chức năng đánh giá và bình luận sách',0,0,_binary '\0','','MAJOR','DONE','PRACTICE','4527de36-9be4-4ba3-994d-f6276f6c67c0','3438c873-bc50-42c4-a598-1ed31761fe23','7cc9eb1e-b051-4fc4-9b5d-0dd423b9b723','00f6f2eb-2153-40a6-b2f3-8f4837ba3a3c','2025-03-01 14:00:00.000000'),('f58dc104-a63a-4f8c-9b1e-af09bf86aa87','21130451',_binary '\0',NULL,'2025-07-08 03:42:23.801698',NULL,'2025-07-11 15:46:22.539234','21130451',0,'<p><br></p>','2025-03-01 18:42:59.000000',NULL,'2025-03-01 17:00:00.000000','Thực hiện UI trang sản phẩm mới',0,0,_binary '\0','','CRITICAL','TODO','THEORY','7cc9eb1e-b051-4fc4-9b5d-0dd423b9b723','8f109a77-484b-4f39-a076-6b2a44b8137a','4527de36-9be4-4ba3-994d-f6276f6c67c0','018a1ba5-dda1-4179-b73e-176e6693a371','2025-03-01 17:00:00.000000'),('f58f2ef2-9738-4a04-9f24-0f998f784138','22130001',_binary '\0',NULL,'2025-07-30 04:28:24.811052',NULL,'2025-08-03 00:57:41.080421','22130001',1,NULL,'2025-05-10 00:00:00.000000',NULL,'2025-05-04 00:00:00.000000','Xây dựng trang sản phẩm bán chạy/mới về',0,0,_binary '','','MAJOR','REVIEW','PRACTICE','c94c51f9-dbd5-4c78-b857-46f2592d1fe1','f27d5a34-ecc1-4c32-8fd9-44615cbbed19','1e999da3-163f-4a7c-84cd-2678f6ca565d','5b1751c1-f7f6-42f3-b556-2db391f9527a','2025-03-01 14:00:00.000000'),('f5d0166b-bf80-49c5-bf4c-a88c99b39fd4','22130001',_binary '\0',NULL,'2025-07-30 04:28:24.677169',NULL,'2025-08-02 11:02:45.836114','22130001',1,NULL,'2025-04-09 00:46:10.000000',NULL,'2025-04-06 00:00:00.000000','Thiết kế giao diện trang chi tiết cây cảnh',0,0,_binary '\0','','MAJOR','DONE','PRACTICE','a06e6810-6edc-4b00-ae0e-5883eea883b0','f27d5a34-ecc1-4c32-8fd9-44615cbbed19','c94c51f9-dbd5-4c78-b857-46f2592d1fe1','c4389934-e970-4cab-9330-2d517122d28d','2025-03-01 14:00:00.000000'),('f5e6d7ac-18ee-4749-8443-3743cf3f485a','21130451',_binary '\0',NULL,'2025-07-30 04:17:29.847677',NULL,'2025-08-03 03:29:28.830953','21130451',0,NULL,'2025-05-23 04:04:14.000000',NULL,'2025-05-18 00:00:00.000000','Hiện thực cách tính tiền cho đơn hàng sách',0,0,_binary '\0','','CRITICAL','DONE','PRACTICE','4527de36-9be4-4ba3-994d-f6276f6c67c0','3438c873-bc50-42c4-a598-1ed31761fe23','56ecb8b8-6a8a-471a-826f-3a827025e524','55737e22-cac3-411e-96a1-b5b1a1488b61','2025-03-01 14:00:00.000000'),('f6bf0bc7-5c01-4bf3-b2eb-aeddffbd8c98','20130224',_binary '\0',NULL,'2025-07-30 04:29:15.644153',NULL,'2025-08-02 15:34:36.002538','20130224',1,NULL,'2025-04-27 17:28:25.000000',NULL,'2025-04-27 00:00:00.000000','Xây dựng phân quyền chi tiết cho BTC',0,0,_binary '\0','','MAJOR','DONE','PRACTICE','0ddff544-bc3b-420d-b503-312315fd770d','253ac332-b8e2-43a7-bbc7-d673ddabc733','0fbf8da7-6caa-46bc-a29b-ee41767323dd','02d28358-9e5a-4b65-9f56-bac4a0bffc34','2025-03-01 14:00:00.000000'),('f6ce649a-ac25-4e86-84b7-3e9e57f4d9c9','21130363',_binary '\0',NULL,'2025-07-30 04:26:37.357258',NULL,'2025-08-02 09:47:55.292509','21130363',0,NULL,'2025-03-29 01:18:19.000000',NULL,'2025-03-23 00:00:00.000000','Thiết kế ERD cho đơn hàng & giao hàng',0,0,_binary '\0','','CRITICAL','DONE','PRACTICE','d22a81b9-1297-4971-a5b1-2ea027e0fa8d','80bc4a94-2ad4-44e8-bc20-8e76a44864e5','d1aca7d1-1754-4931-a600-e6d30953b632','d74cdee3-a4fc-44b4-bd90-1e53bec5cad1','2025-03-01 14:00:00.000000'),('f74c7417-cbf1-4e42-8062-e706018b54b4','21130363',_binary '\0',NULL,'2025-08-03 10:55:00.807781',NULL,'2025-08-03 10:55:00.807781','21130363',0,NULL,'2025-04-04 17:00:00.000000',NULL,'2025-03-29 17:00:00.000000','Ghi tài liệu Template Method và Visitor',0,0,_binary '','0','MINOR','TODO','THEORY','d22a81b9-1297-4971-a5b1-2ea027e0fa8d','03ef89f3-394a-4447-ab47-2768e03ea221','f3ee7d4d-d82b-45d8-8c46-6756b1b6ea88','fca63275-f3b3-4839-b287-a8b7474dd393','2025-01-31 19:03:17.000000'),('f78b380f-dad0-4d70-9de0-6b3bd0231b03','21130601',_binary '\0',NULL,'2025-08-03 10:53:22.762139',NULL,'2025-08-03 10:53:22.762139','21130601',1,NULL,'2025-03-21 17:00:00.000000',NULL,'2025-03-15 17:00:00.000000','Nghiên cứu Abstract Factory Pattern',0,0,_binary '','0','MAJOR','TODO','THEORY','877fd8ab-c4ee-4109-812c-965f17c590f1','6d7c2809-16b0-4200-99b7-ca3ce7ab72f7','aece6254-3942-4a02-be99-782106eb4a52','1d95edd7-9ceb-4e2c-af16-35735c0d39e8','2025-01-31 19:01:39.000000'),('f8143f11-3d68-4e88-b7e7-ffbd91f654a2','21130320',_binary '\0',NULL,'2025-07-30 04:16:36.980277',NULL,'2025-08-02 05:13:23.233428','21130320',0,NULL,'2025-03-14 17:14:21.000000',NULL,'2025-03-09 00:00:00.000000','Khảo sát thị trường và đối thủ',0,1,_binary '\0','','CRITICAL','DONE','THEORY','29494edf-a498-48f4-85e1-e33775976468','dc9af886-7862-4815-9876-037e5440de12','0efffdb4-b730-4f32-b930-79dddc45554a','bbfddaeb-dea5-4178-b067-e0fa8812c338','2025-03-01 14:00:00.000000'),('f87c64f1-9986-4c95-8227-3f7d7263b03d','21130320',_binary '\0',NULL,'2025-07-09 05:59:00.917788',NULL,'2025-07-09 15:03:58.853639','21130320',0,'<p><br></p>','2025-02-12 17:56:05.000000',NULL,'2025-02-09 17:00:00.000000','Lựa chọn đề tài',0,1,_binary '\0','','MINOR','TODO','THEORY','0efffdb4-b730-4f32-b930-79dddc45554a','66fb3db5-3f1f-41b6-9ee9-c7c01a801de8','17194877-c523-475f-9bf6-e627293e916f','ed56cfbc-3019-48c5-9109-e97c30d0e4f5','2025-02-09 17:00:00.000000'),('f8a6b2a1-d7f0-4df6-9bcb-e5f6ef3645a0','21130320',_binary '\0',NULL,'2025-08-03 10:52:11.670493',NULL,'2025-08-03 10:52:11.670493','21130320',0,NULL,'2025-05-09 17:00:00.000000',NULL,'2025-05-03 17:00:00.000000','Chuẩn bị bản demo ứng dụng',0,0,_binary '','0','MAJOR','TODO','PRACTICE','29494edf-a498-48f4-85e1-e33775976468','5122db1f-5ad5-4c6a-baea-404608794939','17194877-c523-475f-9bf6-e627293e916f','248f987f-a6ca-401f-af4d-776eb16310c2','2025-01-31 19:00:28.000000'),('f98768e1-add2-42d8-b188-7216921bfea7','20130224',_binary '\0',NULL,'2025-08-03 10:56:23.729269',NULL,'2025-08-03 10:56:23.729269','20130224',1,NULL,'2025-02-28 17:00:00.000000',NULL,'2025-02-15 17:00:00.000000','Tìm hiểu 4 nguyên tắc OOP',0,0,_binary '','0','MAJOR','TODO','THEORY','0fbf8da7-6caa-46bc-a29b-ee41767323dd','97d36d58-6a95-44ba-9e9c-d9850208de3f','bf4ca8d4-f8f2-406a-99cd-8e043a030a39','49dd8be6-7191-430b-acae-501c1bee2770','2025-01-31 19:04:40.000000'),('fa1e250e-24e6-445f-8bc7-e40a0bf100e6','21130320',_binary '\0',NULL,'2025-08-03 10:52:11.403750',NULL,'2025-08-03 10:52:11.403750','21130320',0,NULL,'2025-03-21 17:00:00.000000',NULL,'2025-03-15 17:00:00.000000','Ghi tài liệu Factory Method',0,0,_binary '','0','MINOR','TODO','THEORY','17194877-c523-475f-9bf6-e627293e916f','5122db1f-5ad5-4c6a-baea-404608794939','0efffdb4-b730-4f32-b930-79dddc45554a','1d95edd7-9ceb-4e2c-af16-35735c0d39e8','2025-01-31 19:00:27.000000'),('fa3d631b-17de-40a0-873f-1878575392e1','21130451',_binary '\0',NULL,'2025-07-08 03:42:23.617819',NULL,'2025-07-29 03:38:55.701227','21130451',2,'<p>asdasdsad</p>','2025-02-09 21:31:44.000000',NULL,'2025-02-09 17:00:00.000000','Mô hình kinh doanh trái cây',1,0,_binary '\0','','CRITICAL','INPROCESS','THEORY','4527de36-9be4-4ba3-994d-f6276f6c67c0','8f109a77-484b-4f39-a076-6b2a44b8137a','4527de36-9be4-4ba3-994d-f6276f6c67c0','565e13cb-7a4c-4f75-88f2-903a54ddc690','2025-02-08 17:00:00.000000'),('fa5dc7d3-bbdf-406a-8489-737c51e57c9c','21130320',_binary '\0',NULL,'2025-07-14 09:25:24.571864',NULL,'2025-07-14 09:32:00.282826','21130320',2,'<p><br></p>','2025-03-31 06:20:28.000000',NULL,'2025-03-29 17:00:00.000000','Ứng dụng Visitor',0,0,_binary '\0','','CRITICAL','TODO','THEORY','29494edf-a498-48f4-85e1-e33775976468','7d783967-3144-4c76-ae91-0bcb3ebab45b','17194877-c523-475f-9bf6-e627293e916f','99157455-4dac-4bd4-a540-f43c0fd93145','2025-03-29 17:00:00.000000'),('fa62b236-bc60-4c90-a1ae-5c4a903a710b','21130451',_binary '\0',NULL,'2025-07-30 04:17:29.675591',NULL,'2025-08-02 14:48:52.402808','21130451',0,NULL,'2025-04-22 17:30:22.000000',NULL,'2025-04-20 00:00:00.000000','Chuẩn bị tài liệu báo cáo giữa kì',0,0,_binary '\0','','MAJOR','DONE','THEORY','4527de36-9be4-4ba3-994d-f6276f6c67c0','3438c873-bc50-42c4-a598-1ed31761fe23','7cc9eb1e-b051-4fc4-9b5d-0dd423b9b723','9000c302-d92f-436d-a59e-c1de271cbe87','2025-03-01 14:00:00.000000'),('fadd37bb-c4c0-48fa-a5a6-1101fc043401','21130320',_binary '\0',NULL,'2025-07-30 04:16:37.309536',NULL,'2025-08-03 03:29:25.950388','21130320',0,NULL,'2025-05-23 04:04:11.000000',NULL,'2025-05-18 00:00:00.000000','Hiển thị lịch sử đơn hàng cho người dùng',0,0,_binary '\0','','MAJOR','DONE','PRACTICE','0efffdb4-b730-4f32-b930-79dddc45554a','dc9af886-7862-4815-9876-037e5440de12','29494edf-a498-48f4-85e1-e33775976468','55737e22-cac3-411e-96a1-b5b1a1488b61','2025-03-01 14:00:00.000000'),('fb0e32ff-327e-4f6d-8e18-17dbab4100ce','21130363',_binary '\0',NULL,'2025-07-30 04:26:37.686357',NULL,'2025-08-03 04:37:31.374418','21130363',0,NULL,'2025-06-04 00:31:53.000000',NULL,'2025-06-01 00:00:00.000000','Chuẩn bị demo website hoàn chỉnh',0,0,_binary '\0','','CRITICAL','DONE','PRACTICE',NULL,'80bc4a94-2ad4-44e8-bc20-8e76a44864e5',NULL,'14d6b9c2-92f2-4ebb-8ef6-fa89a0233449','2025-03-01 14:00:00.000000'),('fb150f6f-e6e0-4a85-9fae-d27fb56666a8','21130279',_binary '\0',NULL,'2025-07-30 04:28:39.124846',NULL,'2025-08-03 01:01:27.085077','21130279',0,NULL,'2025-05-04 17:36:46.000000',NULL,'2025-05-04 00:00:00.000000','Hiện thực giao diện Người bán quản lý sản phẩm',0,0,_binary '\0','','CRITICAL','DONE','PRACTICE','d48742db-1f1a-4bf1-aeef-1865a47b5d09','89427d93-69a9-4187-baac-7a3105624b8b','e95ab128-0e4a-494b-bcd8-47bb5e0f6355','5b1751c1-f7f6-42f3-b556-2db391f9527a','2025-03-01 14:00:00.000000'),('fb437bab-db0e-460e-9244-0257071f72f5','21130359',_binary '\0',NULL,'2025-07-30 04:29:26.358672',NULL,'2025-08-02 15:34:39.279513','21130359',1,NULL,'2025-04-27 17:28:28.000000',NULL,'2025-04-27 00:00:00.000000','Ứng dụng Session cho người dùng',0,0,_binary '\0','','MAJOR','DONE','PRACTICE',NULL,'a5bc1288-fe8b-41c1-8993-152dbe7cb3fa',NULL,'02d28358-9e5a-4b65-9f56-bac4a0bffc34','2025-03-01 14:00:00.000000'),('fc0dac0d-6ed7-4787-a093-3973afe2b0cb','21130363',_binary '\0',NULL,'2025-07-08 04:03:25.479720',NULL,'2025-07-08 04:03:25.479720','21130363',0,'<p><br></p>','2025-03-21 17:00:00.000000',NULL,'2025-03-15 17:00:00.000000','Viết SQL',0,0,_binary '\0','0','CRITICAL','TODO','THEORY',NULL,'3bff699d-9121-413b-8896-49b00f0952a3',NULL,'0a98d5b3-7a3f-4cd0-a294-b04adeccbe7c','2025-03-15 17:00:00.000000'),('fcc3681c-ca27-44ed-9a0a-d5a2a2c017a6','21130601',_binary '\0',NULL,'2025-07-30 04:18:35.874311',NULL,'2025-08-02 06:27:57.967767','21130601',0,NULL,'2025-03-24 01:17:39.000000',NULL,'2025-03-23 00:00:00.000000','Xây dựng ERD cho thông số kỹ thuật sản phẩm',0,0,_binary '\0','','CRITICAL','DONE','PRACTICE','877fd8ab-c4ee-4109-812c-965f17c590f1','a8eb1192-3e81-42e8-9f69-8483736af936','cf1781cc-fd98-477f-8fb9-da0b45544521','d74cdee3-a4fc-44b4-bd90-1e53bec5cad1','2025-03-01 14:00:00.000000'),('fccbe3da-4c48-4652-8f58-f83e9ebaeb74','21130320',_binary '\0',NULL,'2025-07-30 04:16:36.996595',NULL,'2025-08-02 05:01:30.727011','21130320',0,NULL,'2025-03-12 05:02:33.000000',NULL,'2025-03-09 00:00:00.000000','Thu thập yêu cầu tính năng',0,1,_binary '\0','','CRITICAL','DONE','THEORY','29494edf-a498-48f4-85e1-e33775976468','dc9af886-7862-4815-9876-037e5440de12','0efffdb4-b730-4f32-b930-79dddc45554a','bbfddaeb-dea5-4178-b067-e0fa8812c338','2025-03-01 14:00:00.000000'),('fd4b18af-dce9-4e5b-84c4-22e358c407c3','21130451',_binary '\0',NULL,'2025-07-09 05:36:14.954222',NULL,'2025-07-11 16:26:10.844008','21130451',0,'<p><br></p>','2025-03-23 09:09:02.000000',NULL,'2025-03-22 17:00:00.000000','Xử lý biến động giá',0,0,_binary '\0','','CRITICAL','TODO','THEORY',NULL,'8f109a77-484b-4f39-a076-6b2a44b8137a',NULL,'0e1c0884-cd4f-4efe-85cf-ed3d6c1fce8d','2025-03-22 17:00:00.000000'),('fecc9978-7b4f-4d5e-8d3e-802d4edef2e3','21130601',_binary '\0',NULL,'2025-07-08 03:56:16.118040',NULL,'2025-07-08 03:56:16.118040','21130601',0,'<ol><li data-list=\"bullet\"><span class=\"ql-ui\" contenteditable=\"false\"></span>Routes</li><li data-list=\"bullet\"><span class=\"ql-ui\" contenteditable=\"false\"></span>Dispatcher</li><li data-list=\"bullet\"><span class=\"ql-ui\" contenteditable=\"false\"></span>Filter</li><li data-list=\"bullet\"><span class=\"ql-ui\" contenteditable=\"false\"></span>Model Attribute</li></ol>','2025-02-21 17:00:00.000000',NULL,'2025-02-15 17:00:00.000000','Tìm hiểu về Java Servlet',0,0,_binary '\0','0','CRITICAL','TODO','THEORY',NULL,'f5dbc1df-3827-4a90-b9fb-8e1e5736c8c9',NULL,'de1a9928-7d90-4b22-9f2c-1c1977a9b1d3','2025-02-15 17:00:00.000000'),('ff114e94-a88e-4481-8649-c80042646679','21130451',_binary '\0',NULL,'2025-07-14 09:39:12.120307',NULL,'2025-07-14 09:56:18.268381','21130451',2,'<p><br></p>','2025-04-16 22:44:24.000000',NULL,'2025-04-05 17:00:00.000000','Ứng dụng MVC',0,0,_binary '\0','','CRITICAL','TODO','THEORY','56ecb8b8-6a8a-471a-826f-3a827025e524','eb2cff67-6672-4ad6-8b2f-829a547c2595','7cc9eb1e-b051-4fc4-9b5d-0dd423b9b723','bbfc8df2-5eb2-4a78-84d1-1e65beddd6f3','2025-04-05 17:00:00.000000'),('ff1a3799-f99e-43ff-be41-fe8970410e38','21130363',_binary '\0',NULL,'2025-07-30 04:26:37.427923',NULL,'2025-08-02 14:48:45.642863','21130363',1,NULL,'2025-04-22 17:30:15.000000',NULL,'2025-04-20 00:00:00.000000','Chuẩn bị tài liệu báo cáo giữa kì',0,0,_binary '\0','','MAJOR','DONE','THEORY','d1aca7d1-1754-4931-a600-e6d30953b632','80bc4a94-2ad4-44e8-bc20-8e76a44864e5','f3ee7d4d-d82b-45d8-8c46-6756b1b6ea88','9000c302-d92f-436d-a59e-c1de271cbe87','2025-03-01 14:00:00.000000'),('ffd460c4-799a-4873-8199-776ac5d572f5','21130363',_binary '\0',NULL,'2025-07-08 04:03:25.676509',NULL,'2025-07-08 04:03:25.676509','21130363',0,'<p><br></p>','2025-03-28 17:00:00.000000',NULL,'2025-03-22 17:00:00.000000','Tích hợp giỏ hàng',0,0,_binary '\0','0','CRITICAL','TODO','THEORY',NULL,'3bff699d-9121-413b-8896-49b00f0952a3',NULL,'0e1c0884-cd4f-4efe-85cf-ed3d6c1fce8d','2025-03-22 17:00:00.000000');
/*!40000 ALTER TABLE `issues` ENABLE KEYS */;
UNLOCK TABLES;

--
-- Dumping data for table `permissions`
--

LOCK TABLES `permissions` WRITE;
/*!40000 ALTER TABLE `permissions` DISABLE KEYS */;
INSERT INTO `permissions` VALUES ('e79e184d-0874-11f0-91a0-0242ac120002','manage_roles'),('e79e70d0-0874-11f0-91a0-0242ac120002','create_account'),('e79e7242-0874-11f0-91a0-0242ac120002','update_account'),('e79e72a7-0874-11f0-91a0-0242ac120002','deactivate_account'),('e79e72d7-0874-11f0-91a0-0242ac120002','delete_account'),('e79e72ff-0874-11f0-91a0-0242ac120002','assign_role'),('e79e7327-0874-11f0-91a0-0242ac120002','remove_role'),('e79e734c-0874-11f0-91a0-0242ac120002','create_workspace'),('e79e7378-0874-11f0-91a0-0242ac120002','update_workspace'),('e79e739e-0874-11f0-91a0-0242ac120002','deactivate_workspace'),('e79e73c1-0874-11f0-91a0-0242ac120002','delete_workspace'),('e79e73e3-0874-11f0-91a0-0242ac120002','manage_workspace_members'),('e79e7408-0874-11f0-91a0-0242ac120002','create_project'),('e79e742d-0874-11f0-91a0-0242ac120002','update_project'),('e79e7bea-0874-11f0-91a0-0242ac120002','delete_project'),('e79e7c2a-0874-11f0-91a0-0242ac120002','archive_project'),('e79e7c52-0874-11f0-91a0-0242ac120002','assign_project_members'),('e79e7c75-0874-11f0-91a0-0242ac120002','remove_project_members'),('e79e7c9b-0874-11f0-91a0-0242ac120002','create_sprint'),('e79e7cc2-0874-11f0-91a0-0242ac120002','update_sprint'),('e79e7ce5-0874-11f0-91a0-0242ac120002','delete_sprint'),('e79e7d08-0874-11f0-91a0-0242ac120002','start_sprint'),('e79e7d29-0874-11f0-91a0-0242ac120002','complete_sprint'),('e79e7d4a-0874-11f0-91a0-0242ac120002','sprint_backlog'),('e79e7d6e-0874-11f0-91a0-0242ac120002','sprint_retrospect'),('e79e7d93-0874-11f0-91a0-0242ac120002','create_task'),('e79e7db5-0874-11f0-91a0-0242ac120002','update_task'),('e79e7dd9-0874-11f0-91a0-0242ac120002','delete_task'),('e79e7df9-0874-11f0-91a0-0242ac120002','assign_task'),('e79e7e18-0874-11f0-91a0-0242ac120002','change_task_status'),('e79e7e3a-0874-11f0-91a0-0242ac120002','estimate_task_effort'),('e79e7e5d-0874-11f0-91a0-0242ac120002','view_student_progress'),('e79e7e81-0874-11f0-91a0-0242ac120002','evaluate_project'),('e79e7ea4-0874-11f0-91a0-0242ac120002','import_sprint_backlog'),('e79e7ec6-0874-11f0-91a0-0242ac120002','download_sprint_backlog'),('e79e7ee9-0874-11f0-91a0-0242ac120002','audit_logs'),('e79e7f0b-0874-11f0-91a0-0242ac120002','view_sprint_report');
/*!40000 ALTER TABLE `permissions` ENABLE KEYS */;
UNLOCK TABLES;

--
-- Dumping data for table `personal_skill`
--

LOCK TABLES `personal_skill` WRITE;
/*!40000 ALTER TABLE `personal_skill` DISABLE KEYS */;
INSERT INTO `personal_skill` VALUES (3,'28190eb3-2c79-4749-8002-0d57fbe215ab','0ddff544-bc3b-420d-b503-312315fd770d'),(1,'2cd738e1-c5e0-4de9-8daf-cafddcc3e79f','0ddff544-bc3b-420d-b503-312315fd770d'),(5,'35632293-1d3e-43af-82be-58373ed43237','0ddff544-bc3b-420d-b503-312315fd770d'),(4,'4546ea0d-61cb-479d-8f1e-c05faa3f1938','0ddff544-bc3b-420d-b503-312315fd770d'),(3,'4b60b10a-bef9-440a-bcf2-c24cb9a39638','0ddff544-bc3b-420d-b503-312315fd770d'),(4,'5292dfab-a44d-4c8b-9ac1-4beb7cdfed40','0ddff544-bc3b-420d-b503-312315fd770d'),(5,'53ec3170-bf6f-4e41-9ebe-3d734c52629f','0ddff544-bc3b-420d-b503-312315fd770d'),(5,'5d39e73b-f01c-480b-85c5-14d525e1fe88','0ddff544-bc3b-420d-b503-312315fd770d'),(4,'84cbb67d-71c9-4f7c-85b1-734faba26a2b','0ddff544-bc3b-420d-b503-312315fd770d'),(4,'eeedfdeb-5251-4de6-83e6-bd2357df68df','0ddff544-bc3b-420d-b503-312315fd770d'),(2,'f2045192-fb22-4f00-adc2-d8773f008c2d','0ddff544-bc3b-420d-b503-312315fd770d'),(2,'09ff3366-7263-4f97-8819-c1b91a374433','0efffdb4-b730-4f32-b930-79dddc45554a'),(2,'32907f3c-59b2-449c-be5d-2cbb0fa5256a','0efffdb4-b730-4f32-b930-79dddc45554a'),(3,'35632293-1d3e-43af-82be-58373ed43237','0efffdb4-b730-4f32-b930-79dddc45554a'),(1,'4546ea0d-61cb-479d-8f1e-c05faa3f1938','0efffdb4-b730-4f32-b930-79dddc45554a'),(1,'4b60b10a-bef9-440a-bcf2-c24cb9a39638','0efffdb4-b730-4f32-b930-79dddc45554a'),(4,'5292dfab-a44d-4c8b-9ac1-4beb7cdfed40','0efffdb4-b730-4f32-b930-79dddc45554a'),(3,'5d39e73b-f01c-480b-85c5-14d525e1fe88','0efffdb4-b730-4f32-b930-79dddc45554a'),(3,'84cbb67d-71c9-4f7c-85b1-734faba26a2b','0efffdb4-b730-4f32-b930-79dddc45554a'),(4,'8931bbb3-e6d7-4e75-8be1-49f7d7c96487','0efffdb4-b730-4f32-b930-79dddc45554a'),(2,'91ff4535-ea3b-48d3-a560-6c4866ea35eb','0efffdb4-b730-4f32-b930-79dddc45554a'),(1,'923a6239-8e81-49d3-8379-0c03284f2275','0efffdb4-b730-4f32-b930-79dddc45554a'),(1,'9345304d-d743-487c-8893-3f82c03750c7','0efffdb4-b730-4f32-b930-79dddc45554a'),(2,'93ab459c-ebb9-4c45-a33b-3f24263b2fdc','0efffdb4-b730-4f32-b930-79dddc45554a'),(3,'d1893400-2187-4c7b-92bf-ada82686bf84','0efffdb4-b730-4f32-b930-79dddc45554a'),(4,'eeedfdeb-5251-4de6-83e6-bd2357df68df','0efffdb4-b730-4f32-b930-79dddc45554a'),(1,'f2045192-fb22-4f00-adc2-d8773f008c2d','0efffdb4-b730-4f32-b930-79dddc45554a'),(3,'28190eb3-2c79-4749-8002-0d57fbe215ab','0fbf8da7-6caa-46bc-a29b-ee41767323dd'),(1,'2cd738e1-c5e0-4de9-8daf-cafddcc3e79f','0fbf8da7-6caa-46bc-a29b-ee41767323dd'),(1,'35632293-1d3e-43af-82be-58373ed43237','0fbf8da7-6caa-46bc-a29b-ee41767323dd'),(5,'4546ea0d-61cb-479d-8f1e-c05faa3f1938','0fbf8da7-6caa-46bc-a29b-ee41767323dd'),(1,'4b60b10a-bef9-440a-bcf2-c24cb9a39638','0fbf8da7-6caa-46bc-a29b-ee41767323dd'),(5,'5292dfab-a44d-4c8b-9ac1-4beb7cdfed40','0fbf8da7-6caa-46bc-a29b-ee41767323dd'),(4,'53ec3170-bf6f-4e41-9ebe-3d734c52629f','0fbf8da7-6caa-46bc-a29b-ee41767323dd'),(3,'5d39e73b-f01c-480b-85c5-14d525e1fe88','0fbf8da7-6caa-46bc-a29b-ee41767323dd'),(4,'84cbb67d-71c9-4f7c-85b1-734faba26a2b','0fbf8da7-6caa-46bc-a29b-ee41767323dd'),(3,'eeedfdeb-5251-4de6-83e6-bd2357df68df','0fbf8da7-6caa-46bc-a29b-ee41767323dd'),(2,'f2045192-fb22-4f00-adc2-d8773f008c2d','0fbf8da7-6caa-46bc-a29b-ee41767323dd'),(2,'09ff3366-7263-4f97-8819-c1b91a374433','17194877-c523-475f-9bf6-e627293e916f'),(4,'28190eb3-2c79-4749-8002-0d57fbe215ab','17194877-c523-475f-9bf6-e627293e916f'),(3,'32907f3c-59b2-449c-be5d-2cbb0fa5256a','17194877-c523-475f-9bf6-e627293e916f'),(3,'35632293-1d3e-43af-82be-58373ed43237','17194877-c523-475f-9bf6-e627293e916f'),(5,'4546ea0d-61cb-479d-8f1e-c05faa3f1938','17194877-c523-475f-9bf6-e627293e916f'),(2,'4b60b10a-bef9-440a-bcf2-c24cb9a39638','17194877-c523-475f-9bf6-e627293e916f'),(4,'5292dfab-a44d-4c8b-9ac1-4beb7cdfed40','17194877-c523-475f-9bf6-e627293e916f'),(1,'7d86caf3-b2d1-4029-9bc0-4b1d319f29df','17194877-c523-475f-9bf6-e627293e916f'),(2,'84cbb67d-71c9-4f7c-85b1-734faba26a2b','17194877-c523-475f-9bf6-e627293e916f'),(2,'8931bbb3-e6d7-4e75-8be1-49f7d7c96487','17194877-c523-475f-9bf6-e627293e916f'),(5,'923a6239-8e81-49d3-8379-0c03284f2275','17194877-c523-475f-9bf6-e627293e916f'),(2,'9345304d-d743-487c-8893-3f82c03750c7','17194877-c523-475f-9bf6-e627293e916f'),(2,'b5696ec1-06ed-42fa-86f0-497e52338f03','17194877-c523-475f-9bf6-e627293e916f'),(3,'d1893400-2187-4c7b-92bf-ada82686bf84','17194877-c523-475f-9bf6-e627293e916f'),(1,'eeedfdeb-5251-4de6-83e6-bd2357df68df','17194877-c523-475f-9bf6-e627293e916f'),(4,'f2045192-fb22-4f00-adc2-d8773f008c2d','17194877-c523-475f-9bf6-e627293e916f'),(1,'28190eb3-2c79-4749-8002-0d57fbe215ab','1e999da3-163f-4a7c-84cd-2678f6ca565d'),(3,'2cd738e1-c5e0-4de9-8daf-cafddcc3e79f','1e999da3-163f-4a7c-84cd-2678f6ca565d'),(5,'35632293-1d3e-43af-82be-58373ed43237','1e999da3-163f-4a7c-84cd-2678f6ca565d'),(2,'4546ea0d-61cb-479d-8f1e-c05faa3f1938','1e999da3-163f-4a7c-84cd-2678f6ca565d'),(2,'4b60b10a-bef9-440a-bcf2-c24cb9a39638','1e999da3-163f-4a7c-84cd-2678f6ca565d'),(1,'5292dfab-a44d-4c8b-9ac1-4beb7cdfed40','1e999da3-163f-4a7c-84cd-2678f6ca565d'),(5,'53ec3170-bf6f-4e41-9ebe-3d734c52629f','1e999da3-163f-4a7c-84cd-2678f6ca565d'),(2,'5d39e73b-f01c-480b-85c5-14d525e1fe88','1e999da3-163f-4a7c-84cd-2678f6ca565d'),(5,'84cbb67d-71c9-4f7c-85b1-734faba26a2b','1e999da3-163f-4a7c-84cd-2678f6ca565d'),(4,'eeedfdeb-5251-4de6-83e6-bd2357df68df','1e999da3-163f-4a7c-84cd-2678f6ca565d'),(4,'f2045192-fb22-4f00-adc2-d8773f008c2d','1e999da3-163f-4a7c-84cd-2678f6ca565d'),(3,'28190eb3-2c79-4749-8002-0d57fbe215ab','29494edf-a498-48f4-85e1-e33775976468'),(5,'35632293-1d3e-43af-82be-58373ed43237','29494edf-a498-48f4-85e1-e33775976468'),(1,'4546ea0d-61cb-479d-8f1e-c05faa3f1938','29494edf-a498-48f4-85e1-e33775976468'),(2,'4b60b10a-bef9-440a-bcf2-c24cb9a39638','29494edf-a498-48f4-85e1-e33775976468'),(1,'5292dfab-a44d-4c8b-9ac1-4beb7cdfed40','29494edf-a498-48f4-85e1-e33775976468'),(1,'7d86caf3-b2d1-4029-9bc0-4b1d319f29df','29494edf-a498-48f4-85e1-e33775976468'),(1,'7ea6e1ff-cd72-4049-84f6-2cf60eec8fda','29494edf-a498-48f4-85e1-e33775976468'),(5,'84cbb67d-71c9-4f7c-85b1-734faba26a2b','29494edf-a498-48f4-85e1-e33775976468'),(5,'923a6239-8e81-49d3-8379-0c03284f2275','29494edf-a498-48f4-85e1-e33775976468'),(2,'9345304d-d743-487c-8893-3f82c03750c7','29494edf-a498-48f4-85e1-e33775976468'),(2,'938cef2c-f710-4d90-b343-562e94dd56d9','29494edf-a498-48f4-85e1-e33775976468'),(3,'9da99cf3-671a-4aa2-9622-2aa80be49c6a','29494edf-a498-48f4-85e1-e33775976468'),(1,'d1893400-2187-4c7b-92bf-ada82686bf84','29494edf-a498-48f4-85e1-e33775976468'),(3,'eeedfdeb-5251-4de6-83e6-bd2357df68df','29494edf-a498-48f4-85e1-e33775976468'),(3,'f2045192-fb22-4f00-adc2-d8773f008c2d','29494edf-a498-48f4-85e1-e33775976468'),(1,'09ff3366-7263-4f97-8819-c1b91a374433','4527de36-9be4-4ba3-994d-f6276f6c67c0'),(2,'35632293-1d3e-43af-82be-58373ed43237','4527de36-9be4-4ba3-994d-f6276f6c67c0'),(4,'4546ea0d-61cb-479d-8f1e-c05faa3f1938','4527de36-9be4-4ba3-994d-f6276f6c67c0'),(2,'4b60b10a-bef9-440a-bcf2-c24cb9a39638','4527de36-9be4-4ba3-994d-f6276f6c67c0'),(4,'5292dfab-a44d-4c8b-9ac1-4beb7cdfed40','4527de36-9be4-4ba3-994d-f6276f6c67c0'),(2,'84cbb67d-71c9-4f7c-85b1-734faba26a2b','4527de36-9be4-4ba3-994d-f6276f6c67c0'),(2,'91ff4535-ea3b-48d3-a560-6c4866ea35eb','4527de36-9be4-4ba3-994d-f6276f6c67c0'),(3,'923a6239-8e81-49d3-8379-0c03284f2275','4527de36-9be4-4ba3-994d-f6276f6c67c0'),(3,'c4aa5d74-e861-483c-b8a7-7828d88cce56','4527de36-9be4-4ba3-994d-f6276f6c67c0'),(1,'eeedfdeb-5251-4de6-83e6-bd2357df68df','4527de36-9be4-4ba3-994d-f6276f6c67c0'),(4,'f2045192-fb22-4f00-adc2-d8773f008c2d','4527de36-9be4-4ba3-994d-f6276f6c67c0'),(5,'28190eb3-2c79-4749-8002-0d57fbe215ab','4587115e-b26e-4761-8de8-41826f97d842'),(3,'2cd738e1-c5e0-4de9-8daf-cafddcc3e79f','4587115e-b26e-4761-8de8-41826f97d842'),(3,'35632293-1d3e-43af-82be-58373ed43237','4587115e-b26e-4761-8de8-41826f97d842'),(3,'4546ea0d-61cb-479d-8f1e-c05faa3f1938','4587115e-b26e-4761-8de8-41826f97d842'),(3,'4b60b10a-bef9-440a-bcf2-c24cb9a39638','4587115e-b26e-4761-8de8-41826f97d842'),(5,'5292dfab-a44d-4c8b-9ac1-4beb7cdfed40','4587115e-b26e-4761-8de8-41826f97d842'),(1,'53ec3170-bf6f-4e41-9ebe-3d734c52629f','4587115e-b26e-4761-8de8-41826f97d842'),(4,'5d39e73b-f01c-480b-85c5-14d525e1fe88','4587115e-b26e-4761-8de8-41826f97d842'),(5,'84cbb67d-71c9-4f7c-85b1-734faba26a2b','4587115e-b26e-4761-8de8-41826f97d842'),(3,'eeedfdeb-5251-4de6-83e6-bd2357df68df','4587115e-b26e-4761-8de8-41826f97d842'),(5,'f2045192-fb22-4f00-adc2-d8773f008c2d','4587115e-b26e-4761-8de8-41826f97d842'),(1,'28190eb3-2c79-4749-8002-0d57fbe215ab','4d5f6b20-6bc0-4671-b683-904e880509d8'),(5,'2cd738e1-c5e0-4de9-8daf-cafddcc3e79f','4d5f6b20-6bc0-4671-b683-904e880509d8'),(4,'35632293-1d3e-43af-82be-58373ed43237','4d5f6b20-6bc0-4671-b683-904e880509d8'),(3,'4546ea0d-61cb-479d-8f1e-c05faa3f1938','4d5f6b20-6bc0-4671-b683-904e880509d8'),(1,'4b60b10a-bef9-440a-bcf2-c24cb9a39638','4d5f6b20-6bc0-4671-b683-904e880509d8'),(4,'5292dfab-a44d-4c8b-9ac1-4beb7cdfed40','4d5f6b20-6bc0-4671-b683-904e880509d8'),(4,'53ec3170-bf6f-4e41-9ebe-3d734c52629f','4d5f6b20-6bc0-4671-b683-904e880509d8'),(4,'5d39e73b-f01c-480b-85c5-14d525e1fe88','4d5f6b20-6bc0-4671-b683-904e880509d8'),(4,'84cbb67d-71c9-4f7c-85b1-734faba26a2b','4d5f6b20-6bc0-4671-b683-904e880509d8'),(1,'eeedfdeb-5251-4de6-83e6-bd2357df68df','4d5f6b20-6bc0-4671-b683-904e880509d8'),(2,'f2045192-fb22-4f00-adc2-d8773f008c2d','4d5f6b20-6bc0-4671-b683-904e880509d8'),(3,'09ff3366-7263-4f97-8819-c1b91a374433','56ecb8b8-6a8a-471a-826f-3a827025e524'),(1,'35632293-1d3e-43af-82be-58373ed43237','56ecb8b8-6a8a-471a-826f-3a827025e524'),(4,'4546ea0d-61cb-479d-8f1e-c05faa3f1938','56ecb8b8-6a8a-471a-826f-3a827025e524'),(1,'4b60b10a-bef9-440a-bcf2-c24cb9a39638','56ecb8b8-6a8a-471a-826f-3a827025e524'),(5,'5292dfab-a44d-4c8b-9ac1-4beb7cdfed40','56ecb8b8-6a8a-471a-826f-3a827025e524'),(2,'5d39e73b-f01c-480b-85c5-14d525e1fe88','56ecb8b8-6a8a-471a-826f-3a827025e524'),(1,'7d86caf3-b2d1-4029-9bc0-4b1d319f29df','56ecb8b8-6a8a-471a-826f-3a827025e524'),(5,'923a6239-8e81-49d3-8379-0c03284f2275','56ecb8b8-6a8a-471a-826f-3a827025e524'),(3,'b5696ec1-06ed-42fa-86f0-497e52338f03','56ecb8b8-6a8a-471a-826f-3a827025e524'),(4,'c4aa5d74-e861-483c-b8a7-7828d88cce56','56ecb8b8-6a8a-471a-826f-3a827025e524'),(4,'eeedfdeb-5251-4de6-83e6-bd2357df68df','56ecb8b8-6a8a-471a-826f-3a827025e524'),(1,'f2045192-fb22-4f00-adc2-d8773f008c2d','56ecb8b8-6a8a-471a-826f-3a827025e524'),(5,'28190eb3-2c79-4749-8002-0d57fbe215ab','654bfbae-b089-4f97-bcd6-e8183a3a0783'),(1,'2cd738e1-c5e0-4de9-8daf-cafddcc3e79f','654bfbae-b089-4f97-bcd6-e8183a3a0783'),(2,'35632293-1d3e-43af-82be-58373ed43237','654bfbae-b089-4f97-bcd6-e8183a3a0783'),(3,'4546ea0d-61cb-479d-8f1e-c05faa3f1938','654bfbae-b089-4f97-bcd6-e8183a3a0783'),(4,'4b60b10a-bef9-440a-bcf2-c24cb9a39638','654bfbae-b089-4f97-bcd6-e8183a3a0783'),(4,'5292dfab-a44d-4c8b-9ac1-4beb7cdfed40','654bfbae-b089-4f97-bcd6-e8183a3a0783'),(1,'53ec3170-bf6f-4e41-9ebe-3d734c52629f','654bfbae-b089-4f97-bcd6-e8183a3a0783'),(1,'5d39e73b-f01c-480b-85c5-14d525e1fe88','654bfbae-b089-4f97-bcd6-e8183a3a0783'),(5,'84cbb67d-71c9-4f7c-85b1-734faba26a2b','654bfbae-b089-4f97-bcd6-e8183a3a0783'),(5,'eeedfdeb-5251-4de6-83e6-bd2357df68df','654bfbae-b089-4f97-bcd6-e8183a3a0783'),(5,'f2045192-fb22-4f00-adc2-d8773f008c2d','654bfbae-b089-4f97-bcd6-e8183a3a0783'),(5,'09ff3366-7263-4f97-8819-c1b91a374433','7cc9eb1e-b051-4fc4-9b5d-0dd423b9b723'),(1,'28190eb3-2c79-4749-8002-0d57fbe215ab','7cc9eb1e-b051-4fc4-9b5d-0dd423b9b723'),(3,'35632293-1d3e-43af-82be-58373ed43237','7cc9eb1e-b051-4fc4-9b5d-0dd423b9b723'),(4,'4546ea0d-61cb-479d-8f1e-c05faa3f1938','7cc9eb1e-b051-4fc4-9b5d-0dd423b9b723'),(4,'4b60b10a-bef9-440a-bcf2-c24cb9a39638','7cc9eb1e-b051-4fc4-9b5d-0dd423b9b723'),(1,'5292dfab-a44d-4c8b-9ac1-4beb7cdfed40','7cc9eb1e-b051-4fc4-9b5d-0dd423b9b723'),(1,'8dc102be-5170-470b-b20b-a49b996deb25','7cc9eb1e-b051-4fc4-9b5d-0dd423b9b723'),(4,'923a6239-8e81-49d3-8379-0c03284f2275','7cc9eb1e-b051-4fc4-9b5d-0dd423b9b723'),(3,'c4aa5d74-e861-483c-b8a7-7828d88cce56','7cc9eb1e-b051-4fc4-9b5d-0dd423b9b723'),(3,'eeedfdeb-5251-4de6-83e6-bd2357df68df','7cc9eb1e-b051-4fc4-9b5d-0dd423b9b723'),(1,'f2045192-fb22-4f00-adc2-d8773f008c2d','7cc9eb1e-b051-4fc4-9b5d-0dd423b9b723'),(2,'28190eb3-2c79-4749-8002-0d57fbe215ab','8525cbcd-87f7-4826-96d2-05ef5a536c9b'),(5,'2cd738e1-c5e0-4de9-8daf-cafddcc3e79f','8525cbcd-87f7-4826-96d2-05ef5a536c9b'),(4,'35632293-1d3e-43af-82be-58373ed43237','8525cbcd-87f7-4826-96d2-05ef5a536c9b'),(5,'4546ea0d-61cb-479d-8f1e-c05faa3f1938','8525cbcd-87f7-4826-96d2-05ef5a536c9b'),(4,'4b60b10a-bef9-440a-bcf2-c24cb9a39638','8525cbcd-87f7-4826-96d2-05ef5a536c9b'),(1,'5292dfab-a44d-4c8b-9ac1-4beb7cdfed40','8525cbcd-87f7-4826-96d2-05ef5a536c9b'),(4,'53ec3170-bf6f-4e41-9ebe-3d734c52629f','8525cbcd-87f7-4826-96d2-05ef5a536c9b'),(4,'5d39e73b-f01c-480b-85c5-14d525e1fe88','8525cbcd-87f7-4826-96d2-05ef5a536c9b'),(4,'84cbb67d-71c9-4f7c-85b1-734faba26a2b','8525cbcd-87f7-4826-96d2-05ef5a536c9b'),(5,'eeedfdeb-5251-4de6-83e6-bd2357df68df','8525cbcd-87f7-4826-96d2-05ef5a536c9b'),(2,'f2045192-fb22-4f00-adc2-d8773f008c2d','8525cbcd-87f7-4826-96d2-05ef5a536c9b'),(1,'35632293-1d3e-43af-82be-58373ed43237','877fd8ab-c4ee-4109-812c-965f17c590f1'),(3,'4546ea0d-61cb-479d-8f1e-c05faa3f1938','877fd8ab-c4ee-4109-812c-965f17c590f1'),(3,'4b60b10a-bef9-440a-bcf2-c24cb9a39638','877fd8ab-c4ee-4109-812c-965f17c590f1'),(5,'5292dfab-a44d-4c8b-9ac1-4beb7cdfed40','877fd8ab-c4ee-4109-812c-965f17c590f1'),(2,'8b3654f1-e510-41f0-8a01-d8856f7a2786','877fd8ab-c4ee-4109-812c-965f17c590f1'),(2,'923a6239-8e81-49d3-8379-0c03284f2275','877fd8ab-c4ee-4109-812c-965f17c590f1'),(3,'eeedfdeb-5251-4de6-83e6-bd2357df68df','877fd8ab-c4ee-4109-812c-965f17c590f1'),(3,'f2045192-fb22-4f00-adc2-d8773f008c2d','877fd8ab-c4ee-4109-812c-965f17c590f1'),(4,'ff571ca8-4105-4ebd-a992-6a18aac35275','877fd8ab-c4ee-4109-812c-965f17c590f1'),(4,'28190eb3-2c79-4749-8002-0d57fbe215ab','9ca7eb3e-24a0-4a16-9d24-82d86344ac7b'),(5,'2cd738e1-c5e0-4de9-8daf-cafddcc3e79f','9ca7eb3e-24a0-4a16-9d24-82d86344ac7b'),(5,'35632293-1d3e-43af-82be-58373ed43237','9ca7eb3e-24a0-4a16-9d24-82d86344ac7b'),(2,'4546ea0d-61cb-479d-8f1e-c05faa3f1938','9ca7eb3e-24a0-4a16-9d24-82d86344ac7b'),(2,'4b60b10a-bef9-440a-bcf2-c24cb9a39638','9ca7eb3e-24a0-4a16-9d24-82d86344ac7b'),(2,'5292dfab-a44d-4c8b-9ac1-4beb7cdfed40','9ca7eb3e-24a0-4a16-9d24-82d86344ac7b'),(4,'53ec3170-bf6f-4e41-9ebe-3d734c52629f','9ca7eb3e-24a0-4a16-9d24-82d86344ac7b'),(3,'5d39e73b-f01c-480b-85c5-14d525e1fe88','9ca7eb3e-24a0-4a16-9d24-82d86344ac7b'),(2,'84cbb67d-71c9-4f7c-85b1-734faba26a2b','9ca7eb3e-24a0-4a16-9d24-82d86344ac7b'),(3,'eeedfdeb-5251-4de6-83e6-bd2357df68df','9ca7eb3e-24a0-4a16-9d24-82d86344ac7b'),(1,'f2045192-fb22-4f00-adc2-d8773f008c2d','9ca7eb3e-24a0-4a16-9d24-82d86344ac7b'),(5,'28190eb3-2c79-4749-8002-0d57fbe215ab','a06e6810-6edc-4b00-ae0e-5883eea883b0'),(5,'2cd738e1-c5e0-4de9-8daf-cafddcc3e79f','a06e6810-6edc-4b00-ae0e-5883eea883b0'),(4,'35632293-1d3e-43af-82be-58373ed43237','a06e6810-6edc-4b00-ae0e-5883eea883b0'),(5,'4546ea0d-61cb-479d-8f1e-c05faa3f1938','a06e6810-6edc-4b00-ae0e-5883eea883b0'),(3,'4b60b10a-bef9-440a-bcf2-c24cb9a39638','a06e6810-6edc-4b00-ae0e-5883eea883b0'),(2,'5292dfab-a44d-4c8b-9ac1-4beb7cdfed40','a06e6810-6edc-4b00-ae0e-5883eea883b0'),(4,'53ec3170-bf6f-4e41-9ebe-3d734c52629f','a06e6810-6edc-4b00-ae0e-5883eea883b0'),(1,'5d39e73b-f01c-480b-85c5-14d525e1fe88','a06e6810-6edc-4b00-ae0e-5883eea883b0'),(5,'84cbb67d-71c9-4f7c-85b1-734faba26a2b','a06e6810-6edc-4b00-ae0e-5883eea883b0'),(2,'eeedfdeb-5251-4de6-83e6-bd2357df68df','a06e6810-6edc-4b00-ae0e-5883eea883b0'),(2,'f2045192-fb22-4f00-adc2-d8773f008c2d','a06e6810-6edc-4b00-ae0e-5883eea883b0'),(2,'28190eb3-2c79-4749-8002-0d57fbe215ab','acef4982-efaf-450c-ba00-7f889d15ca49'),(5,'2cd738e1-c5e0-4de9-8daf-cafddcc3e79f','acef4982-efaf-450c-ba00-7f889d15ca49'),(4,'35632293-1d3e-43af-82be-58373ed43237','acef4982-efaf-450c-ba00-7f889d15ca49'),(3,'4546ea0d-61cb-479d-8f1e-c05faa3f1938','acef4982-efaf-450c-ba00-7f889d15ca49'),(4,'4b60b10a-bef9-440a-bcf2-c24cb9a39638','acef4982-efaf-450c-ba00-7f889d15ca49'),(5,'5292dfab-a44d-4c8b-9ac1-4beb7cdfed40','acef4982-efaf-450c-ba00-7f889d15ca49'),(2,'53ec3170-bf6f-4e41-9ebe-3d734c52629f','acef4982-efaf-450c-ba00-7f889d15ca49'),(1,'5d39e73b-f01c-480b-85c5-14d525e1fe88','acef4982-efaf-450c-ba00-7f889d15ca49'),(2,'84cbb67d-71c9-4f7c-85b1-734faba26a2b','acef4982-efaf-450c-ba00-7f889d15ca49'),(1,'eeedfdeb-5251-4de6-83e6-bd2357df68df','acef4982-efaf-450c-ba00-7f889d15ca49'),(5,'f2045192-fb22-4f00-adc2-d8773f008c2d','acef4982-efaf-450c-ba00-7f889d15ca49'),(4,'35632293-1d3e-43af-82be-58373ed43237','aece6254-3942-4a02-be99-782106eb4a52'),(2,'4546ea0d-61cb-479d-8f1e-c05faa3f1938','aece6254-3942-4a02-be99-782106eb4a52'),(2,'4b60b10a-bef9-440a-bcf2-c24cb9a39638','aece6254-3942-4a02-be99-782106eb4a52'),(4,'5292dfab-a44d-4c8b-9ac1-4beb7cdfed40','aece6254-3942-4a02-be99-782106eb4a52'),(3,'8b3654f1-e510-41f0-8a01-d8856f7a2786','aece6254-3942-4a02-be99-782106eb4a52'),(2,'923a6239-8e81-49d3-8379-0c03284f2275','aece6254-3942-4a02-be99-782106eb4a52'),(4,'eeedfdeb-5251-4de6-83e6-bd2357df68df','aece6254-3942-4a02-be99-782106eb4a52'),(1,'f2045192-fb22-4f00-adc2-d8773f008c2d','aece6254-3942-4a02-be99-782106eb4a52'),(3,'ff571ca8-4105-4ebd-a992-6a18aac35275','aece6254-3942-4a02-be99-782106eb4a52'),(4,'28190eb3-2c79-4749-8002-0d57fbe215ab','b5090bc3-59bb-4aa5-968c-8ea52e045d9d'),(1,'2cd738e1-c5e0-4de9-8daf-cafddcc3e79f','b5090bc3-59bb-4aa5-968c-8ea52e045d9d'),(3,'35632293-1d3e-43af-82be-58373ed43237','b5090bc3-59bb-4aa5-968c-8ea52e045d9d'),(5,'4546ea0d-61cb-479d-8f1e-c05faa3f1938','b5090bc3-59bb-4aa5-968c-8ea52e045d9d'),(1,'4b60b10a-bef9-440a-bcf2-c24cb9a39638','b5090bc3-59bb-4aa5-968c-8ea52e045d9d'),(4,'5292dfab-a44d-4c8b-9ac1-4beb7cdfed40','b5090bc3-59bb-4aa5-968c-8ea52e045d9d'),(1,'53ec3170-bf6f-4e41-9ebe-3d734c52629f','b5090bc3-59bb-4aa5-968c-8ea52e045d9d'),(4,'5d39e73b-f01c-480b-85c5-14d525e1fe88','b5090bc3-59bb-4aa5-968c-8ea52e045d9d'),(4,'84cbb67d-71c9-4f7c-85b1-734faba26a2b','b5090bc3-59bb-4aa5-968c-8ea52e045d9d'),(2,'eeedfdeb-5251-4de6-83e6-bd2357df68df','b5090bc3-59bb-4aa5-968c-8ea52e045d9d'),(1,'f2045192-fb22-4f00-adc2-d8773f008c2d','b5090bc3-59bb-4aa5-968c-8ea52e045d9d'),(5,'28190eb3-2c79-4749-8002-0d57fbe215ab','bbecaa3b-396a-4cfd-8fb5-908ceb80b212'),(5,'2cd738e1-c5e0-4de9-8daf-cafddcc3e79f','bbecaa3b-396a-4cfd-8fb5-908ceb80b212'),(4,'35632293-1d3e-43af-82be-58373ed43237','bbecaa3b-396a-4cfd-8fb5-908ceb80b212'),(5,'4546ea0d-61cb-479d-8f1e-c05faa3f1938','bbecaa3b-396a-4cfd-8fb5-908ceb80b212'),(1,'4b60b10a-bef9-440a-bcf2-c24cb9a39638','bbecaa3b-396a-4cfd-8fb5-908ceb80b212'),(2,'5292dfab-a44d-4c8b-9ac1-4beb7cdfed40','bbecaa3b-396a-4cfd-8fb5-908ceb80b212'),(1,'53ec3170-bf6f-4e41-9ebe-3d734c52629f','bbecaa3b-396a-4cfd-8fb5-908ceb80b212'),(2,'5d39e73b-f01c-480b-85c5-14d525e1fe88','bbecaa3b-396a-4cfd-8fb5-908ceb80b212'),(2,'84cbb67d-71c9-4f7c-85b1-734faba26a2b','bbecaa3b-396a-4cfd-8fb5-908ceb80b212'),(5,'eeedfdeb-5251-4de6-83e6-bd2357df68df','bbecaa3b-396a-4cfd-8fb5-908ceb80b212'),(5,'f2045192-fb22-4f00-adc2-d8773f008c2d','bbecaa3b-396a-4cfd-8fb5-908ceb80b212'),(4,'28190eb3-2c79-4749-8002-0d57fbe215ab','bf4ca8d4-f8f2-406a-99cd-8e043a030a39'),(5,'2cd738e1-c5e0-4de9-8daf-cafddcc3e79f','bf4ca8d4-f8f2-406a-99cd-8e043a030a39'),(3,'35632293-1d3e-43af-82be-58373ed43237','bf4ca8d4-f8f2-406a-99cd-8e043a030a39'),(2,'4546ea0d-61cb-479d-8f1e-c05faa3f1938','bf4ca8d4-f8f2-406a-99cd-8e043a030a39'),(3,'4b60b10a-bef9-440a-bcf2-c24cb9a39638','bf4ca8d4-f8f2-406a-99cd-8e043a030a39'),(1,'5292dfab-a44d-4c8b-9ac1-4beb7cdfed40','bf4ca8d4-f8f2-406a-99cd-8e043a030a39'),(2,'53ec3170-bf6f-4e41-9ebe-3d734c52629f','bf4ca8d4-f8f2-406a-99cd-8e043a030a39'),(5,'5d39e73b-f01c-480b-85c5-14d525e1fe88','bf4ca8d4-f8f2-406a-99cd-8e043a030a39'),(3,'84cbb67d-71c9-4f7c-85b1-734faba26a2b','bf4ca8d4-f8f2-406a-99cd-8e043a030a39'),(1,'eeedfdeb-5251-4de6-83e6-bd2357df68df','bf4ca8d4-f8f2-406a-99cd-8e043a030a39'),(1,'f2045192-fb22-4f00-adc2-d8773f008c2d','bf4ca8d4-f8f2-406a-99cd-8e043a030a39'),(3,'28190eb3-2c79-4749-8002-0d57fbe215ab','c94c51f9-dbd5-4c78-b857-46f2592d1fe1'),(2,'2cd738e1-c5e0-4de9-8daf-cafddcc3e79f','c94c51f9-dbd5-4c78-b857-46f2592d1fe1'),(2,'35632293-1d3e-43af-82be-58373ed43237','c94c51f9-dbd5-4c78-b857-46f2592d1fe1'),(3,'4546ea0d-61cb-479d-8f1e-c05faa3f1938','c94c51f9-dbd5-4c78-b857-46f2592d1fe1'),(2,'4b60b10a-bef9-440a-bcf2-c24cb9a39638','c94c51f9-dbd5-4c78-b857-46f2592d1fe1'),(5,'5292dfab-a44d-4c8b-9ac1-4beb7cdfed40','c94c51f9-dbd5-4c78-b857-46f2592d1fe1'),(4,'53ec3170-bf6f-4e41-9ebe-3d734c52629f','c94c51f9-dbd5-4c78-b857-46f2592d1fe1'),(3,'5d39e73b-f01c-480b-85c5-14d525e1fe88','c94c51f9-dbd5-4c78-b857-46f2592d1fe1'),(3,'84cbb67d-71c9-4f7c-85b1-734faba26a2b','c94c51f9-dbd5-4c78-b857-46f2592d1fe1'),(4,'eeedfdeb-5251-4de6-83e6-bd2357df68df','c94c51f9-dbd5-4c78-b857-46f2592d1fe1'),(4,'f2045192-fb22-4f00-adc2-d8773f008c2d','c94c51f9-dbd5-4c78-b857-46f2592d1fe1'),(3,'35632293-1d3e-43af-82be-58373ed43237','cf1781cc-fd98-477f-8fb9-da0b45544521'),(2,'4546ea0d-61cb-479d-8f1e-c05faa3f1938','cf1781cc-fd98-477f-8fb9-da0b45544521'),(1,'4b60b10a-bef9-440a-bcf2-c24cb9a39638','cf1781cc-fd98-477f-8fb9-da0b45544521'),(5,'5292dfab-a44d-4c8b-9ac1-4beb7cdfed40','cf1781cc-fd98-477f-8fb9-da0b45544521'),(2,'923a6239-8e81-49d3-8379-0c03284f2275','cf1781cc-fd98-477f-8fb9-da0b45544521'),(1,'eeedfdeb-5251-4de6-83e6-bd2357df68df','cf1781cc-fd98-477f-8fb9-da0b45544521'),(1,'f2045192-fb22-4f00-adc2-d8773f008c2d','cf1781cc-fd98-477f-8fb9-da0b45544521'),(4,'28190eb3-2c79-4749-8002-0d57fbe215ab','d1aca7d1-1754-4931-a600-e6d30953b632'),(2,'35632293-1d3e-43af-82be-58373ed43237','d1aca7d1-1754-4931-a600-e6d30953b632'),(3,'4546ea0d-61cb-479d-8f1e-c05faa3f1938','d1aca7d1-1754-4931-a600-e6d30953b632'),(2,'4b60b10a-bef9-440a-bcf2-c24cb9a39638','d1aca7d1-1754-4931-a600-e6d30953b632'),(1,'5292dfab-a44d-4c8b-9ac1-4beb7cdfed40','d1aca7d1-1754-4931-a600-e6d30953b632'),(2,'53ec3170-bf6f-4e41-9ebe-3d734c52629f','d1aca7d1-1754-4931-a600-e6d30953b632'),(5,'84cbb67d-71c9-4f7c-85b1-734faba26a2b','d1aca7d1-1754-4931-a600-e6d30953b632'),(2,'8b3654f1-e510-41f0-8a01-d8856f7a2786','d1aca7d1-1754-4931-a600-e6d30953b632'),(3,'923a6239-8e81-49d3-8379-0c03284f2275','d1aca7d1-1754-4931-a600-e6d30953b632'),(1,'eeedfdeb-5251-4de6-83e6-bd2357df68df','d1aca7d1-1754-4931-a600-e6d30953b632'),(3,'ff571ca8-4105-4ebd-a992-6a18aac35275','d1aca7d1-1754-4931-a600-e6d30953b632'),(5,'28190eb3-2c79-4749-8002-0d57fbe215ab','d22a81b9-1297-4971-a5b1-2ea027e0fa8d'),(2,'35632293-1d3e-43af-82be-58373ed43237','d22a81b9-1297-4971-a5b1-2ea027e0fa8d'),(5,'4546ea0d-61cb-479d-8f1e-c05faa3f1938','d22a81b9-1297-4971-a5b1-2ea027e0fa8d'),(2,'4b60b10a-bef9-440a-bcf2-c24cb9a39638','d22a81b9-1297-4971-a5b1-2ea027e0fa8d'),(4,'5292dfab-a44d-4c8b-9ac1-4beb7cdfed40','d22a81b9-1297-4971-a5b1-2ea027e0fa8d'),(3,'53ec3170-bf6f-4e41-9ebe-3d734c52629f','d22a81b9-1297-4971-a5b1-2ea027e0fa8d'),(3,'84cbb67d-71c9-4f7c-85b1-734faba26a2b','d22a81b9-1297-4971-a5b1-2ea027e0fa8d'),(3,'923a6239-8e81-49d3-8379-0c03284f2275','d22a81b9-1297-4971-a5b1-2ea027e0fa8d'),(3,'a8d461e1-51a7-4a26-9e77-ca92900ba3bf','d22a81b9-1297-4971-a5b1-2ea027e0fa8d'),(4,'b1603feb-4dca-452d-8768-d474a003902e','d22a81b9-1297-4971-a5b1-2ea027e0fa8d'),(2,'dc372d56-ebb8-4551-971c-0d6c00752272','d22a81b9-1297-4971-a5b1-2ea027e0fa8d'),(2,'eeedfdeb-5251-4de6-83e6-bd2357df68df','d22a81b9-1297-4971-a5b1-2ea027e0fa8d'),(4,'28190eb3-2c79-4749-8002-0d57fbe215ab','d48742db-1f1a-4bf1-aeef-1865a47b5d09'),(1,'2cd738e1-c5e0-4de9-8daf-cafddcc3e79f','d48742db-1f1a-4bf1-aeef-1865a47b5d09'),(3,'35632293-1d3e-43af-82be-58373ed43237','d48742db-1f1a-4bf1-aeef-1865a47b5d09'),(5,'4546ea0d-61cb-479d-8f1e-c05faa3f1938','d48742db-1f1a-4bf1-aeef-1865a47b5d09'),(4,'4b60b10a-bef9-440a-bcf2-c24cb9a39638','d48742db-1f1a-4bf1-aeef-1865a47b5d09'),(3,'5292dfab-a44d-4c8b-9ac1-4beb7cdfed40','d48742db-1f1a-4bf1-aeef-1865a47b5d09'),(1,'53ec3170-bf6f-4e41-9ebe-3d734c52629f','d48742db-1f1a-4bf1-aeef-1865a47b5d09'),(3,'5d39e73b-f01c-480b-85c5-14d525e1fe88','d48742db-1f1a-4bf1-aeef-1865a47b5d09'),(5,'84cbb67d-71c9-4f7c-85b1-734faba26a2b','d48742db-1f1a-4bf1-aeef-1865a47b5d09'),(1,'eeedfdeb-5251-4de6-83e6-bd2357df68df','d48742db-1f1a-4bf1-aeef-1865a47b5d09'),(2,'f2045192-fb22-4f00-adc2-d8773f008c2d','d48742db-1f1a-4bf1-aeef-1865a47b5d09'),(5,'28190eb3-2c79-4749-8002-0d57fbe215ab','e8940cd9-c8f9-4bd8-97b6-be4f7b8536e7'),(1,'2cd738e1-c5e0-4de9-8daf-cafddcc3e79f','e8940cd9-c8f9-4bd8-97b6-be4f7b8536e7'),(5,'35632293-1d3e-43af-82be-58373ed43237','e8940cd9-c8f9-4bd8-97b6-be4f7b8536e7'),(2,'4546ea0d-61cb-479d-8f1e-c05faa3f1938','e8940cd9-c8f9-4bd8-97b6-be4f7b8536e7'),(1,'4b60b10a-bef9-440a-bcf2-c24cb9a39638','e8940cd9-c8f9-4bd8-97b6-be4f7b8536e7'),(5,'5292dfab-a44d-4c8b-9ac1-4beb7cdfed40','e8940cd9-c8f9-4bd8-97b6-be4f7b8536e7'),(1,'53ec3170-bf6f-4e41-9ebe-3d734c52629f','e8940cd9-c8f9-4bd8-97b6-be4f7b8536e7'),(5,'5d39e73b-f01c-480b-85c5-14d525e1fe88','e8940cd9-c8f9-4bd8-97b6-be4f7b8536e7'),(3,'84cbb67d-71c9-4f7c-85b1-734faba26a2b','e8940cd9-c8f9-4bd8-97b6-be4f7b8536e7'),(5,'eeedfdeb-5251-4de6-83e6-bd2357df68df','e8940cd9-c8f9-4bd8-97b6-be4f7b8536e7'),(2,'f2045192-fb22-4f00-adc2-d8773f008c2d','e8940cd9-c8f9-4bd8-97b6-be4f7b8536e7'),(2,'28190eb3-2c79-4749-8002-0d57fbe215ab','e8ce7209-bec9-428a-9548-239de2754237'),(4,'2cd738e1-c5e0-4de9-8daf-cafddcc3e79f','e8ce7209-bec9-428a-9548-239de2754237'),(3,'35632293-1d3e-43af-82be-58373ed43237','e8ce7209-bec9-428a-9548-239de2754237'),(3,'4546ea0d-61cb-479d-8f1e-c05faa3f1938','e8ce7209-bec9-428a-9548-239de2754237'),(3,'4b60b10a-bef9-440a-bcf2-c24cb9a39638','e8ce7209-bec9-428a-9548-239de2754237'),(5,'5292dfab-a44d-4c8b-9ac1-4beb7cdfed40','e8ce7209-bec9-428a-9548-239de2754237'),(1,'53ec3170-bf6f-4e41-9ebe-3d734c52629f','e8ce7209-bec9-428a-9548-239de2754237'),(4,'5d39e73b-f01c-480b-85c5-14d525e1fe88','e8ce7209-bec9-428a-9548-239de2754237'),(4,'84cbb67d-71c9-4f7c-85b1-734faba26a2b','e8ce7209-bec9-428a-9548-239de2754237'),(3,'eeedfdeb-5251-4de6-83e6-bd2357df68df','e8ce7209-bec9-428a-9548-239de2754237'),(5,'f2045192-fb22-4f00-adc2-d8773f008c2d','e8ce7209-bec9-428a-9548-239de2754237'),(3,'28190eb3-2c79-4749-8002-0d57fbe215ab','e95ab128-0e4a-494b-bcd8-47bb5e0f6355'),(1,'2cd738e1-c5e0-4de9-8daf-cafddcc3e79f','e95ab128-0e4a-494b-bcd8-47bb5e0f6355'),(5,'35632293-1d3e-43af-82be-58373ed43237','e95ab128-0e4a-494b-bcd8-47bb5e0f6355'),(1,'4546ea0d-61cb-479d-8f1e-c05faa3f1938','e95ab128-0e4a-494b-bcd8-47bb5e0f6355'),(4,'4b60b10a-bef9-440a-bcf2-c24cb9a39638','e95ab128-0e4a-494b-bcd8-47bb5e0f6355'),(3,'5292dfab-a44d-4c8b-9ac1-4beb7cdfed40','e95ab128-0e4a-494b-bcd8-47bb5e0f6355'),(2,'53ec3170-bf6f-4e41-9ebe-3d734c52629f','e95ab128-0e4a-494b-bcd8-47bb5e0f6355'),(5,'5d39e73b-f01c-480b-85c5-14d525e1fe88','e95ab128-0e4a-494b-bcd8-47bb5e0f6355'),(3,'eeedfdeb-5251-4de6-83e6-bd2357df68df','e95ab128-0e4a-494b-bcd8-47bb5e0f6355'),(5,'f2045192-fb22-4f00-adc2-d8773f008c2d','e95ab128-0e4a-494b-bcd8-47bb5e0f6355'),(4,'28190eb3-2c79-4749-8002-0d57fbe215ab','f3ee7d4d-d82b-45d8-8c46-6756b1b6ea88'),(1,'35632293-1d3e-43af-82be-58373ed43237','f3ee7d4d-d82b-45d8-8c46-6756b1b6ea88'),(4,'4546ea0d-61cb-479d-8f1e-c05faa3f1938','f3ee7d4d-d82b-45d8-8c46-6756b1b6ea88'),(3,'4b60b10a-bef9-440a-bcf2-c24cb9a39638','f3ee7d4d-d82b-45d8-8c46-6756b1b6ea88'),(2,'5292dfab-a44d-4c8b-9ac1-4beb7cdfed40','f3ee7d4d-d82b-45d8-8c46-6756b1b6ea88'),(5,'53ec3170-bf6f-4e41-9ebe-3d734c52629f','f3ee7d4d-d82b-45d8-8c46-6756b1b6ea88'),(3,'84cbb67d-71c9-4f7c-85b1-734faba26a2b','f3ee7d4d-d82b-45d8-8c46-6756b1b6ea88'),(3,'923a6239-8e81-49d3-8379-0c03284f2275','f3ee7d4d-d82b-45d8-8c46-6756b1b6ea88'),(4,'a8d461e1-51a7-4a26-9e77-ca92900ba3bf','f3ee7d4d-d82b-45d8-8c46-6756b1b6ea88'),(3,'b1603feb-4dca-452d-8768-d474a003902e','f3ee7d4d-d82b-45d8-8c46-6756b1b6ea88'),(3,'dc372d56-ebb8-4551-971c-0d6c00752272','f3ee7d4d-d82b-45d8-8c46-6756b1b6ea88'),(2,'eeedfdeb-5251-4de6-83e6-bd2357df68df','f3ee7d4d-d82b-45d8-8c46-6756b1b6ea88');
/*!40000 ALTER TABLE `personal_skill` ENABLE KEYS */;
UNLOCK TABLES;

--
-- Dumping data for table `project_sprint`
--

LOCK TABLES `project_sprint` WRITE;
/*!40000 ALTER TABLE `project_sprint` DISABLE KEYS */;
INSERT INTO `project_sprint` VALUES (NULL,'03ef89f3-394a-4447-ab47-2768e03ea221','00bf93d6-7893-481b-b3a6-7536a788f22d',NULL,-2,0),(NULL,'03ef89f3-394a-4447-ab47-2768e03ea221','07743875-1d87-4d81-8c5c-4e909871d8f0',NULL,-2,0),(NULL,'03ef89f3-394a-4447-ab47-2768e03ea221','1b19a7f7-7e06-4a7c-a3a0-918eb14670bf',NULL,-2,0),(NULL,'03ef89f3-394a-4447-ab47-2768e03ea221','1d95edd7-9ceb-4e2c-af16-35735c0d39e8',NULL,-2,0),(NULL,'03ef89f3-394a-4447-ab47-2768e03ea221','248f987f-a6ca-401f-af4d-776eb16310c2',NULL,-2,0),(NULL,'03ef89f3-394a-4447-ab47-2768e03ea221','49dd8be6-7191-430b-acae-501c1bee2770',NULL,-2,0),(NULL,'03ef89f3-394a-4447-ab47-2768e03ea221','4d8b7804-ba53-497d-8f69-3ecbe2ba6c05',NULL,-2,0),(NULL,'03ef89f3-394a-4447-ab47-2768e03ea221','542b89e4-501f-418c-8e43-890f945e847a',NULL,-2,0),(NULL,'03ef89f3-394a-4447-ab47-2768e03ea221','fb4952a3-6fbb-416b-92b3-d13f835e0de6',NULL,-2,0),(NULL,'03ef89f3-394a-4447-ab47-2768e03ea221','fca63275-f3b3-4839-b287-a8b7474dd393',NULL,-2,0),(NULL,'09a3fd3d-110c-4021-b4f2-13e32f43e261','746d0e99-8024-4fd8-8851-0ff42317774a',NULL,-2,0),(NULL,'09a3fd3d-110c-4021-b4f2-13e32f43e261','9d2d20a1-f820-4c32-9fab-cbc63a86a98d',NULL,-2,0),(NULL,'09a3fd3d-110c-4021-b4f2-13e32f43e261','bc3884ae-e246-4001-857c-b2ddd16ec442',NULL,-2,0),(NULL,'09a3fd3d-110c-4021-b4f2-13e32f43e261','cd36124d-d149-4e1b-a716-63db9678cf63',NULL,-2,0),(NULL,'09a3fd3d-110c-4021-b4f2-13e32f43e261','ed2bc749-adac-4f85-b07d-93f7dce64a41',NULL,-2,0),('0ada637e-ca72-4910-a608-6ee0f948a3d3','09a3fd3d-110c-4021-b4f2-13e32f43e261','ed30f4f9-61ee-499c-b68d-e736c3290b2a','2025-02-08 17:00:09.000000',0,1),(NULL,'110a66d2-e995-4219-8bae-7f67a62f2702','2fec7291-d7dd-4835-853f-f3d8453487eb',NULL,-2,0),(NULL,'110a66d2-e995-4219-8bae-7f67a62f2702','50b47ab0-c2b8-4bfd-95bf-c35023aaf198',NULL,-2,0),(NULL,'110a66d2-e995-4219-8bae-7f67a62f2702','94b4cde8-df2d-4241-a80a-d79fffaafd45',NULL,-2,0),(NULL,'110a66d2-e995-4219-8bae-7f67a62f2702','be992de1-8f5a-4c5b-8158-2d7ae3c7ab38',NULL,-2,0),(NULL,'110a66d2-e995-4219-8bae-7f67a62f2702','ed56cfbc-3019-48c5-9109-e97c30d0e4f5',NULL,-2,0),(NULL,'253ac332-b8e2-43a7-bbc7-d673ddabc733','00f6f2eb-2153-40a6-b2f3-8f4837ba3a3c',NULL,-2,0),(NULL,'253ac332-b8e2-43a7-bbc7-d673ddabc733','02d28358-9e5a-4b65-9f56-bac4a0bffc34',NULL,-2,0),(NULL,'253ac332-b8e2-43a7-bbc7-d673ddabc733','14d6b9c2-92f2-4ebb-8ef6-fa89a0233449',NULL,-2,0),(NULL,'253ac332-b8e2-43a7-bbc7-d673ddabc733','55737e22-cac3-411e-96a1-b5b1a1488b61',NULL,-2,0),(NULL,'253ac332-b8e2-43a7-bbc7-d673ddabc733','5b1751c1-f7f6-42f3-b556-2db391f9527a',NULL,-2,0),(NULL,'253ac332-b8e2-43a7-bbc7-d673ddabc733','8bace90b-9f85-46b3-9411-8e098ba21c6e',NULL,-2,0),(NULL,'253ac332-b8e2-43a7-bbc7-d673ddabc733','9000c302-d92f-436d-a59e-c1de271cbe87',NULL,-2,0),(NULL,'253ac332-b8e2-43a7-bbc7-d673ddabc733','bbfddaeb-dea5-4178-b067-e0fa8812c338',NULL,-2,0),(NULL,'253ac332-b8e2-43a7-bbc7-d673ddabc733','c4389934-e970-4cab-9330-2d517122d28d',NULL,-2,0),(NULL,'253ac332-b8e2-43a7-bbc7-d673ddabc733','d74cdee3-a4fc-44b4-bd90-1e53bec5cad1',NULL,-2,0),(NULL,'29d9f886-4301-4881-8785-f773e8e9b3c7','00bf93d6-7893-481b-b3a6-7536a788f22d',NULL,-2,0),(NULL,'29d9f886-4301-4881-8785-f773e8e9b3c7','07743875-1d87-4d81-8c5c-4e909871d8f0',NULL,-2,0),(NULL,'29d9f886-4301-4881-8785-f773e8e9b3c7','1b19a7f7-7e06-4a7c-a3a0-918eb14670bf',NULL,-2,0),(NULL,'29d9f886-4301-4881-8785-f773e8e9b3c7','1d95edd7-9ceb-4e2c-af16-35735c0d39e8',NULL,-2,0),(NULL,'29d9f886-4301-4881-8785-f773e8e9b3c7','248f987f-a6ca-401f-af4d-776eb16310c2',NULL,-2,0),(NULL,'29d9f886-4301-4881-8785-f773e8e9b3c7','49dd8be6-7191-430b-acae-501c1bee2770',NULL,-2,0),(NULL,'29d9f886-4301-4881-8785-f773e8e9b3c7','4d8b7804-ba53-497d-8f69-3ecbe2ba6c05',NULL,-2,0),(NULL,'29d9f886-4301-4881-8785-f773e8e9b3c7','542b89e4-501f-418c-8e43-890f945e847a',NULL,-2,0),(NULL,'29d9f886-4301-4881-8785-f773e8e9b3c7','fb4952a3-6fbb-416b-92b3-d13f835e0de6',NULL,-2,0),(NULL,'29d9f886-4301-4881-8785-f773e8e9b3c7','fca63275-f3b3-4839-b287-a8b7474dd393',NULL,-2,0),(NULL,'3438c873-bc50-42c4-a598-1ed31761fe23','00f6f2eb-2153-40a6-b2f3-8f4837ba3a3c',NULL,-2,0),(NULL,'3438c873-bc50-42c4-a598-1ed31761fe23','02d28358-9e5a-4b65-9f56-bac4a0bffc34',NULL,-2,0),(NULL,'3438c873-bc50-42c4-a598-1ed31761fe23','14d6b9c2-92f2-4ebb-8ef6-fa89a0233449',NULL,-2,0),(NULL,'3438c873-bc50-42c4-a598-1ed31761fe23','55737e22-cac3-411e-96a1-b5b1a1488b61',NULL,-2,0),(NULL,'3438c873-bc50-42c4-a598-1ed31761fe23','5b1751c1-f7f6-42f3-b556-2db391f9527a',NULL,-2,0),(NULL,'3438c873-bc50-42c4-a598-1ed31761fe23','8bace90b-9f85-46b3-9411-8e098ba21c6e',NULL,-2,0),(NULL,'3438c873-bc50-42c4-a598-1ed31761fe23','9000c302-d92f-436d-a59e-c1de271cbe87',NULL,-2,0),(NULL,'3438c873-bc50-42c4-a598-1ed31761fe23','bbfddaeb-dea5-4178-b067-e0fa8812c338',NULL,-2,0),(NULL,'3438c873-bc50-42c4-a598-1ed31761fe23','c4389934-e970-4cab-9330-2d517122d28d',NULL,-2,0),(NULL,'3438c873-bc50-42c4-a598-1ed31761fe23','d74cdee3-a4fc-44b4-bd90-1e53bec5cad1',NULL,-2,0),(NULL,'3bff699d-9121-413b-8896-49b00f0952a3','018a1ba5-dda1-4179-b73e-176e6693a371',NULL,-2,0),(NULL,'3bff699d-9121-413b-8896-49b00f0952a3','0a98d5b3-7a3f-4cd0-a294-b04adeccbe7c',NULL,-2,0),(NULL,'3bff699d-9121-413b-8896-49b00f0952a3','0e1c0884-cd4f-4efe-85cf-ed3d6c1fce8d',NULL,-2,0),(NULL,'3bff699d-9121-413b-8896-49b00f0952a3','20550769-da23-4d54-983e-bdcc62d80a37',NULL,-2,0),(NULL,'3bff699d-9121-413b-8896-49b00f0952a3','28e4b229-c075-444e-bb7e-b2f27a9fd103',NULL,-2,0),(NULL,'3bff699d-9121-413b-8896-49b00f0952a3','565e13cb-7a4c-4f75-88f2-903a54ddc690','2025-02-08 17:00:08.000000',0,0),(NULL,'3bff699d-9121-413b-8896-49b00f0952a3','5d57fb7a-7aab-4264-a6cf-12fc55f5093d',NULL,-2,0),(NULL,'3bff699d-9121-413b-8896-49b00f0952a3','de1a9928-7d90-4b22-9f2c-1c1977a9b1d3',NULL,-2,0),(NULL,'44a9f8f3-f606-4e67-bd4e-60565f542204','36524122-5b4b-47aa-8d46-d064c6cb28fd',NULL,-2,0),(NULL,'44a9f8f3-f606-4e67-bd4e-60565f542204','8b238fa2-6e02-47b0-8343-bd97d791ae65',NULL,-2,0),(NULL,'44a9f8f3-f606-4e67-bd4e-60565f542204','9a767bf6-8caf-43d2-b1d2-2e00b54bd6a7',NULL,-2,0),(NULL,'44a9f8f3-f606-4e67-bd4e-60565f542204','c469d85a-a19c-4411-88ca-c0041af4f8e5',NULL,-2,0),(NULL,'44a9f8f3-f606-4e67-bd4e-60565f542204','d7111352-035f-46fa-9d96-85812f81b0f4',NULL,-2,0),(NULL,'44a9f8f3-f606-4e67-bd4e-60565f542204','dea18fd8-488a-4ba4-ab67-465749cc8498',NULL,-2,0),(NULL,'44a9f8f3-f606-4e67-bd4e-60565f542204','e3fcd8e9-d658-4bbe-bb8f-6bf08a593ad3',NULL,-2,0),(NULL,'44a9f8f3-f606-4e67-bd4e-60565f542204','f4b01b71-8ab6-4291-8fee-135a8f7c0d94',NULL,-2,0),(NULL,'5090ec43-8787-4d26-8bc2-7c760a4d93ff','2fec7291-d7dd-4835-853f-f3d8453487eb',NULL,-2,0),(NULL,'5090ec43-8787-4d26-8bc2-7c760a4d93ff','50b47ab0-c2b8-4bfd-95bf-c35023aaf198',NULL,-2,0),(NULL,'5090ec43-8787-4d26-8bc2-7c760a4d93ff','94b4cde8-df2d-4241-a80a-d79fffaafd45',NULL,-2,0),(NULL,'5090ec43-8787-4d26-8bc2-7c760a4d93ff','be992de1-8f5a-4c5b-8158-2d7ae3c7ab38',NULL,-2,0),(NULL,'5090ec43-8787-4d26-8bc2-7c760a4d93ff','ed56cfbc-3019-48c5-9109-e97c30d0e4f5',NULL,-2,0),(NULL,'5122db1f-5ad5-4c6a-baea-404608794939','00bf93d6-7893-481b-b3a6-7536a788f22d',NULL,-2,0),(NULL,'5122db1f-5ad5-4c6a-baea-404608794939','07743875-1d87-4d81-8c5c-4e909871d8f0',NULL,-2,0),(NULL,'5122db1f-5ad5-4c6a-baea-404608794939','1b19a7f7-7e06-4a7c-a3a0-918eb14670bf',NULL,-2,0),(NULL,'5122db1f-5ad5-4c6a-baea-404608794939','1d95edd7-9ceb-4e2c-af16-35735c0d39e8',NULL,-2,0),(NULL,'5122db1f-5ad5-4c6a-baea-404608794939','248f987f-a6ca-401f-af4d-776eb16310c2',NULL,-2,0),(NULL,'5122db1f-5ad5-4c6a-baea-404608794939','49dd8be6-7191-430b-acae-501c1bee2770',NULL,-2,0),(NULL,'5122db1f-5ad5-4c6a-baea-404608794939','4d8b7804-ba53-497d-8f69-3ecbe2ba6c05',NULL,-2,0),(NULL,'5122db1f-5ad5-4c6a-baea-404608794939','542b89e4-501f-418c-8e43-890f945e847a',NULL,-2,0),(NULL,'5122db1f-5ad5-4c6a-baea-404608794939','fb4952a3-6fbb-416b-92b3-d13f835e0de6',NULL,-2,0),(NULL,'5122db1f-5ad5-4c6a-baea-404608794939','fca63275-f3b3-4839-b287-a8b7474dd393',NULL,-2,0),(NULL,'66436f4d-8245-433d-a9d2-d0eb03a6a47b','00bf93d6-7893-481b-b3a6-7536a788f22d',NULL,-2,0),(NULL,'66436f4d-8245-433d-a9d2-d0eb03a6a47b','07743875-1d87-4d81-8c5c-4e909871d8f0',NULL,-2,0),(NULL,'66436f4d-8245-433d-a9d2-d0eb03a6a47b','1b19a7f7-7e06-4a7c-a3a0-918eb14670bf',NULL,-2,0),(NULL,'66436f4d-8245-433d-a9d2-d0eb03a6a47b','1d95edd7-9ceb-4e2c-af16-35735c0d39e8',NULL,-2,0),(NULL,'66436f4d-8245-433d-a9d2-d0eb03a6a47b','248f987f-a6ca-401f-af4d-776eb16310c2',NULL,-2,0),(NULL,'66436f4d-8245-433d-a9d2-d0eb03a6a47b','49dd8be6-7191-430b-acae-501c1bee2770',NULL,-2,0),(NULL,'66436f4d-8245-433d-a9d2-d0eb03a6a47b','4d8b7804-ba53-497d-8f69-3ecbe2ba6c05',NULL,-2,0),(NULL,'66436f4d-8245-433d-a9d2-d0eb03a6a47b','542b89e4-501f-418c-8e43-890f945e847a',NULL,-2,0),(NULL,'66436f4d-8245-433d-a9d2-d0eb03a6a47b','fb4952a3-6fbb-416b-92b3-d13f835e0de6',NULL,-2,0),(NULL,'66436f4d-8245-433d-a9d2-d0eb03a6a47b','fca63275-f3b3-4839-b287-a8b7474dd393',NULL,-2,0),(NULL,'66fb3db5-3f1f-41b6-9ee9-c7c01a801de8','2fec7291-d7dd-4835-853f-f3d8453487eb',NULL,-2,0),(NULL,'66fb3db5-3f1f-41b6-9ee9-c7c01a801de8','50b47ab0-c2b8-4bfd-95bf-c35023aaf198',NULL,-2,0),(NULL,'66fb3db5-3f1f-41b6-9ee9-c7c01a801de8','94b4cde8-df2d-4241-a80a-d79fffaafd45',NULL,-2,0),(NULL,'66fb3db5-3f1f-41b6-9ee9-c7c01a801de8','be992de1-8f5a-4c5b-8158-2d7ae3c7ab38',NULL,-2,0),(NULL,'66fb3db5-3f1f-41b6-9ee9-c7c01a801de8','ed56cfbc-3019-48c5-9109-e97c30d0e4f5',NULL,-2,0),(NULL,'6b81a458-f76b-45dc-8a8c-c06876ac9d1b','06a57b77-0290-450f-8312-db22e8c21c78',NULL,-2,0),(NULL,'6b81a458-f76b-45dc-8a8c-c06876ac9d1b','4af885f3-a68c-4204-8840-2a1c179222a4',NULL,-2,0),(NULL,'6b81a458-f76b-45dc-8a8c-c06876ac9d1b','4bccc8ff-e9e3-43ec-b037-a2df9987185e',NULL,-2,0),(NULL,'6b81a458-f76b-45dc-8a8c-c06876ac9d1b','6a01e474-92f2-440e-9cc1-c1041de2e1be',NULL,-2,0),(NULL,'6b81a458-f76b-45dc-8a8c-c06876ac9d1b','8e395f10-31a4-4e06-b450-52d7c50da7e0',NULL,-2,0),(NULL,'6b81a458-f76b-45dc-8a8c-c06876ac9d1b','99157455-4dac-4bd4-a540-f43c0fd93145',NULL,-2,0),(NULL,'6b81a458-f76b-45dc-8a8c-c06876ac9d1b','9ebb1a1a-bbf5-4724-9692-fd08a591164b',NULL,-2,0),(NULL,'6b81a458-f76b-45dc-8a8c-c06876ac9d1b','bbfc8df2-5eb2-4a78-84d1-1e65beddd6f3',NULL,-2,0),(NULL,'6b81a458-f76b-45dc-8a8c-c06876ac9d1b','dd34ecaf-9783-4b03-b211-edc72a3e5f31',NULL,-2,0),(NULL,'6b81a458-f76b-45dc-8a8c-c06876ac9d1b','f19b6b33-be76-4d2b-b85d-dbd4caf3da1d',NULL,-2,0),(NULL,'6cc2afa7-7786-4f77-9e9b-e5e3d3abbda7','00bf93d6-7893-481b-b3a6-7536a788f22d',NULL,-2,0),(NULL,'6cc2afa7-7786-4f77-9e9b-e5e3d3abbda7','07743875-1d87-4d81-8c5c-4e909871d8f0',NULL,-2,0),(NULL,'6cc2afa7-7786-4f77-9e9b-e5e3d3abbda7','1b19a7f7-7e06-4a7c-a3a0-918eb14670bf',NULL,-2,0),(NULL,'6cc2afa7-7786-4f77-9e9b-e5e3d3abbda7','1d95edd7-9ceb-4e2c-af16-35735c0d39e8',NULL,-2,0),(NULL,'6cc2afa7-7786-4f77-9e9b-e5e3d3abbda7','248f987f-a6ca-401f-af4d-776eb16310c2',NULL,-2,0),(NULL,'6cc2afa7-7786-4f77-9e9b-e5e3d3abbda7','49dd8be6-7191-430b-acae-501c1bee2770',NULL,-2,0),(NULL,'6cc2afa7-7786-4f77-9e9b-e5e3d3abbda7','4d8b7804-ba53-497d-8f69-3ecbe2ba6c05',NULL,-2,0),(NULL,'6cc2afa7-7786-4f77-9e9b-e5e3d3abbda7','542b89e4-501f-418c-8e43-890f945e847a',NULL,-2,0),(NULL,'6cc2afa7-7786-4f77-9e9b-e5e3d3abbda7','fb4952a3-6fbb-416b-92b3-d13f835e0de6',NULL,-2,0),(NULL,'6cc2afa7-7786-4f77-9e9b-e5e3d3abbda7','fca63275-f3b3-4839-b287-a8b7474dd393',NULL,-2,0),(NULL,'6d7c2809-16b0-4200-99b7-ca3ce7ab72f7','00bf93d6-7893-481b-b3a6-7536a788f22d',NULL,-2,0),(NULL,'6d7c2809-16b0-4200-99b7-ca3ce7ab72f7','07743875-1d87-4d81-8c5c-4e909871d8f0',NULL,-2,0),(NULL,'6d7c2809-16b0-4200-99b7-ca3ce7ab72f7','1b19a7f7-7e06-4a7c-a3a0-918eb14670bf',NULL,-2,0),(NULL,'6d7c2809-16b0-4200-99b7-ca3ce7ab72f7','1d95edd7-9ceb-4e2c-af16-35735c0d39e8',NULL,-2,0),(NULL,'6d7c2809-16b0-4200-99b7-ca3ce7ab72f7','248f987f-a6ca-401f-af4d-776eb16310c2',NULL,-2,0),(NULL,'6d7c2809-16b0-4200-99b7-ca3ce7ab72f7','49dd8be6-7191-430b-acae-501c1bee2770',NULL,-2,0),(NULL,'6d7c2809-16b0-4200-99b7-ca3ce7ab72f7','4d8b7804-ba53-497d-8f69-3ecbe2ba6c05',NULL,-2,0),(NULL,'6d7c2809-16b0-4200-99b7-ca3ce7ab72f7','542b89e4-501f-418c-8e43-890f945e847a',NULL,-2,0),(NULL,'6d7c2809-16b0-4200-99b7-ca3ce7ab72f7','fb4952a3-6fbb-416b-92b3-d13f835e0de6',NULL,-2,0),(NULL,'6d7c2809-16b0-4200-99b7-ca3ce7ab72f7','fca63275-f3b3-4839-b287-a8b7474dd393',NULL,-2,0),(NULL,'7d783967-3144-4c76-ae91-0bcb3ebab45b','06a57b77-0290-450f-8312-db22e8c21c78',NULL,-2,0),(NULL,'7d783967-3144-4c76-ae91-0bcb3ebab45b','4af885f3-a68c-4204-8840-2a1c179222a4',NULL,-2,0),(NULL,'7d783967-3144-4c76-ae91-0bcb3ebab45b','4bccc8ff-e9e3-43ec-b037-a2df9987185e','2025-02-08 17:00:10.000000',0,0),(NULL,'7d783967-3144-4c76-ae91-0bcb3ebab45b','6a01e474-92f2-440e-9cc1-c1041de2e1be',NULL,-2,0),(NULL,'7d783967-3144-4c76-ae91-0bcb3ebab45b','8e395f10-31a4-4e06-b450-52d7c50da7e0',NULL,-2,0),(NULL,'7d783967-3144-4c76-ae91-0bcb3ebab45b','99157455-4dac-4bd4-a540-f43c0fd93145',NULL,-2,0),(NULL,'7d783967-3144-4c76-ae91-0bcb3ebab45b','9ebb1a1a-bbf5-4724-9692-fd08a591164b',NULL,-2,0),(NULL,'7d783967-3144-4c76-ae91-0bcb3ebab45b','bbfc8df2-5eb2-4a78-84d1-1e65beddd6f3',NULL,-2,0),(NULL,'7d783967-3144-4c76-ae91-0bcb3ebab45b','dd34ecaf-9783-4b03-b211-edc72a3e5f31',NULL,-2,0),(NULL,'7d783967-3144-4c76-ae91-0bcb3ebab45b','f19b6b33-be76-4d2b-b85d-dbd4caf3da1d',NULL,-2,0),(NULL,'80bc4a94-2ad4-44e8-bc20-8e76a44864e5','00f6f2eb-2153-40a6-b2f3-8f4837ba3a3c',NULL,-2,0),(NULL,'80bc4a94-2ad4-44e8-bc20-8e76a44864e5','02d28358-9e5a-4b65-9f56-bac4a0bffc34',NULL,-2,0),(NULL,'80bc4a94-2ad4-44e8-bc20-8e76a44864e5','14d6b9c2-92f2-4ebb-8ef6-fa89a0233449',NULL,-2,0),(NULL,'80bc4a94-2ad4-44e8-bc20-8e76a44864e5','55737e22-cac3-411e-96a1-b5b1a1488b61',NULL,-2,0),(NULL,'80bc4a94-2ad4-44e8-bc20-8e76a44864e5','5b1751c1-f7f6-42f3-b556-2db391f9527a',NULL,-2,0),(NULL,'80bc4a94-2ad4-44e8-bc20-8e76a44864e5','8bace90b-9f85-46b3-9411-8e098ba21c6e',NULL,-2,0),(NULL,'80bc4a94-2ad4-44e8-bc20-8e76a44864e5','9000c302-d92f-436d-a59e-c1de271cbe87',NULL,-2,0),(NULL,'80bc4a94-2ad4-44e8-bc20-8e76a44864e5','bbfddaeb-dea5-4178-b067-e0fa8812c338',NULL,-2,0),(NULL,'80bc4a94-2ad4-44e8-bc20-8e76a44864e5','c4389934-e970-4cab-9330-2d517122d28d',NULL,-2,0),(NULL,'80bc4a94-2ad4-44e8-bc20-8e76a44864e5','d74cdee3-a4fc-44b4-bd90-1e53bec5cad1',NULL,-2,0),(NULL,'821a94e2-eccb-4704-a2d6-2bd63068469a','36524122-5b4b-47aa-8d46-d064c6cb28fd',NULL,-2,0),(NULL,'821a94e2-eccb-4704-a2d6-2bd63068469a','8b238fa2-6e02-47b0-8343-bd97d791ae65',NULL,-2,0),(NULL,'821a94e2-eccb-4704-a2d6-2bd63068469a','9a767bf6-8caf-43d2-b1d2-2e00b54bd6a7',NULL,-2,0),(NULL,'821a94e2-eccb-4704-a2d6-2bd63068469a','c469d85a-a19c-4411-88ca-c0041af4f8e5',NULL,-2,0),(NULL,'821a94e2-eccb-4704-a2d6-2bd63068469a','d7111352-035f-46fa-9d96-85812f81b0f4',NULL,-2,0),(NULL,'821a94e2-eccb-4704-a2d6-2bd63068469a','dea18fd8-488a-4ba4-ab67-465749cc8498',NULL,-2,0),(NULL,'821a94e2-eccb-4704-a2d6-2bd63068469a','e3fcd8e9-d658-4bbe-bb8f-6bf08a593ad3',NULL,-2,0),(NULL,'821a94e2-eccb-4704-a2d6-2bd63068469a','f4b01b71-8ab6-4291-8fee-135a8f7c0d94',NULL,-2,0),(NULL,'89427d93-69a9-4187-baac-7a3105624b8b','00f6f2eb-2153-40a6-b2f3-8f4837ba3a3c',NULL,-2,0),(NULL,'89427d93-69a9-4187-baac-7a3105624b8b','02d28358-9e5a-4b65-9f56-bac4a0bffc34',NULL,-2,0),(NULL,'89427d93-69a9-4187-baac-7a3105624b8b','14d6b9c2-92f2-4ebb-8ef6-fa89a0233449',NULL,-2,0),(NULL,'89427d93-69a9-4187-baac-7a3105624b8b','55737e22-cac3-411e-96a1-b5b1a1488b61',NULL,-2,0),(NULL,'89427d93-69a9-4187-baac-7a3105624b8b','5b1751c1-f7f6-42f3-b556-2db391f9527a',NULL,-2,0),(NULL,'89427d93-69a9-4187-baac-7a3105624b8b','8bace90b-9f85-46b3-9411-8e098ba21c6e',NULL,-2,0),(NULL,'89427d93-69a9-4187-baac-7a3105624b8b','9000c302-d92f-436d-a59e-c1de271cbe87',NULL,-2,0),(NULL,'89427d93-69a9-4187-baac-7a3105624b8b','bbfddaeb-dea5-4178-b067-e0fa8812c338',NULL,-2,0),(NULL,'89427d93-69a9-4187-baac-7a3105624b8b','c4389934-e970-4cab-9330-2d517122d28d',NULL,-2,0),(NULL,'89427d93-69a9-4187-baac-7a3105624b8b','d74cdee3-a4fc-44b4-bd90-1e53bec5cad1',NULL,-2,0),(NULL,'8f109a77-484b-4f39-a076-6b2a44b8137a','018a1ba5-dda1-4179-b73e-176e6693a371',NULL,-2,0),(NULL,'8f109a77-484b-4f39-a076-6b2a44b8137a','0a98d5b3-7a3f-4cd0-a294-b04adeccbe7c',NULL,-2,0),(NULL,'8f109a77-484b-4f39-a076-6b2a44b8137a','0e1c0884-cd4f-4efe-85cf-ed3d6c1fce8d',NULL,-2,0),(NULL,'8f109a77-484b-4f39-a076-6b2a44b8137a','20550769-da23-4d54-983e-bdcc62d80a37',NULL,-2,0),(NULL,'8f109a77-484b-4f39-a076-6b2a44b8137a','28e4b229-c075-444e-bb7e-b2f27a9fd103',NULL,-2,0),(NULL,'8f109a77-484b-4f39-a076-6b2a44b8137a','565e13cb-7a4c-4f75-88f2-903a54ddc690','2025-02-08 17:00:08.000000',0,0),(NULL,'8f109a77-484b-4f39-a076-6b2a44b8137a','5d57fb7a-7aab-4264-a6cf-12fc55f5093d',NULL,-2,0),(NULL,'8f109a77-484b-4f39-a076-6b2a44b8137a','de1a9928-7d90-4b22-9f2c-1c1977a9b1d3',NULL,-2,0),(NULL,'97d36d58-6a95-44ba-9e9c-d9850208de3f','00bf93d6-7893-481b-b3a6-7536a788f22d',NULL,-2,0),(NULL,'97d36d58-6a95-44ba-9e9c-d9850208de3f','07743875-1d87-4d81-8c5c-4e909871d8f0',NULL,-2,0),(NULL,'97d36d58-6a95-44ba-9e9c-d9850208de3f','1b19a7f7-7e06-4a7c-a3a0-918eb14670bf',NULL,-2,0),(NULL,'97d36d58-6a95-44ba-9e9c-d9850208de3f','1d95edd7-9ceb-4e2c-af16-35735c0d39e8',NULL,-2,0),(NULL,'97d36d58-6a95-44ba-9e9c-d9850208de3f','248f987f-a6ca-401f-af4d-776eb16310c2',NULL,-2,0),(NULL,'97d36d58-6a95-44ba-9e9c-d9850208de3f','49dd8be6-7191-430b-acae-501c1bee2770',NULL,-2,0),(NULL,'97d36d58-6a95-44ba-9e9c-d9850208de3f','4d8b7804-ba53-497d-8f69-3ecbe2ba6c05',NULL,-2,0),(NULL,'97d36d58-6a95-44ba-9e9c-d9850208de3f','542b89e4-501f-418c-8e43-890f945e847a',NULL,-2,0),(NULL,'97d36d58-6a95-44ba-9e9c-d9850208de3f','fb4952a3-6fbb-416b-92b3-d13f835e0de6',NULL,-2,0),(NULL,'97d36d58-6a95-44ba-9e9c-d9850208de3f','fca63275-f3b3-4839-b287-a8b7474dd393',NULL,-2,0),(NULL,'9b798a7c-1d24-47c0-9795-ddad74ba510c','06a57b77-0290-450f-8312-db22e8c21c78',NULL,-2,0),(NULL,'9b798a7c-1d24-47c0-9795-ddad74ba510c','4af885f3-a68c-4204-8840-2a1c179222a4',NULL,-2,0),(NULL,'9b798a7c-1d24-47c0-9795-ddad74ba510c','4bccc8ff-e9e3-43ec-b037-a2df9987185e',NULL,-2,0),(NULL,'9b798a7c-1d24-47c0-9795-ddad74ba510c','6a01e474-92f2-440e-9cc1-c1041de2e1be',NULL,-2,0),(NULL,'9b798a7c-1d24-47c0-9795-ddad74ba510c','8e395f10-31a4-4e06-b450-52d7c50da7e0',NULL,-2,0),(NULL,'9b798a7c-1d24-47c0-9795-ddad74ba510c','99157455-4dac-4bd4-a540-f43c0fd93145',NULL,-2,0),(NULL,'9b798a7c-1d24-47c0-9795-ddad74ba510c','9ebb1a1a-bbf5-4724-9692-fd08a591164b',NULL,-2,0),(NULL,'9b798a7c-1d24-47c0-9795-ddad74ba510c','bbfc8df2-5eb2-4a78-84d1-1e65beddd6f3',NULL,-2,0),(NULL,'9b798a7c-1d24-47c0-9795-ddad74ba510c','dd34ecaf-9783-4b03-b211-edc72a3e5f31',NULL,-2,0),(NULL,'9b798a7c-1d24-47c0-9795-ddad74ba510c','f19b6b33-be76-4d2b-b85d-dbd4caf3da1d',NULL,-2,0),(NULL,'9d8280d3-4095-4b0a-a51d-df8cabea7248','4c814469-68fa-494a-9e93-90ccff9d6eaa',NULL,-2,0),(NULL,'9d8280d3-4095-4b0a-a51d-df8cabea7248','697b373f-2d73-48e9-90d4-ab516cc7d2aa',NULL,-2,0),(NULL,'9d8280d3-4095-4b0a-a51d-df8cabea7248','99d36620-1576-4e19-99fb-c132541b860f',NULL,-2,0),(NULL,'9d8280d3-4095-4b0a-a51d-df8cabea7248','ca990a18-1ecf-4677-b4f5-ff3f9c679fe3',NULL,-2,0),(NULL,'9d8280d3-4095-4b0a-a51d-df8cabea7248','d1e3dfdf-dfac-4693-bb79-fa08d8aad9fc',NULL,-2,0),(NULL,'9d8280d3-4095-4b0a-a51d-df8cabea7248','eb648995-761c-42b7-9a55-2e2a8d67acae',NULL,-2,0),(NULL,'9d8280d3-4095-4b0a-a51d-df8cabea7248','f47550be-910c-44a4-b293-eab3ee6aca92',NULL,-2,0),(NULL,'9d8280d3-4095-4b0a-a51d-df8cabea7248','f87463f4-3d2c-49f1-9f20-a4510eb0728f',NULL,-2,0),(NULL,'9d8280d3-4095-4b0a-a51d-df8cabea7248','f8bdf08c-c32d-4863-86b2-44a36a756fac',NULL,-2,0),(NULL,'9fefc788-7a52-4ed4-a257-5179ce5b2efe','746d0e99-8024-4fd8-8851-0ff42317774a',NULL,-2,0),(NULL,'9fefc788-7a52-4ed4-a257-5179ce5b2efe','9d2d20a1-f820-4c32-9fab-cbc63a86a98d',NULL,-2,0),(NULL,'9fefc788-7a52-4ed4-a257-5179ce5b2efe','bc3884ae-e246-4001-857c-b2ddd16ec442',NULL,-2,0),(NULL,'9fefc788-7a52-4ed4-a257-5179ce5b2efe','cd36124d-d149-4e1b-a716-63db9678cf63',NULL,-2,0),(NULL,'9fefc788-7a52-4ed4-a257-5179ce5b2efe','ed2bc749-adac-4f85-b07d-93f7dce64a41',NULL,-2,0),(NULL,'9fefc788-7a52-4ed4-a257-5179ce5b2efe','ed30f4f9-61ee-499c-b68d-e736c3290b2a',NULL,-2,0),(NULL,'a07e9b37-4131-49bc-9b4a-f341ceb75e3c','36524122-5b4b-47aa-8d46-d064c6cb28fd',NULL,-2,0),(NULL,'a07e9b37-4131-49bc-9b4a-f341ceb75e3c','8b238fa2-6e02-47b0-8343-bd97d791ae65',NULL,-2,0),(NULL,'a07e9b37-4131-49bc-9b4a-f341ceb75e3c','9a767bf6-8caf-43d2-b1d2-2e00b54bd6a7',NULL,-2,0),(NULL,'a07e9b37-4131-49bc-9b4a-f341ceb75e3c','c469d85a-a19c-4411-88ca-c0041af4f8e5',NULL,-2,0),(NULL,'a07e9b37-4131-49bc-9b4a-f341ceb75e3c','d7111352-035f-46fa-9d96-85812f81b0f4',NULL,-2,0),(NULL,'a07e9b37-4131-49bc-9b4a-f341ceb75e3c','dea18fd8-488a-4ba4-ab67-465749cc8498',NULL,-2,0),(NULL,'a07e9b37-4131-49bc-9b4a-f341ceb75e3c','e3fcd8e9-d658-4bbe-bb8f-6bf08a593ad3',NULL,-2,0),(NULL,'a07e9b37-4131-49bc-9b4a-f341ceb75e3c','f4b01b71-8ab6-4291-8fee-135a8f7c0d94',NULL,-2,0),(NULL,'a5bc1288-fe8b-41c1-8993-152dbe7cb3fa','00f6f2eb-2153-40a6-b2f3-8f4837ba3a3c',NULL,-2,0),(NULL,'a5bc1288-fe8b-41c1-8993-152dbe7cb3fa','02d28358-9e5a-4b65-9f56-bac4a0bffc34',NULL,-2,0),(NULL,'a5bc1288-fe8b-41c1-8993-152dbe7cb3fa','14d6b9c2-92f2-4ebb-8ef6-fa89a0233449',NULL,-2,0),(NULL,'a5bc1288-fe8b-41c1-8993-152dbe7cb3fa','55737e22-cac3-411e-96a1-b5b1a1488b61',NULL,-2,0),(NULL,'a5bc1288-fe8b-41c1-8993-152dbe7cb3fa','5b1751c1-f7f6-42f3-b556-2db391f9527a',NULL,-2,0),(NULL,'a5bc1288-fe8b-41c1-8993-152dbe7cb3fa','8bace90b-9f85-46b3-9411-8e098ba21c6e',NULL,-2,0),(NULL,'a5bc1288-fe8b-41c1-8993-152dbe7cb3fa','9000c302-d92f-436d-a59e-c1de271cbe87',NULL,-2,0),(NULL,'a5bc1288-fe8b-41c1-8993-152dbe7cb3fa','bbfddaeb-dea5-4178-b067-e0fa8812c338',NULL,-2,0),(NULL,'a5bc1288-fe8b-41c1-8993-152dbe7cb3fa','c4389934-e970-4cab-9330-2d517122d28d',NULL,-2,0),(NULL,'a5bc1288-fe8b-41c1-8993-152dbe7cb3fa','d74cdee3-a4fc-44b4-bd90-1e53bec5cad1',NULL,-2,0),(NULL,'a6154ca9-d3f9-4a18-a20a-e0da52601faa','00bf93d6-7893-481b-b3a6-7536a788f22d',NULL,-2,0),(NULL,'a6154ca9-d3f9-4a18-a20a-e0da52601faa','07743875-1d87-4d81-8c5c-4e909871d8f0',NULL,-2,0),(NULL,'a6154ca9-d3f9-4a18-a20a-e0da52601faa','1b19a7f7-7e06-4a7c-a3a0-918eb14670bf',NULL,-2,0),(NULL,'a6154ca9-d3f9-4a18-a20a-e0da52601faa','1d95edd7-9ceb-4e2c-af16-35735c0d39e8',NULL,-2,0),(NULL,'a6154ca9-d3f9-4a18-a20a-e0da52601faa','248f987f-a6ca-401f-af4d-776eb16310c2',NULL,-2,0),(NULL,'a6154ca9-d3f9-4a18-a20a-e0da52601faa','49dd8be6-7191-430b-acae-501c1bee2770',NULL,-2,0),(NULL,'a6154ca9-d3f9-4a18-a20a-e0da52601faa','4d8b7804-ba53-497d-8f69-3ecbe2ba6c05',NULL,-2,0),(NULL,'a6154ca9-d3f9-4a18-a20a-e0da52601faa','542b89e4-501f-418c-8e43-890f945e847a',NULL,-2,0),(NULL,'a6154ca9-d3f9-4a18-a20a-e0da52601faa','fb4952a3-6fbb-416b-92b3-d13f835e0de6',NULL,-2,0),(NULL,'a6154ca9-d3f9-4a18-a20a-e0da52601faa','fca63275-f3b3-4839-b287-a8b7474dd393',NULL,-2,0),(NULL,'a8eb1192-3e81-42e8-9f69-8483736af936','00f6f2eb-2153-40a6-b2f3-8f4837ba3a3c',NULL,-2,0),(NULL,'a8eb1192-3e81-42e8-9f69-8483736af936','02d28358-9e5a-4b65-9f56-bac4a0bffc34',NULL,-2,0),(NULL,'a8eb1192-3e81-42e8-9f69-8483736af936','14d6b9c2-92f2-4ebb-8ef6-fa89a0233449',NULL,-2,0),(NULL,'a8eb1192-3e81-42e8-9f69-8483736af936','55737e22-cac3-411e-96a1-b5b1a1488b61',NULL,-2,0),(NULL,'a8eb1192-3e81-42e8-9f69-8483736af936','5b1751c1-f7f6-42f3-b556-2db391f9527a',NULL,-2,0),(NULL,'a8eb1192-3e81-42e8-9f69-8483736af936','8bace90b-9f85-46b3-9411-8e098ba21c6e',NULL,-2,0),(NULL,'a8eb1192-3e81-42e8-9f69-8483736af936','9000c302-d92f-436d-a59e-c1de271cbe87',NULL,-2,0),(NULL,'a8eb1192-3e81-42e8-9f69-8483736af936','bbfddaeb-dea5-4178-b067-e0fa8812c338',NULL,-2,0),(NULL,'a8eb1192-3e81-42e8-9f69-8483736af936','c4389934-e970-4cab-9330-2d517122d28d',NULL,-2,0),(NULL,'a8eb1192-3e81-42e8-9f69-8483736af936','d74cdee3-a4fc-44b4-bd90-1e53bec5cad1',NULL,-2,0),(NULL,'bdf5e58c-8905-4f18-afb3-d36945768d9f','00bf93d6-7893-481b-b3a6-7536a788f22d',NULL,-2,0),(NULL,'bdf5e58c-8905-4f18-afb3-d36945768d9f','07743875-1d87-4d81-8c5c-4e909871d8f0',NULL,-2,0),(NULL,'bdf5e58c-8905-4f18-afb3-d36945768d9f','1b19a7f7-7e06-4a7c-a3a0-918eb14670bf',NULL,-2,0),(NULL,'bdf5e58c-8905-4f18-afb3-d36945768d9f','1d95edd7-9ceb-4e2c-af16-35735c0d39e8',NULL,-2,0),(NULL,'bdf5e58c-8905-4f18-afb3-d36945768d9f','248f987f-a6ca-401f-af4d-776eb16310c2',NULL,-2,0),(NULL,'bdf5e58c-8905-4f18-afb3-d36945768d9f','49dd8be6-7191-430b-acae-501c1bee2770',NULL,-2,0),(NULL,'bdf5e58c-8905-4f18-afb3-d36945768d9f','4d8b7804-ba53-497d-8f69-3ecbe2ba6c05',NULL,-2,0),(NULL,'bdf5e58c-8905-4f18-afb3-d36945768d9f','542b89e4-501f-418c-8e43-890f945e847a',NULL,-2,0),(NULL,'bdf5e58c-8905-4f18-afb3-d36945768d9f','fb4952a3-6fbb-416b-92b3-d13f835e0de6',NULL,-2,0),(NULL,'bdf5e58c-8905-4f18-afb3-d36945768d9f','fca63275-f3b3-4839-b287-a8b7474dd393',NULL,-2,0),(NULL,'caf9e00b-e1c5-4b0f-9c49-2eac892a327e','018a1ba5-dda1-4179-b73e-176e6693a371',NULL,-2,0),(NULL,'caf9e00b-e1c5-4b0f-9c49-2eac892a327e','0a98d5b3-7a3f-4cd0-a294-b04adeccbe7c',NULL,-2,0),(NULL,'caf9e00b-e1c5-4b0f-9c49-2eac892a327e','0e1c0884-cd4f-4efe-85cf-ed3d6c1fce8d',NULL,-2,0),(NULL,'caf9e00b-e1c5-4b0f-9c49-2eac892a327e','20550769-da23-4d54-983e-bdcc62d80a37',NULL,-2,0),(NULL,'caf9e00b-e1c5-4b0f-9c49-2eac892a327e','28e4b229-c075-444e-bb7e-b2f27a9fd103',NULL,-2,0),(NULL,'caf9e00b-e1c5-4b0f-9c49-2eac892a327e','565e13cb-7a4c-4f75-88f2-903a54ddc690','2025-02-08 17:00:08.000000',0,0),(NULL,'caf9e00b-e1c5-4b0f-9c49-2eac892a327e','5d57fb7a-7aab-4264-a6cf-12fc55f5093d',NULL,-2,0),(NULL,'caf9e00b-e1c5-4b0f-9c49-2eac892a327e','de1a9928-7d90-4b22-9f2c-1c1977a9b1d3',NULL,-2,0),(NULL,'cfcba21d-966a-43b8-a1a8-9751e05ed7c5','00f6f2eb-2153-40a6-b2f3-8f4837ba3a3c',NULL,-2,0),(NULL,'cfcba21d-966a-43b8-a1a8-9751e05ed7c5','02d28358-9e5a-4b65-9f56-bac4a0bffc34',NULL,-2,0),(NULL,'cfcba21d-966a-43b8-a1a8-9751e05ed7c5','14d6b9c2-92f2-4ebb-8ef6-fa89a0233449',NULL,-2,0),(NULL,'cfcba21d-966a-43b8-a1a8-9751e05ed7c5','55737e22-cac3-411e-96a1-b5b1a1488b61',NULL,-2,0),(NULL,'cfcba21d-966a-43b8-a1a8-9751e05ed7c5','5b1751c1-f7f6-42f3-b556-2db391f9527a',NULL,-2,0),(NULL,'cfcba21d-966a-43b8-a1a8-9751e05ed7c5','8bace90b-9f85-46b3-9411-8e098ba21c6e',NULL,-2,0),(NULL,'cfcba21d-966a-43b8-a1a8-9751e05ed7c5','9000c302-d92f-436d-a59e-c1de271cbe87',NULL,-2,0),(NULL,'cfcba21d-966a-43b8-a1a8-9751e05ed7c5','bbfddaeb-dea5-4178-b067-e0fa8812c338',NULL,-2,0),(NULL,'cfcba21d-966a-43b8-a1a8-9751e05ed7c5','c4389934-e970-4cab-9330-2d517122d28d',NULL,-2,0),(NULL,'cfcba21d-966a-43b8-a1a8-9751e05ed7c5','d74cdee3-a4fc-44b4-bd90-1e53bec5cad1',NULL,-2,0),(NULL,'d909ec23-e3b8-473c-8b53-b0dd10e5cb4a','00f6f2eb-2153-40a6-b2f3-8f4837ba3a3c',NULL,-2,0),(NULL,'d909ec23-e3b8-473c-8b53-b0dd10e5cb4a','02d28358-9e5a-4b65-9f56-bac4a0bffc34',NULL,-2,0),(NULL,'d909ec23-e3b8-473c-8b53-b0dd10e5cb4a','14d6b9c2-92f2-4ebb-8ef6-fa89a0233449',NULL,-2,0),(NULL,'d909ec23-e3b8-473c-8b53-b0dd10e5cb4a','55737e22-cac3-411e-96a1-b5b1a1488b61',NULL,-2,0),(NULL,'d909ec23-e3b8-473c-8b53-b0dd10e5cb4a','5b1751c1-f7f6-42f3-b556-2db391f9527a',NULL,-2,0),(NULL,'d909ec23-e3b8-473c-8b53-b0dd10e5cb4a','8bace90b-9f85-46b3-9411-8e098ba21c6e',NULL,-2,0),(NULL,'d909ec23-e3b8-473c-8b53-b0dd10e5cb4a','9000c302-d92f-436d-a59e-c1de271cbe87',NULL,-2,0),(NULL,'d909ec23-e3b8-473c-8b53-b0dd10e5cb4a','bbfddaeb-dea5-4178-b067-e0fa8812c338',NULL,-2,0),(NULL,'d909ec23-e3b8-473c-8b53-b0dd10e5cb4a','c4389934-e970-4cab-9330-2d517122d28d',NULL,-2,0),(NULL,'d909ec23-e3b8-473c-8b53-b0dd10e5cb4a','d74cdee3-a4fc-44b4-bd90-1e53bec5cad1',NULL,-2,0),(NULL,'da74a26f-8184-4270-b594-cb1a11fdcb78','36524122-5b4b-47aa-8d46-d064c6cb28fd',NULL,-2,0),(NULL,'da74a26f-8184-4270-b594-cb1a11fdcb78','8b238fa2-6e02-47b0-8343-bd97d791ae65',NULL,-2,0),(NULL,'da74a26f-8184-4270-b594-cb1a11fdcb78','9a767bf6-8caf-43d2-b1d2-2e00b54bd6a7',NULL,-2,0),(NULL,'da74a26f-8184-4270-b594-cb1a11fdcb78','c469d85a-a19c-4411-88ca-c0041af4f8e5',NULL,-2,0),(NULL,'da74a26f-8184-4270-b594-cb1a11fdcb78','d7111352-035f-46fa-9d96-85812f81b0f4',NULL,-2,0),(NULL,'da74a26f-8184-4270-b594-cb1a11fdcb78','dea18fd8-488a-4ba4-ab67-465749cc8498',NULL,-2,0),(NULL,'da74a26f-8184-4270-b594-cb1a11fdcb78','e3fcd8e9-d658-4bbe-bb8f-6bf08a593ad3',NULL,-2,0),(NULL,'da74a26f-8184-4270-b594-cb1a11fdcb78','f4b01b71-8ab6-4291-8fee-135a8f7c0d94',NULL,-2,0),(NULL,'dc9af886-7862-4815-9876-037e5440de12','00f6f2eb-2153-40a6-b2f3-8f4837ba3a3c',NULL,-2,0),(NULL,'dc9af886-7862-4815-9876-037e5440de12','02d28358-9e5a-4b65-9f56-bac4a0bffc34',NULL,-2,0),(NULL,'dc9af886-7862-4815-9876-037e5440de12','14d6b9c2-92f2-4ebb-8ef6-fa89a0233449',NULL,-2,0),(NULL,'dc9af886-7862-4815-9876-037e5440de12','55737e22-cac3-411e-96a1-b5b1a1488b61',NULL,-2,0),(NULL,'dc9af886-7862-4815-9876-037e5440de12','5b1751c1-f7f6-42f3-b556-2db391f9527a',NULL,-2,0),(NULL,'dc9af886-7862-4815-9876-037e5440de12','8bace90b-9f85-46b3-9411-8e098ba21c6e',NULL,-2,0),(NULL,'dc9af886-7862-4815-9876-037e5440de12','9000c302-d92f-436d-a59e-c1de271cbe87',NULL,-2,0),(NULL,'dc9af886-7862-4815-9876-037e5440de12','bbfddaeb-dea5-4178-b067-e0fa8812c338','2025-03-09 02:54:31.000000',0,3),(NULL,'dc9af886-7862-4815-9876-037e5440de12','c4389934-e970-4cab-9330-2d517122d28d',NULL,-2,0),(NULL,'dc9af886-7862-4815-9876-037e5440de12','d74cdee3-a4fc-44b4-bd90-1e53bec5cad1',NULL,-2,0),(NULL,'e18c1088-2d20-400c-81bf-6eaca20ede2e','00bf93d6-7893-481b-b3a6-7536a788f22d',NULL,-2,0),(NULL,'e18c1088-2d20-400c-81bf-6eaca20ede2e','07743875-1d87-4d81-8c5c-4e909871d8f0',NULL,-2,0),(NULL,'e18c1088-2d20-400c-81bf-6eaca20ede2e','1b19a7f7-7e06-4a7c-a3a0-918eb14670bf',NULL,-2,0),(NULL,'e18c1088-2d20-400c-81bf-6eaca20ede2e','1d95edd7-9ceb-4e2c-af16-35735c0d39e8',NULL,-2,0),(NULL,'e18c1088-2d20-400c-81bf-6eaca20ede2e','248f987f-a6ca-401f-af4d-776eb16310c2',NULL,-2,0),(NULL,'e18c1088-2d20-400c-81bf-6eaca20ede2e','49dd8be6-7191-430b-acae-501c1bee2770',NULL,-2,0),(NULL,'e18c1088-2d20-400c-81bf-6eaca20ede2e','4d8b7804-ba53-497d-8f69-3ecbe2ba6c05',NULL,-2,0),(NULL,'e18c1088-2d20-400c-81bf-6eaca20ede2e','542b89e4-501f-418c-8e43-890f945e847a',NULL,-2,0),(NULL,'e18c1088-2d20-400c-81bf-6eaca20ede2e','fb4952a3-6fbb-416b-92b3-d13f835e0de6',NULL,-2,0),(NULL,'e18c1088-2d20-400c-81bf-6eaca20ede2e','fca63275-f3b3-4839-b287-a8b7474dd393',NULL,-2,0),(NULL,'e46adbb0-d8c4-49e3-8903-975ab6d818f5','2fec7291-d7dd-4835-853f-f3d8453487eb',NULL,-2,0),(NULL,'e46adbb0-d8c4-49e3-8903-975ab6d818f5','50b47ab0-c2b8-4bfd-95bf-c35023aaf198',NULL,-2,0),(NULL,'e46adbb0-d8c4-49e3-8903-975ab6d818f5','94b4cde8-df2d-4241-a80a-d79fffaafd45',NULL,-2,0),(NULL,'e46adbb0-d8c4-49e3-8903-975ab6d818f5','be992de1-8f5a-4c5b-8158-2d7ae3c7ab38',NULL,-2,0),(NULL,'e46adbb0-d8c4-49e3-8903-975ab6d818f5','ed56cfbc-3019-48c5-9109-e97c30d0e4f5',NULL,-2,0),(NULL,'e56aedc9-6a5d-4a11-b77a-8f5dcc208469','4c814469-68fa-494a-9e93-90ccff9d6eaa',NULL,-2,0),(NULL,'e56aedc9-6a5d-4a11-b77a-8f5dcc208469','697b373f-2d73-48e9-90d4-ab516cc7d2aa',NULL,-2,0),(NULL,'e56aedc9-6a5d-4a11-b77a-8f5dcc208469','99d36620-1576-4e19-99fb-c132541b860f',NULL,-2,0),(NULL,'e56aedc9-6a5d-4a11-b77a-8f5dcc208469','ca990a18-1ecf-4677-b4f5-ff3f9c679fe3',NULL,-2,0),(NULL,'e56aedc9-6a5d-4a11-b77a-8f5dcc208469','d1e3dfdf-dfac-4693-bb79-fa08d8aad9fc',NULL,-2,0),(NULL,'e56aedc9-6a5d-4a11-b77a-8f5dcc208469','eb648995-761c-42b7-9a55-2e2a8d67acae',NULL,-2,0),(NULL,'e56aedc9-6a5d-4a11-b77a-8f5dcc208469','f47550be-910c-44a4-b293-eab3ee6aca92',NULL,-2,0),(NULL,'e56aedc9-6a5d-4a11-b77a-8f5dcc208469','f87463f4-3d2c-49f1-9f20-a4510eb0728f',NULL,-2,0),(NULL,'e56aedc9-6a5d-4a11-b77a-8f5dcc208469','f8bdf08c-c32d-4863-86b2-44a36a756fac',NULL,-2,0),(NULL,'eb2cff67-6672-4ad6-8b2f-829a547c2595','06a57b77-0290-450f-8312-db22e8c21c78',NULL,-2,0),(NULL,'eb2cff67-6672-4ad6-8b2f-829a547c2595','4af885f3-a68c-4204-8840-2a1c179222a4',NULL,-2,0),(NULL,'eb2cff67-6672-4ad6-8b2f-829a547c2595','4bccc8ff-e9e3-43ec-b037-a2df9987185e','2025-02-08 17:00:10.000000',0,0),(NULL,'eb2cff67-6672-4ad6-8b2f-829a547c2595','6a01e474-92f2-440e-9cc1-c1041de2e1be',NULL,-2,0),(NULL,'eb2cff67-6672-4ad6-8b2f-829a547c2595','8e395f10-31a4-4e06-b450-52d7c50da7e0',NULL,-2,0),(NULL,'eb2cff67-6672-4ad6-8b2f-829a547c2595','99157455-4dac-4bd4-a540-f43c0fd93145',NULL,-2,0),(NULL,'eb2cff67-6672-4ad6-8b2f-829a547c2595','9ebb1a1a-bbf5-4724-9692-fd08a591164b',NULL,-2,0),(NULL,'eb2cff67-6672-4ad6-8b2f-829a547c2595','bbfc8df2-5eb2-4a78-84d1-1e65beddd6f3',NULL,-2,0),(NULL,'eb2cff67-6672-4ad6-8b2f-829a547c2595','dd34ecaf-9783-4b03-b211-edc72a3e5f31',NULL,-2,0),(NULL,'eb2cff67-6672-4ad6-8b2f-829a547c2595','f19b6b33-be76-4d2b-b85d-dbd4caf3da1d',NULL,-2,0),(NULL,'eb7eb335-236d-47f6-82b6-7ae51d847898','4c814469-68fa-494a-9e93-90ccff9d6eaa',NULL,-2,0),(NULL,'eb7eb335-236d-47f6-82b6-7ae51d847898','697b373f-2d73-48e9-90d4-ab516cc7d2aa',NULL,-2,0),(NULL,'eb7eb335-236d-47f6-82b6-7ae51d847898','99d36620-1576-4e19-99fb-c132541b860f',NULL,-2,0),(NULL,'eb7eb335-236d-47f6-82b6-7ae51d847898','ca990a18-1ecf-4677-b4f5-ff3f9c679fe3',NULL,-2,0),(NULL,'eb7eb335-236d-47f6-82b6-7ae51d847898','d1e3dfdf-dfac-4693-bb79-fa08d8aad9fc',NULL,-2,0),(NULL,'eb7eb335-236d-47f6-82b6-7ae51d847898','eb648995-761c-42b7-9a55-2e2a8d67acae',NULL,-2,0),(NULL,'eb7eb335-236d-47f6-82b6-7ae51d847898','f47550be-910c-44a4-b293-eab3ee6aca92',NULL,-2,0),(NULL,'eb7eb335-236d-47f6-82b6-7ae51d847898','f87463f4-3d2c-49f1-9f20-a4510eb0728f',NULL,-2,0),(NULL,'eb7eb335-236d-47f6-82b6-7ae51d847898','f8bdf08c-c32d-4863-86b2-44a36a756fac',NULL,-2,0),(NULL,'f27d5a34-ecc1-4c32-8fd9-44615cbbed19','00f6f2eb-2153-40a6-b2f3-8f4837ba3a3c',NULL,-2,0),(NULL,'f27d5a34-ecc1-4c32-8fd9-44615cbbed19','02d28358-9e5a-4b65-9f56-bac4a0bffc34',NULL,-2,0),(NULL,'f27d5a34-ecc1-4c32-8fd9-44615cbbed19','14d6b9c2-92f2-4ebb-8ef6-fa89a0233449',NULL,-2,0),(NULL,'f27d5a34-ecc1-4c32-8fd9-44615cbbed19','55737e22-cac3-411e-96a1-b5b1a1488b61',NULL,-2,0),(NULL,'f27d5a34-ecc1-4c32-8fd9-44615cbbed19','5b1751c1-f7f6-42f3-b556-2db391f9527a',NULL,-2,0),(NULL,'f27d5a34-ecc1-4c32-8fd9-44615cbbed19','8bace90b-9f85-46b3-9411-8e098ba21c6e',NULL,-2,0),(NULL,'f27d5a34-ecc1-4c32-8fd9-44615cbbed19','9000c302-d92f-436d-a59e-c1de271cbe87',NULL,-2,0),(NULL,'f27d5a34-ecc1-4c32-8fd9-44615cbbed19','bbfddaeb-dea5-4178-b067-e0fa8812c338',NULL,-2,0),(NULL,'f27d5a34-ecc1-4c32-8fd9-44615cbbed19','c4389934-e970-4cab-9330-2d517122d28d',NULL,-2,0),(NULL,'f27d5a34-ecc1-4c32-8fd9-44615cbbed19','d74cdee3-a4fc-44b4-bd90-1e53bec5cad1',NULL,-2,0),(NULL,'f38f59b8-297c-4dfb-886d-e6ff1c87545f','4c814469-68fa-494a-9e93-90ccff9d6eaa',NULL,-2,0),(NULL,'f38f59b8-297c-4dfb-886d-e6ff1c87545f','697b373f-2d73-48e9-90d4-ab516cc7d2aa',NULL,-2,0),(NULL,'f38f59b8-297c-4dfb-886d-e6ff1c87545f','99d36620-1576-4e19-99fb-c132541b860f',NULL,-2,1),(NULL,'f38f59b8-297c-4dfb-886d-e6ff1c87545f','ca990a18-1ecf-4677-b4f5-ff3f9c679fe3',NULL,-2,0),(NULL,'f38f59b8-297c-4dfb-886d-e6ff1c87545f','d1e3dfdf-dfac-4693-bb79-fa08d8aad9fc',NULL,-2,0),(NULL,'f38f59b8-297c-4dfb-886d-e6ff1c87545f','eb648995-761c-42b7-9a55-2e2a8d67acae',NULL,-2,0),(NULL,'f38f59b8-297c-4dfb-886d-e6ff1c87545f','f47550be-910c-44a4-b293-eab3ee6aca92',NULL,-2,0),(NULL,'f38f59b8-297c-4dfb-886d-e6ff1c87545f','f87463f4-3d2c-49f1-9f20-a4510eb0728f',NULL,-2,0),(NULL,'f38f59b8-297c-4dfb-886d-e6ff1c87545f','f8bdf08c-c32d-4863-86b2-44a36a756fac',NULL,-2,0),(NULL,'f5dbc1df-3827-4a90-b9fb-8e1e5736c8c9','018a1ba5-dda1-4179-b73e-176e6693a371',NULL,-2,0),(NULL,'f5dbc1df-3827-4a90-b9fb-8e1e5736c8c9','0a98d5b3-7a3f-4cd0-a294-b04adeccbe7c',NULL,-2,0),(NULL,'f5dbc1df-3827-4a90-b9fb-8e1e5736c8c9','0e1c0884-cd4f-4efe-85cf-ed3d6c1fce8d',NULL,-2,0),(NULL,'f5dbc1df-3827-4a90-b9fb-8e1e5736c8c9','20550769-da23-4d54-983e-bdcc62d80a37',NULL,-2,0),(NULL,'f5dbc1df-3827-4a90-b9fb-8e1e5736c8c9','28e4b229-c075-444e-bb7e-b2f27a9fd103',NULL,-2,0),(NULL,'f5dbc1df-3827-4a90-b9fb-8e1e5736c8c9','565e13cb-7a4c-4f75-88f2-903a54ddc690','2025-02-08 17:00:08.000000',0,0),(NULL,'f5dbc1df-3827-4a90-b9fb-8e1e5736c8c9','5d57fb7a-7aab-4264-a6cf-12fc55f5093d',NULL,-2,0),(NULL,'f5dbc1df-3827-4a90-b9fb-8e1e5736c8c9','de1a9928-7d90-4b22-9f2c-1c1977a9b1d3',NULL,-2,0);
/*!40000 ALTER TABLE `project_sprint` ENABLE KEYS */;
UNLOCK TABLES;

--
-- Dumping data for table `projects`
--

LOCK TABLES `projects` WRITE;
/*!40000 ALTER TABLE `projects` DISABLE KEYS */;
INSERT INTO `projects` VALUES ('03ef89f3-394a-4447-ab47-2768e03ea221','21130363',_binary '\0',NULL,'2025-08-03 09:31:26.895726',NULL,'2025-08-03 09:31:26.895726','21130363','Phát triển ứng dụng quản lý lịch hẹn, bệnh nhân, và dịch vụ tại phòng khám nha khoa. Sử dụng Interface để định nghĩa các loại dịch vụ khác nhau.','Hệ Thống Quản Lý Phòng Khám Nha Khoa'),('07c86b0d-d800-428f-b80c-0d3c28355e05','20130224',_binary '\0',NULL,'2025-08-03 07:09:48.166614',NULL,'2025-08-03 07:09:48.166614','20130224','Xây dựng website để tìm kiếm, đăng ký và mua vé cho các sự kiện, hội thảo, workshop. Có tính năng quản lý sự kiện cho ban tổ chức.','Nền Tảng Đặt Vé Sự Kiện/Hội Thảo'),('09a3fd3d-110c-4021-b4f2-13e32f43e261','21130320',_binary '\0',NULL,'2025-07-23 17:52:43.890114',NULL,'2025-07-23 17:52:43.890114','21130320','<p>Nhóm 1 môn Machine Learning</p><p>Đề tài: Ứng dụng Cây quyết định trong việc phân loại các loại nấm</p>','Nhóm 1'),('1026a2df-a7d4-4361-9508-2e2f2d003a39','21130279',_binary '\0',NULL,'2025-08-03 07:09:47.801530',NULL,'2025-08-03 07:09:47.801530','21130279','Tạo một thị trường online cho các sản phẩm thủ công, đồ tự làm (DIY). Tập trung vào cộng đồng người bán và người mua, và các tùy chỉnh sản phẩm.','Website Đồ Handmade & DIY'),('110a66d2-e995-4219-8bae-7f67a62f2702','21130601',_binary '\0',NULL,'2025-07-07 05:39:51.107837',NULL,'2025-07-07 05:39:51.107837','21130601','<p>Nhóm 3 ML</p>','Nhóm 3'),('1472acd0-631c-48bb-8996-18307df6c002','21130363',_binary '\0',NULL,'2025-08-03 07:09:47.457677',NULL,'2025-08-03 07:09:47.457677','21130363','Xây dựng hệ thống cho phép người dùng đặt đồ ăn từ các nhà hàng đối tác, bao gồm chọn món, giỏ hàng, thanh toán và theo dõi đơn hàng.','Nền Tảng Đặt Đồ Ăn Online'),('253ac332-b8e2-43a7-bbc7-d673ddabc733','20130224',_binary '\0',NULL,'2025-07-29 17:42:16.875980',NULL,'2025-07-29 17:42:16.875980','20130224','Xây dựng website để tìm kiếm, đăng ký và mua vé cho các sự kiện, hội thảo, workshop. Có tính năng quản lý sự kiện cho ban tổ chức.','Nền Tảng Đặt Vé Sự Kiện/Hội Thảo'),('29d9f886-4301-4881-8785-f773e8e9b3c7','21130451',_binary '\0',NULL,'2025-08-03 09:31:26.432148',NULL,'2025-08-03 09:31:26.432148','21130451','Phát triển ứng dụng đọc tin tức từ các nguồn RSS khác nhau, cho phép người dùng thêm/bớt nguồn, đọc tin và lưu tin yêu thích. Áp dụng OOP để quản lý các đối tượng Tin tức, Nguồn tin.','Ứng Dụng Đọc Tin Tức RSS'),('3438c873-bc50-42c4-a598-1ed31761fe23','21130451',_binary '\0',NULL,'2025-07-29 17:42:15.649931',NULL,'2025-07-29 17:42:15.649931','21130451','Phát triển nền tảng thương mại điện tử chuyên về sách, có thể bao gồm quản lý danh mục, tìm kiếm nâng cao, đánh giá sản phẩm và đề xuất cá nhân hóa.','Cửa Hàng Sách Trực Tuyến'),('3614906c-31d7-46d3-a1c7-a7e4bd9c6d16','21130359',_binary '\0',NULL,'2025-08-03 07:09:48.354957',NULL,'2025-08-03 07:09:48.354957','21130359','Tạo cửa hàng trực tuyến chuyên về trang phục, giày dép và dụng cụ thể thao. Bao gồm bộ lọc theo môn thể thao, thương hiệu, và kích cỡ.','Website Bán Đồ Thể Thao & Dụng Cụ'),('3bff699d-9121-413b-8896-49b00f0952a3','21130363',_binary '\0',NULL,'2025-07-07 05:42:03.701516',NULL,'2025-07-07 05:42:03.701516','21130363','<p>Nhóm 4 LTW website bán cơm</p>','Nhóm 4'),('3ef85d80-2e30-40e1-b1cc-e942989e23bc','21130320',_binary '\0',NULL,'2025-08-03 07:09:46.901753',NULL,'2025-08-03 07:09:46.901753','21130320','Xây dựng website bán hàng thời trang với các tính năng quản lý sản phẩm, giỏ hàng, thanh toán và tài khoản người dùng. Tập trung vào giao diện thân thiện, hình ảnh sản phẩm đẹp mắt.','Shop Thời Trang Online'),('44a9f8f3-f606-4e67-bd4e-60565f542204','21130601',_binary '\0',NULL,'2025-07-07 05:39:24.298127',NULL,'2025-07-07 05:39:24.298127','21130601','<p>Nhóm 3 TT LTTBDĐ</p>','Nhóm 3'),('5090ec43-8787-4d26-8bc2-7c760a4d93ff','21130451',_binary '\0',NULL,'2025-07-07 05:41:24.390743',NULL,'2025-07-07 05:41:24.390743','21130451','<p>Nhóm 2 ML</p>','Nhóm 2'),('5122db1f-5ad5-4c6a-baea-404608794939','21130320',_binary '\0',NULL,'2025-08-03 09:31:26.062053',NULL,'2025-08-03 09:31:26.062053','21130320','Xây dựng ứng dụng quản lý đơn hàng cho cửa hàng trực tuyến, bao gồm thêm sản phẩm, xử lý đơn hàng, và quản lý khách hàng. Tập trung vào các nguyên tắc OOP để dễ dàng mở rộng và bảo trì.','Hệ Thống Quản Lý Đơn Hàng Online'),('52303823-bf1a-40e0-b047-a7c9532ef7dc','21130451',_binary '\0',NULL,'2025-08-03 07:09:47.102587',NULL,'2025-08-03 07:09:47.102587','21130451','Phát triển nền tảng thương mại điện tử chuyên về sách, có thể bao gồm quản lý danh mục, tìm kiếm nâng cao, đánh giá sản phẩm và đề xuất cá nhân hóa.','Cửa Hàng Sách Trực Tuyến'),('5899bcfc-a966-4117-b3b9-d00731b4b342','21130335',_binary '\0',NULL,'2025-08-03 07:09:47.991936',NULL,'2025-08-03 07:09:47.991936','21130335','Phát triển trang web cho phép người dùng xem lịch chiếu, chọn ghế, đặt và thanh toán vé phim trực tuyến.','Hệ Thống Đặt Vé Phim Online'),('66436f4d-8245-433d-a9d2-d0eb03a6a47b','22130001',_binary '\0',NULL,'2025-08-03 09:31:27.100299',NULL,'2025-08-03 09:31:27.100299','22130001','Tạo ứng dụng quản lý danh bạ với các chức năng thêm, sửa, xóa, tìm kiếm liên hệ. Tập trung vào tính đóng gói và trừu tượng hóa thông tin liên hệ.','Ứng Dụng Quản Lý Danh Bạ Điện Thoại'),('66fb3db5-3f1f-41b6-9ee9-c7c01a801de8','21130320',_binary '\0',NULL,'2025-07-07 07:19:08.837852',NULL,'2025-07-07 07:19:08.837852','21130320','<p>Nhóm 1 ML</p>','Nhóm 1'),('6b81a458-f76b-45dc-8a8c-c06876ac9d1b','21130363',_binary '\0',NULL,'2025-07-07 05:42:17.397109',NULL,'2025-07-07 05:42:17.397109','21130363','<p>Nhóm 4 OOP</p>','Nhóm 4'),('6cc2afa7-7786-4f77-9e9b-e5e3d3abbda7','21130371',_binary '\0',NULL,'2025-08-03 09:31:28.221983',NULL,'2025-08-03 09:31:28.221983','21130371','Xây dựng ứng dụng cho phép quản lý các món ăn, đồ uống, giá cả và mô tả. Áp dụng Decorator Pattern để thêm các thuộc tính (ví dụ: món ăn đặc biệt, món chay) vào món ăn.','Phần Mềm Quản Lý Đồ Ăn Thức Uống'),('6d7c2809-16b0-4200-99b7-ca3ce7ab72f7','21130601',_binary '\0',NULL,'2025-08-03 09:31:26.643504',NULL,'2025-08-03 09:31:26.643504','21130601','Xây dựng hệ thống quản lý bãi đỗ xe với các chức năng kiểm tra chỗ trống, tính phí, và quản lý xe ra vào. Sử dụng các Design Patterns như Singleton cho quản lý thông tin bãi xe.','Phần Mềm Quản Lý Bãi Đỗ Xe Thông Minh'),('7d783967-3144-4c76-ae91-0bcb3ebab45b','21130320',_binary '\0',NULL,'2025-07-07 07:18:18.385276',NULL,'2025-07-07 07:18:18.385276','21130320','<p>Nhóm 1 OOP</p>','Nhóm 1'),('80bc4a94-2ad4-44e8-bc20-8e76a44864e5','21130363',_binary '\0',NULL,'2025-07-29 17:42:16.053342',NULL,'2025-07-29 17:42:16.053342','21130363','Xây dựng hệ thống cho phép người dùng đặt đồ ăn từ các nhà hàng đối tác, bao gồm chọn món, giỏ hàng, thanh toán và theo dõi đơn hàng.','Nền Tảng Đặt Đồ Ăn Online'),('821a94e2-eccb-4704-a2d6-2bd63068469a','21130320',_binary '\0',NULL,'2025-07-07 07:18:36.467919',NULL,'2025-07-07 07:18:36.467919','21130320','<p>Nhóm 1 LT TBDD</p>','Nhóm 1'),('89427d93-69a9-4187-baac-7a3105624b8b','21130279',_binary '\0',NULL,'2025-07-29 17:42:16.460360',NULL,'2025-07-29 17:42:16.460360','21130279','Tạo một thị trường online cho các sản phẩm thủ công, đồ tự làm (DIY). Tập trung vào cộng đồng người bán và người mua, và các tùy chỉnh sản phẩm.','Website Đồ Handmade & DIY'),('8f109a77-484b-4f39-a076-6b2a44b8137a','21130451',_binary '\0',NULL,'2025-07-07 05:05:47.768608',NULL,'2025-07-07 05:05:47.768608','21130451','<p>Nhóm 2 LTW website bán trái cây</p>','Nhóm 2'),('96584a4a-c736-4e90-a639-d61bdc4f5ac3','21130371',_binary '\0',NULL,'2025-08-03 07:09:48.530710',NULL,'2025-08-03 07:09:48.530710','21130371','Phát triển website bán các sản phẩm mỹ phẩm, chăm sóc da/tóc. Có tính năng đánh giá sản phẩm, gợi ý theo loại da/tóc và ưu đãi.','Cửa Hàng Mỹ Phẩm & Chăm Sóc Sắc Đẹp'),('97d36d58-6a95-44ba-9e9c-d9850208de3f','20130224',_binary '\0',NULL,'2025-08-03 09:31:27.746608',NULL,'2025-08-03 09:31:27.746608','20130224','Xây dựng hệ thống quản lý kho hàng, quản lý sản phẩm nhập/xuất, và tồn kho. Áp dụng Factory Method để tạo ra các loại sản phẩm khác nhau.','Hệ Thống Quản Lý Kho Hàng Nhỏ'),('9b798a7c-1d24-47c0-9795-ddad74ba510c','21130601',_binary '\0',NULL,'2025-07-07 05:38:59.124516',NULL,'2025-07-07 05:38:59.124516','21130601','<p>Nhóm 3 OOP</p>','Nhóm 3'),('9d8280d3-4095-4b0a-a51d-df8cabea7248','21130451',_binary '\0',NULL,'2025-07-07 05:41:12.147178',NULL,'2025-07-07 05:41:12.147178','21130451','<p>Nhóm 2 TMĐT</p>','Nhóm 2'),('9fefc788-7a52-4ed4-a257-5179ce5b2efe','21130451',_binary '\0',NULL,'2025-07-28 10:02:43.019958',NULL,'2025-07-28 10:02:43.019958','21130451','<p>Nhóm 2 môn Machine Learning</p>','Nhóm 2'),('a07e9b37-4131-49bc-9b4a-f341ceb75e3c','21130451',_binary '\0',NULL,'2025-07-07 05:40:57.198072',NULL,'2025-07-07 05:40:57.198072','21130451','<p>Nhóm 2 TT LTTBDĐ</p>','Nhóm 2'),('a4c8f860-fe6e-47b2-8e7c-fbbd9a578db4','22130001',_binary '\0',NULL,'2025-08-03 07:09:47.630142',NULL,'2025-08-03 07:09:47.630142','22130001','Phát triển website chuyên về cây cảnh, hạt giống và vật tư nông nghiệp. Có thể bao gồm thông tin chi tiết về từng loại cây, hướng dẫn chăm sóc.','Cửa Hàng Cây Cảnh Trực Tuyến'),('a5bc1288-fe8b-41c1-8993-152dbe7cb3fa','21130359',_binary '\0',NULL,'2025-07-29 17:42:17.075955',NULL,'2025-07-29 17:42:17.075955','21130359','Tạo cửa hàng trực tuyến chuyên về trang phục, giày dép và dụng cụ thể thao. Bao gồm bộ lọc theo môn thể thao, thương hiệu, và kích cỡ.','Website Bán Đồ Thể Thao & Dụng Cụ'),('a6154ca9-d3f9-4a18-a20a-e0da52601faa','21130359',_binary '\0',NULL,'2025-08-03 09:31:27.993805',NULL,'2025-08-03 09:31:27.993805','21130359','Phát triển ứng dụng quản lý lớp học online với các tính năng quản lý học sinh, bài tập, và điểm danh. Sử dụng Observer Pattern để cập nhật trạng thái học sinh.','Ứng Dụng Quản Lý Lớp Học Trực Tuyến'),('a8eb1192-3e81-42e8-9f69-8483736af936','21130601',_binary '\0',NULL,'2025-07-29 17:42:15.853490',NULL,'2025-07-29 17:42:15.853490','21130601','Tạo một trang web chuyên bán các sản phẩm điện tử, với tính năng lọc sản phẩm theo thông số kỹ thuật, so sánh sản phẩm và hỗ trợ khách hàng.','Website Bán Đồ Điện Tử'),('bdf5e58c-8905-4f18-afb3-d36945768d9f','21130335',_binary '\0',NULL,'2025-08-03 09:31:27.517860',NULL,'2025-08-03 09:31:27.517860','21130335','Phát triển game Tetris đơn giản trên console hoặc giao diện đồ họa. Sử dụng OOP để quản lý trạng thái trò chơi, các khối gạch và bàn chơi.','Game Xếp Hình (Tetris Đơn Giản)'),('caf9e00b-e1c5-4b0f-9c49-2eac892a327e','21130320',_binary '\0',NULL,'2025-07-05 13:23:29.725766',NULL,'2025-07-05 13:23:29.725766','21130320','<p>Nhóm 1 LTW website may đồ</p>','Nhóm 1'),('cfcba21d-966a-43b8-a1a8-9751e05ed7c5','21130335',_binary '\0',NULL,'2025-07-29 17:42:16.654761',NULL,'2025-07-29 17:42:16.654761','21130335','Phát triển trang web cho phép người dùng xem lịch chiếu, chọn ghế, đặt và thanh toán vé phim trực tuyến.','Hệ Thống Đặt Vé Phim Online'),('d909ec23-e3b8-473c-8b53-b0dd10e5cb4a','21130371',_binary '\0',NULL,'2025-07-29 17:42:17.264597',NULL,'2025-07-29 17:42:17.264597','21130371','Phát triển website bán các sản phẩm mỹ phẩm, chăm sóc da/tóc. Có tính năng đánh giá sản phẩm, gợi ý theo loại da/tóc và ưu đãi.','Cửa Hàng Mỹ Phẩm & Chăm Sóc Sắc Đẹp'),('da74a26f-8184-4270-b594-cb1a11fdcb78','21130363',_binary '\0',NULL,'2025-07-07 05:42:33.801572',NULL,'2025-07-07 05:42:33.801572','21130363','<p>Nhóm 4 TT LTTBDĐ</p>','Nhóm 4'),('dc9af886-7862-4815-9876-037e5440de12','21130320',_binary '\0',NULL,'2025-07-29 17:42:15.363114',NULL,'2025-07-29 17:42:15.363114','21130320','Xây dựng website bán hàng thời trang với các tính năng quản lý sản phẩm, giỏ hàng, thanh toán và tài khoản người dùng. Tập trung vào giao diện thân thiện, hình ảnh sản phẩm đẹp mắt.','Shop Thời Trang Online'),('e18c1088-2d20-400c-81bf-6eaca20ede2e','21130279',_binary '\0',NULL,'2025-08-03 09:31:27.306950',NULL,'2025-08-03 09:31:27.306950','21130279','Xây dựng công cụ quản lý các sự kiện cá nhân, bao gồm thời gian, địa điểm, và người tham dự. Áp dụng mô hình MVC để tách biệt logic, giao diện và dữ liệu.','Phần Mềm Quản Lý Sự Kiện Cá Nhân'),('e46adbb0-d8c4-49e3-8903-975ab6d818f5','21130363',_binary '\0',NULL,'2025-07-07 05:43:02.665794',NULL,'2025-07-07 05:43:02.665794','21130363','<p>Nhóm 4 ML</p>','Nhóm 4'),('e56aedc9-6a5d-4a11-b77a-8f5dcc208469','21130363',_binary '\0',NULL,'2025-07-07 05:42:49.285370',NULL,'2025-07-07 05:42:49.285370','21130363','<p>Nhóm 4 TMĐT</p>','Nhóm 4'),('eb2cff67-6672-4ad6-8b2f-829a547c2595','21130451',_binary '\0',NULL,'2025-07-07 05:40:39.430139',NULL,'2025-07-07 05:40:39.430139','21130451','<p>Nhóm 2 OOP</p>','Nhóm 2'),('eb7eb335-236d-47f6-82b6-7ae51d847898','21130601',_binary '\0',NULL,'2025-07-07 05:39:37.643698',NULL,'2025-07-07 05:39:37.643698','21130601','<p>Nhóm 3 TMĐT</p>','Nhóm 3'),('f27d5a34-ecc1-4c32-8fd9-44615cbbed19','22130001',_binary '\0',NULL,'2025-07-29 17:42:16.253135',NULL,'2025-07-29 17:42:16.253135','22130001','Phát triển website chuyên về cây cảnh, hạt giống và vật tư nông nghiệp. Có thể bao gồm thông tin chi tiết về từng loại cây, hướng dẫn chăm sóc.','Cửa Hàng Cây Cảnh Trực Tuyến'),('f38f59b8-297c-4dfb-886d-e6ff1c87545f','21130320',_binary '\0',NULL,'2025-07-07 07:18:55.348127',NULL,'2025-07-07 07:18:55.348127','21130320','<p>Nhóm 1 TMĐT</p>','Nhóm 1'),('f488ec30-bc2e-42f7-9664-916d85afef92','21130601',_binary '\0',NULL,'2025-08-03 07:09:47.278417',NULL,'2025-08-03 07:09:47.278417','21130601','Tạo một trang web chuyên bán các sản phẩm điện tử, với tính năng lọc sản phẩm theo thông số kỹ thuật, so sánh sản phẩm và hỗ trợ khách hàng.','Website Bán Đồ Điện Tử'),('f5dbc1df-3827-4a90-b9fb-8e1e5736c8c9','21130601',_binary '\0',NULL,'2025-07-07 05:32:57.594695',NULL,'2025-07-07 05:32:57.594695','21130601','<p>Nhóm 3 LTW website bán bất động sản</p>','Nhóm 3');
/*!40000 ALTER TABLE `projects` ENABLE KEYS */;
UNLOCK TABLES;

--
-- Dumping data for table `resources`
--

LOCK TABLES `resources` WRITE;
/*!40000 ALTER TABLE `resources` DISABLE KEYS */;
INSERT INTO `resources` VALUES ('06acc134-170d-4ef2-8adb-3edf5eb6043f','21130320',_binary '\0',NULL,'2025-07-23 18:15:09.154004',NULL,'2025-07-23 18:15:09.154004','21130320','FILE',NULL,'daily','PROJECT','KLTN/09a3fd3d-110c-4021-b4f2-13e32f43e261/_report/21130320/daily_chevg7.xlsx',11130,'29494edf-a498-48f4-85e1-e33775976468'),('0ada637e-ca72-4910-a608-6ee0f948a3d3','21130320',_binary '\0',NULL,'2025-07-23 18:16:24.984558',NULL,'2025-07-23 18:16:24.984558','21130320','FILE',NULL,'sprint_backlog','PROJECT','KLTN/09a3fd3d-110c-4021-b4f2-13e32f43e261/_report/21130320/sprint_backlog_odv1us.xlsx',7788,'29494edf-a498-48f4-85e1-e33775976468'),('1dedb77e-bc93-4bb3-8b43-226886d7a3b1','21130320',_binary '\0',NULL,'2025-07-23 18:15:31.030011',NULL,'2025-07-23 18:15:31.030011','21130320','FILE',NULL,'daily (1)','PROJECT','KLTN/09a3fd3d-110c-4021-b4f2-13e32f43e261/_report/21130320/daily_1_iruzrl.xlsx',8010,'29494edf-a498-48f4-85e1-e33775976468'),('e3eb5efb-6dd5-46fb-bd80-f340cfc5054d','21130320',_binary '\0',NULL,'2025-07-13 08:21:57.824472',NULL,'2025-07-13 08:21:57.824472','21130320','FILE','pdf','Bao_Cao_Tong_Ket_NCKH','PROJECT','KLTN/caf9e00b-e1c5-4b0f-9c49-2eac892a327e/_report/21130320/Bao_Cao_Tong_Ket_NCKH_x7vbex',3206442,'29494edf-a498-48f4-85e1-e33775976468');
/*!40000 ALTER TABLE `resources` ENABLE KEYS */;
UNLOCK TABLES;

--
-- Dumping data for table `roles`
--

LOCK TABLES `roles` WRITE;
/*!40000 ALTER TABLE `roles` DISABLE KEYS */;
INSERT INTO `roles` VALUES ('f7b59d23-0874-11f0-91a0-0242ac120002',NULL,_binary '\0',NULL,'2025-05-08 04:52:50.000000',NULL,NULL,NULL,'Quản trị hệ thống','admin'),('f7b5f76b-0874-11f0-91a0-0242ac120002',NULL,_binary '\0',NULL,'2025-05-08 04:52:50.000000',NULL,NULL,NULL,'Giáo viên hướng dẫn','teacher'),('f7b5f8f8-0874-11f0-91a0-0242ac120002',NULL,_binary '\0',NULL,'2025-05-08 04:52:50.000000',NULL,NULL,NULL,'Trưởng nhóm','leader'),('f7b5f96a-0874-11f0-91a0-0242ac120002',NULL,_binary '\0',NULL,'2025-05-08 04:52:50.000000',NULL,NULL,NULL,'Sinh viên','student'),('f7b5f96a-0874-11f0-91a0-0242ac120011',NULL,_binary '\0',NULL,'2025-07-07 11:18:26.000000',NULL,NULL,NULL,'Thành viên nhóm','member');
/*!40000 ALTER TABLE `roles` ENABLE KEYS */;
UNLOCK TABLES;

--
-- Dumping data for table `roles_permissions`
--

LOCK TABLES `roles_permissions` WRITE;
/*!40000 ALTER TABLE `roles_permissions` DISABLE KEYS */;
INSERT INTO `roles_permissions` VALUES ('f7b59d23-0874-11f0-91a0-0242ac120002','e79e184d-0874-11f0-91a0-0242ac120002'),('f7b59d23-0874-11f0-91a0-0242ac120002','e79e70d0-0874-11f0-91a0-0242ac120002'),('f7b59d23-0874-11f0-91a0-0242ac120002','e79e7242-0874-11f0-91a0-0242ac120002'),('f7b59d23-0874-11f0-91a0-0242ac120002','e79e72a7-0874-11f0-91a0-0242ac120002'),('f7b59d23-0874-11f0-91a0-0242ac120002','e79e72d7-0874-11f0-91a0-0242ac120002'),('f7b59d23-0874-11f0-91a0-0242ac120002','e79e72ff-0874-11f0-91a0-0242ac120002'),('f7b59d23-0874-11f0-91a0-0242ac120002','e79e7327-0874-11f0-91a0-0242ac120002'),('f7b5f76b-0874-11f0-91a0-0242ac120002','e79e734c-0874-11f0-91a0-0242ac120002'),('f7b59d23-0874-11f0-91a0-0242ac120002','e79e7378-0874-11f0-91a0-0242ac120002'),('f7b5f76b-0874-11f0-91a0-0242ac120002','e79e7378-0874-11f0-91a0-0242ac120002'),('f7b5f76b-0874-11f0-91a0-0242ac120002','e79e739e-0874-11f0-91a0-0242ac120002'),('f7b5f76b-0874-11f0-91a0-0242ac120002','e79e73e3-0874-11f0-91a0-0242ac120002'),('f7b5f96a-0874-11f0-91a0-0242ac120002','e79e7408-0874-11f0-91a0-0242ac120002'),('f7b5f8f8-0874-11f0-91a0-0242ac120002','e79e742d-0874-11f0-91a0-0242ac120002'),('f7b5f8f8-0874-11f0-91a0-0242ac120002','e79e7bea-0874-11f0-91a0-0242ac120002'),('f7b5f8f8-0874-11f0-91a0-0242ac120002','e79e7c52-0874-11f0-91a0-0242ac120002'),('f7b5f8f8-0874-11f0-91a0-0242ac120002','e79e7c75-0874-11f0-91a0-0242ac120002'),('f7b5f76b-0874-11f0-91a0-0242ac120002','e79e7c9b-0874-11f0-91a0-0242ac120002'),('f7b5f76b-0874-11f0-91a0-0242ac120002','e79e7cc2-0874-11f0-91a0-0242ac120002'),('f7b5f8f8-0874-11f0-91a0-0242ac120002','e79e7cc2-0874-11f0-91a0-0242ac120002'),('f7b59d23-0874-11f0-91a0-0242ac120002','e79e7ce5-0874-11f0-91a0-0242ac120002'),('f7b5f76b-0874-11f0-91a0-0242ac120002','e79e7ce5-0874-11f0-91a0-0242ac120002'),('f7b5f76b-0874-11f0-91a0-0242ac120002','e79e7d08-0874-11f0-91a0-0242ac120002'),('f7b5f8f8-0874-11f0-91a0-0242ac120002','e79e7d08-0874-11f0-91a0-0242ac120002'),('f7b5f8f8-0874-11f0-91a0-0242ac120002','e79e7d29-0874-11f0-91a0-0242ac120002'),('f7b5f8f8-0874-11f0-91a0-0242ac120002','e79e7d4a-0874-11f0-91a0-0242ac120002'),('f7b5f8f8-0874-11f0-91a0-0242ac120002','e79e7d6e-0874-11f0-91a0-0242ac120002'),('f7b5f8f8-0874-11f0-91a0-0242ac120002','e79e7d93-0874-11f0-91a0-0242ac120002'),('f7b5f96a-0874-11f0-91a0-0242ac120002','e79e7d93-0874-11f0-91a0-0242ac120002'),('f7b5f8f8-0874-11f0-91a0-0242ac120002','e79e7db5-0874-11f0-91a0-0242ac120002'),('f7b5f96a-0874-11f0-91a0-0242ac120002','e79e7db5-0874-11f0-91a0-0242ac120002'),('f7b5f8f8-0874-11f0-91a0-0242ac120002','e79e7dd9-0874-11f0-91a0-0242ac120002'),('f7b5f8f8-0874-11f0-91a0-0242ac120002','e79e7df9-0874-11f0-91a0-0242ac120002'),('f7b5f96a-0874-11f0-91a0-0242ac120002','e79e7df9-0874-11f0-91a0-0242ac120002'),('f7b5f8f8-0874-11f0-91a0-0242ac120002','e79e7e18-0874-11f0-91a0-0242ac120002'),('f7b5f96a-0874-11f0-91a0-0242ac120002','e79e7e18-0874-11f0-91a0-0242ac120002'),('f7b5f76b-0874-11f0-91a0-0242ac120002','e79e7e3a-0874-11f0-91a0-0242ac120002'),('f7b59d23-0874-11f0-91a0-0242ac120002','e79e7e5d-0874-11f0-91a0-0242ac120002'),('f7b5f76b-0874-11f0-91a0-0242ac120002','e79e7e5d-0874-11f0-91a0-0242ac120002'),('f7b59d23-0874-11f0-91a0-0242ac120002','e79e7e81-0874-11f0-91a0-0242ac120002'),('f7b5f76b-0874-11f0-91a0-0242ac120002','e79e7e81-0874-11f0-91a0-0242ac120002'),('f7b5f8f8-0874-11f0-91a0-0242ac120002','e79e7ea4-0874-11f0-91a0-0242ac120002'),('f7b59d23-0874-11f0-91a0-0242ac120002','e79e7ec6-0874-11f0-91a0-0242ac120002'),('f7b5f76b-0874-11f0-91a0-0242ac120002','e79e7ec6-0874-11f0-91a0-0242ac120002'),('f7b59d23-0874-11f0-91a0-0242ac120002','e79e7ee9-0874-11f0-91a0-0242ac120002'),('f7b59d23-0874-11f0-91a0-0242ac120002','e79e7f0b-0874-11f0-91a0-0242ac120002'),('f7b5f76b-0874-11f0-91a0-0242ac120002','e79e7f0b-0874-11f0-91a0-0242ac120002');
/*!40000 ALTER TABLE `roles_permissions` ENABLE KEYS */;
UNLOCK TABLES;

--
-- Dumping data for table `skills`
--

LOCK TABLES `skills` WRITE;
/*!40000 ALTER TABLE `skills` DISABLE KEYS */;
INSERT INTO `skills` VALUES ('09ff3366-7263-4f97-8819-c1b91a374433','21130451',_binary '\0',NULL,'2025-07-08 06:20:58.662364',NULL,'2025-07-08 06:20:58.662364','21130451','Python'),('28190eb3-2c79-4749-8002-0d57fbe215ab','21130509',_binary '\0',NULL,'2025-07-09 07:47:57.010019',NULL,'2025-07-09 07:47:57.010019','21130509','Document'),('2cd738e1-c5e0-4de9-8daf-cafddcc3e79f','20130196',_binary '\0',NULL,'2025-07-30 06:16:30.924684',NULL,'2025-07-30 06:16:30.924684','20130196','Presentation'),('32907f3c-59b2-449c-be5d-2cbb0fa5256a','21130416',_binary '\0',NULL,'2025-07-08 06:20:58.341835',NULL,'2025-07-08 06:20:58.341835','21130416','React'),('35632293-1d3e-43af-82be-58373ed43237','20130196',_binary '\0',NULL,'2025-07-30 06:16:30.869223',NULL,'2025-07-30 06:16:30.869223','20130196','JS'),('4546ea0d-61cb-479d-8f1e-c05faa3f1938','21130320',_binary '\0',NULL,'2025-07-08 06:00:27.037820',NULL,'2025-07-08 06:00:27.037820','21130320','HTML'),('4b60b10a-bef9-440a-bcf2-c24cb9a39638','21130320',_binary '\0',NULL,'2025-07-08 06:00:46.331170',NULL,'2025-07-08 06:00:46.331170','21130320','CSS'),('5292dfab-a44d-4c8b-9ac1-4beb7cdfed40','21130601',_binary '\0',NULL,'2025-07-08 06:20:59.192281',NULL,'2025-07-08 06:20:59.192281','21130601','Java'),('53ec3170-bf6f-4e41-9ebe-3d734c52629f','20130196',_binary '\0',NULL,'2025-07-30 06:16:30.784573',NULL,'2025-07-30 06:16:30.784573','20130196','ERD'),('5d39e73b-f01c-480b-85c5-14d525e1fe88','21130319',_binary '\0',NULL,'2025-07-08 13:04:33.931423',NULL,'2025-07-08 13:04:33.931423','21130319','Database'),('7d86caf3-b2d1-4029-9bc0-4b1d319f29df','21130320',_binary '\0',NULL,'2025-07-08 06:00:37.170722',NULL,'2025-07-08 06:00:37.170722','21130320','JavaScript'),('7ea6e1ff-cd72-4049-84f6-2cf60eec8fda','21130320',_binary '\0',NULL,'2025-07-08 05:59:43.738027',NULL,'2025-07-08 05:59:43.738027','21130320','Cấu trúc dữ liệu'),('84cbb67d-71c9-4f7c-85b1-734faba26a2b','21130451',_binary '\0',NULL,'2025-07-09 07:45:47.902410',NULL,'2025-07-09 07:45:47.902410','21130451','Research'),('8931bbb3-e6d7-4e75-8be1-49f7d7c96487','21130416',_binary '\0',NULL,'2025-07-08 06:20:58.286451',NULL,'2025-07-08 06:20:58.286451','21130416','OOP'),('8b3654f1-e510-41f0-8a01-d8856f7a2786','21130601',_binary '\0',NULL,'2025-07-08 06:20:59.214465',NULL,'2025-07-08 06:20:59.214465','21130601','Networking'),('8dc102be-5170-470b-b20b-a49b996deb25','21130509',_binary '\0',NULL,'2025-07-08 13:42:45.292905',NULL,'2025-07-08 13:42:45.292905','21130509','Phân tích'),('91ff4535-ea3b-48d3-a560-6c4866ea35eb','21130319',_binary '\0',NULL,'2025-07-08 13:17:44.365435',NULL,'2025-07-08 13:17:44.365435','21130319','Figma'),('923a6239-8e81-49d3-8379-0c03284f2275','21130416',_binary '\0',NULL,'2025-07-08 13:19:41.051651',NULL,'2025-07-08 13:19:41.051651','21130416','JDBI'),('9345304d-d743-487c-8893-3f82c03750c7','21130319',_binary '\0',NULL,'2025-07-30 06:16:35.216203',NULL,'2025-07-30 06:16:35.216203','21130319','Design'),('938cef2c-f710-4d90-b343-562e94dd56d9','21130320',_binary '\0',NULL,'2025-07-08 06:00:06.922301',NULL,'2025-07-08 06:00:06.922301','21130320','Thuật toán'),('93ab459c-ebb9-4c45-a33b-3f24263b2fdc','21130319',_binary '\0',NULL,'2025-07-08 13:02:55.593096',NULL,'2025-07-08 13:02:55.593096','21130319','Servlet'),('9da99cf3-671a-4aa2-9622-2aa80be49c6a','21130320',_binary '\0',NULL,'2025-07-08 05:59:04.789629',NULL,'2025-07-08 05:59:04.789629','21130320','Java Core'),('a8d461e1-51a7-4a26-9e77-ca92900ba3bf','21130175',_binary '\0',NULL,'2025-07-08 06:20:59.713440',NULL,'2025-07-08 06:20:59.713440','21130175','TypeScript'),('b1603feb-4dca-452d-8768-d474a003902e','21130175',_binary '\0',NULL,'2025-07-08 06:20:59.758230',NULL,'2025-07-08 06:20:59.758230','21130175','MongoDB'),('b5696ec1-06ed-42fa-86f0-497e52338f03','21130444',_binary '\0',NULL,'2025-07-09 07:47:33.682746',NULL,'2025-07-09 07:47:33.682746','21130444','Sklearn'),('c4aa5d74-e861-483c-b8a7-7828d88cce56','21130451',_binary '\0',NULL,'2025-07-08 06:20:58.702600',NULL,'2025-07-08 06:20:58.702600','21130451','Linux'),('d1893400-2187-4c7b-92bf-ada82686bf84','21130320',_binary '\0',NULL,'2025-07-08 05:58:36.736356',NULL,'2025-07-08 05:58:36.736356','21130320','SQL'),('dc372d56-ebb8-4551-971c-0d6c00752272','21130175',_binary '\0',NULL,'2025-07-08 06:20:59.737636',NULL,'2025-07-08 06:20:59.737636','21130175','CI/CD'),('eeedfdeb-5251-4de6-83e6-bd2357df68df','20130196',_binary '\0',NULL,'2025-07-30 06:16:30.890590',NULL,'2025-07-30 06:16:30.890590','20130196','JSP'),('f2045192-fb22-4f00-adc2-d8773f008c2d','21130444',_binary '\0',NULL,'2025-07-08 13:32:44.597121',NULL,'2025-07-08 13:32:44.597121','21130444','JDBC'),('ff571ca8-4105-4ebd-a992-6a18aac35275','21130601',_binary '\0',NULL,'2025-07-08 06:20:59.235955',NULL,'2025-07-08 06:20:59.235955','21130601','DSA');
/*!40000 ALTER TABLE `skills` ENABLE KEYS */;
UNLOCK TABLES;

--
-- Dumping data for table `sprint_resource`
--

LOCK TABLES `sprint_resource` WRITE;
/*!40000 ALTER TABLE `sprint_resource` DISABLE KEYS */;
INSERT INTO `sprint_resource` VALUES ('caf9e00b-e1c5-4b0f-9c49-2eac892a327e','565e13cb-7a4c-4f75-88f2-903a54ddc690','e3eb5efb-6dd5-46fb-bd80-f340cfc5054d'),('09a3fd3d-110c-4021-b4f2-13e32f43e261','ed30f4f9-61ee-499c-b68d-e736c3290b2a','06acc134-170d-4ef2-8adb-3edf5eb6043f'),('09a3fd3d-110c-4021-b4f2-13e32f43e261','ed30f4f9-61ee-499c-b68d-e736c3290b2a','1dedb77e-bc93-4bb3-8b43-226886d7a3b1');
/*!40000 ALTER TABLE `sprint_resource` ENABLE KEYS */;
UNLOCK TABLES;

--
-- Dumping data for table `sprints`
--

LOCK TABLES `sprints` WRITE;
/*!40000 ALTER TABLE `sprints` DISABLE KEYS */;
INSERT INTO `sprints` VALUES ('00bf93d6-7893-481b-b3a6-7536a788f22d','1000004',_binary '\0',NULL,'2025-08-03 07:39:14.848141',NULL,'2025-08-03 07:39:14.848141','1000004','2025-03-14 17:00:00.000000','2025-03-13 17:00:00.000000','2025-03-08 17:00:00.000000',10,'Học và ứng dụng Singleton và Observer pattern','86a434ee-075e-406a-9098-aea8d4ae86f0','<p>- Chọn chức năng phù hợp với mẫu và hiện thực</p><p>- Ghi tài liệu</p>'),('00f6f2eb-2153-40a6-b2f3-8f4837ba3a3c','1000005',_binary '\0',NULL,'2025-07-29 15:17:26.394015',NULL,'2025-07-29 15:17:26.394015','1000005','2025-05-31 00:00:00.000000','2025-05-28 00:00:00.000000','2025-05-25 00:00:00.000000',10,'Hiện thực chức năng đặc biệt','26b84f37-a0bb-4d11-8cc4-785e7707dfbb','- Hiện thực chức năng đặc biệt của đề tài'),('018a1ba5-dda1-4179-b73e-176e6693a371','1000005',_binary '\0',NULL,'2025-07-04 08:56:22.665524',NULL,'2025-07-04 08:56:22.665524','1000005','2025-03-14 17:00:00.000000','2025-03-04 17:00:00.000000','2025-03-01 17:00:00.000000',15,'Hiện thực chức năng sản phẩm','3d4c23db-a9f0-41d2-aa6e-5254b7f48277','<p>- Xác định các thuộc tính của sản phẩm</p><p>- 1 sản phẩm phải có 1 hoăc nhiều ảnh</p><p>- Được phép tìm kiếm sản phẩm theo nhiều tiêu chí</p><p>- Hiện thực trang danh sách sản phẩm và sản phẩm chi tiết</p>'),('02d28358-9e5a-4b65-9f56-bac4a0bffc34','1000005',_binary '\0',NULL,'2025-07-29 15:17:26.323824',NULL,'2025-07-29 15:17:26.323824','1000005','2025-05-03 00:00:00.000000','2025-04-30 00:00:00.000000','2025-04-27 00:00:00.000000',10,'Hiện thực xác thực và phân quyền','26b84f37-a0bb-4d11-8cc4-785e7707dfbb','- Ứng dụng session \n - Xác thực người dùng đã đăng ký \n - Mã hóa mật khẩu \n - Chặn người dùng vào một số trang theo quyền hạn'),('06a57b77-0290-450f-8312-db22e8c21c78','1000004',_binary '\0',NULL,'2025-07-04 08:45:18.463724',NULL,'2025-07-04 08:45:18.463724','1000004','2025-05-02 17:00:00.000000','2025-04-22 17:00:00.000000','2025-04-19 17:00:00.000000',15,'Tối ưu các mẫu đã hiện thực','7271fe01-d53f-498f-9d87-2042d6f524ab','<p>- Tối ưu các mẫu đã áp dụng vào chức năng</p>'),('07743875-1d87-4d81-8c5c-4e909871d8f0','1000004',_binary '\0',NULL,'2025-08-03 07:45:28.582639',NULL,'2025-08-03 07:45:28.582639','1000004','2025-04-18 17:00:00.000000','2025-04-17 17:00:00.000000','2025-04-05 17:00:00.000000',15,'Học và ứng dụng mô hình MVC trong xây dựng ứng dụng','86a434ee-075e-406a-9098-aea8d4ae86f0','<p>- Chọn chức năng phù hợp với mẫu và hiện thực</p><p>- Ghi tài liệu</p>'),('0a98d5b3-7a3f-4cd0-a294-b04adeccbe7c','1000005',_binary '\0',NULL,'2025-07-04 08:57:10.907838',NULL,'2025-07-04 08:57:10.907838','1000005','2025-03-21 17:00:00.000000','2025-03-16 17:00:00.000000','2025-03-15 17:00:00.000000',12,'Hiện thực chức năng giỏ hàng','3d4c23db-a9f0-41d2-aa6e-5254b7f48277','<p>- Xác định các thuộc tính của giỏ hàng</p><p>- Lưu giỏ hàng trong session</p><p>- Hiện thực chức năng thêm, xóa sản phẩm trong giỏ hàng, tăng giảm số lượng trong giỏ hàng</p>'),('0e1c0884-cd4f-4efe-85cf-ed3d6c1fce8d','1000005',_binary '\0',NULL,'2025-07-04 08:58:57.763223',NULL,'2025-07-04 08:58:57.763223','1000005','2025-03-28 17:00:00.000000','2025-03-23 17:00:00.000000','2025-03-22 17:00:00.000000',10,'Hiện thực chức mã giảm giá','3d4c23db-a9f0-41d2-aa6e-5254b7f48277','<p>- Áp dụng mã giảm giá cho đơn hàng, có giá trị tối thiểu áp dụng</p><p>- Triển khai mã giảm gía cho ngừời dùng</p>'),('14d6b9c2-92f2-4ebb-8ef6-fa89a0233449','1000005',_binary '\0',NULL,'2025-07-29 15:17:26.412393',NULL,'2025-07-29 15:17:26.412393','1000005','2025-06-07 00:00:00.000000','2025-06-04 00:00:00.000000','2025-06-01 00:00:00.000000',10,'Báo cáo cuối kì','26b84f37-a0bb-4d11-8cc4-785e7707dfbb','Chuẩn bị: \n - Tài liệu hướng dẫn sử dụng \n - Demo website'),('1b19a7f7-7e06-4a7c-a3a0-918eb14670bf','1000004',_binary '\0',NULL,'2025-08-03 07:22:49.352177',NULL,'2025-08-03 07:22:49.352177','1000004','2025-02-14 17:00:00.000000','2025-02-12 17:00:00.000000','2025-02-08 17:00:00.000000',6,'Chọn đề tài và ngôn ngữ thực hiện','86a434ee-075e-406a-9098-aea8d4ae86f0','<p>- Lựa chọn đề tài </p><p>- Lựa chọn ngôn ngữ thực hiện</p><p>- Chọn các chức năng thực hiện phù hợp với đề tài và yêu cầu giảng viên</p>'),('1d95edd7-9ceb-4e2c-af16-35735c0d39e8','1000004',_binary '\0',NULL,'2025-08-03 07:39:47.723927',NULL,'2025-08-03 07:39:47.723927','1000004','2025-03-21 17:00:00.000000','2025-03-20 17:00:00.000000','2025-03-15 17:00:00.000000',10,'Học và ứng dụng Factory Method và Abstract Factory pattern','86a434ee-075e-406a-9098-aea8d4ae86f0','<p>- Chọn chức năng phù hợp với mẫu và hiện thực</p><p>- Ghi tài liệu</p>'),('20550769-da23-4d54-983e-bdcc62d80a37','1000005',_binary '\0',NULL,'2025-07-04 09:08:11.897445',NULL,'2025-07-29 02:05:17.524616','1000005','2025-05-17 17:00:00.000000','2025-05-06 17:00:00.000000','2025-05-03 17:00:00.000000',12,'Hiện thực các chức năng đặc biệt theo  từng đề tài chuyên biệt','3d4c23db-a9f0-41d2-aa6e-5254b7f48277','<p>- Xây dựng các chức năng đặc biệt dành cho đề tài</p>'),('248f987f-a6ca-401f-af4d-776eb16310c2','1000004',_binary '\0',NULL,'2025-08-03 07:47:23.990354',NULL,'2025-08-03 07:47:23.990354','1000004','2025-05-09 17:00:00.000000','2025-05-07 17:00:00.000000','2025-05-03 17:00:00.000000',5,'Kiểm thử và báo cáo','86a434ee-075e-406a-9098-aea8d4ae86f0','<p>- Tổng hợp document, có sơ đồ kiến trúc và ảnh minh họa ứng dụng các mẫu vào chức năng</p><p><br></p>'),('28e4b229-c075-444e-bb7e-b2f27a9fd103','1000005',_binary '\0',NULL,'2025-07-04 08:59:50.087500',NULL,'2025-07-29 02:05:29.759453','1000005','2025-04-11 17:00:00.000000','2025-04-01 17:00:00.000000','2025-03-29 17:00:00.000000',12,'Hiện thực chức năng đơn hàng','3d4c23db-a9f0-41d2-aa6e-5254b7f48277','<p>- Lựa chọn phương thức thanh toán</p><p>- Xác định các trạng thái cần thiết cho đơn hàng, quá trình chuyển đổi trạng thái của đơn hàng từ</p><p>lúc bắt đầu đến khi thành công</p><p>- Hiện thực cách tính tiền cho sản phẩm</p><p>- Lưu thông tin người mua: họ tên, địa chỉ, số điện thoại</p><p>- Người dùng có thể xem các đơn hàng đã đặt của người dùng</p><p>- Quản lý cập nhập trạng thái đơn hàng cho quản lý</p><p>- Thông báo khi đặt hàng thành công</p>'),('2fec7291-d7dd-4835-853f-f3d8453487eb','1000001',_binary '\0',NULL,'2025-07-04 06:25:14.495539',NULL,'2025-07-04 06:25:14.495539','1000001','2025-04-18 17:00:00.000000','2025-04-07 17:00:00.000000','2025-04-04 17:00:00.000000',15,'Hiệu chỉnh và báo cáo','88e830a7-f240-4d0f-b8f3-bd08cfb69607','<p>- Hiệu chỉnh mô hình nếu có thể, thực hiện lại các yêu cầu ở sprint 3 và sprint 4</p><p>- Upload src code </p><p>- Chuẩn bị tài liệu báo cáo</p>'),('36524122-5b4b-47aa-8d46-d064c6cb28fd','1000003',_binary '\0',NULL,'2025-07-04 08:21:57.237432',NULL,'2025-07-04 08:21:57.237432','1000003','2025-02-28 17:00:00.000000','2025-02-18 17:00:00.000000','2025-02-15 17:00:00.000000',10,'Kiến thức Android cơ bản','139b821a-f5d0-49c8-9f26-da68e54d59a2','<p>- Học các kiến thức về Page, Fragment, Navigate, Animation</p><p>- Xây dựng thành phần giao diện bằng XML</p><p>- Xây dựng prototype cho các giao diện cơ bản</p><p>- Phân tích, tổ chức mã nguồn cho dự án</p>'),('49dd8be6-7191-430b-acae-501c1bee2770','1000004',_binary '\0',NULL,'2025-08-03 07:35:15.052916',NULL,'2025-08-03 07:35:15.052916','1000004','2025-02-28 17:00:00.000000','2025-02-26 17:00:00.000000','2025-02-15 17:00:00.000000',15,'Tìm hiểu các tính chât của OOP','86a434ee-075e-406a-9098-aea8d4ae86f0','<p>- Tìm hiểu 4 tính chất OOP</p><p>- Học nguyên tắc vẽ Use Case Diagram</p><p>- Học nguyên tắc vẽ Class Diagram</p><p>- Học về khái niệm và ứng dụng của Class, Abstract, Interface, Instance</p><p>- Hiện thực các chức năng đã đề ra bằng phương pháp OOP</p>'),('4af885f3-a68c-4204-8840-2a1c179222a4','1000004',_binary '\0',NULL,'2025-07-04 08:34:14.632668',NULL,'2025-08-02 08:21:07.641751','1000004','2025-02-28 17:00:00.000000','2025-02-18 17:00:00.000000','2025-02-15 17:00:00.000000',10,'Tìm hiểu các tính chât của OOP','7271fe01-d53f-498f-9d87-2042d6f524ab','<p>- Tìm hiểu 4 tính chất OOP</p><p>- Học nguyên tắc vẽ Use Case Diagram</p><p>- Học nguyên tắc vẽ Class Diagram</p><p>- Học về khái niệm và ứng dụng của Class, Abstract, Interface, Instance</p><p>- Hiện thực các chức năng đã đề ra bằng phương pháp OOP</p>'),('4bccc8ff-e9e3-43ec-b037-a2df9987185e','1000004',_binary '\0',NULL,'2025-07-04 08:33:06.700710',NULL,'2025-07-04 08:33:06.700710','1000004','2025-02-14 17:00:00.000000','2025-02-09 17:00:00.000000','2025-02-08 17:00:00.000000',10,'Chọn đề tài và ngôn ngữ thực hiện','7271fe01-d53f-498f-9d87-2042d6f524ab','<p>- Lựa chọn đề tài </p><p>- Lựa chọn ngôn ngữ thực hiện</p><p>- Chọn các chức năng thực hiện phù hợp với đề tài và yêu cầu giảng viên</p>'),('4c814469-68fa-494a-9e93-90ccff9d6eaa','1000002',_binary '\0',NULL,'2025-07-04 08:13:41.590556',NULL,'2025-07-04 08:13:41.590556','1000002','2025-05-09 17:00:00.000000','2025-05-04 17:00:00.000000','2025-05-03 17:00:00.000000',10,'Kiểm thử và báo cáo','792e6f85-582a-4f65-a50d-e7c59cefb7b2','<p>- Kiểm thử toàn bộ ứng dụng</p><p>- Chuẩn bị usecase diagram</p><p>- Chuẩn bị ERD</p><p>- Chuẩn bị ứng dụng</p>'),('4d8b7804-ba53-497d-8f69-3ecbe2ba6c05','1000004',_binary '\0',NULL,'2025-08-03 07:40:42.876771',NULL,'2025-08-03 07:40:42.876771','1000004','2025-03-28 17:00:00.000000','2025-03-25 17:00:00.000000','2025-03-22 17:00:00.000000',8,'Học và ứng dụng Decorator và Iterator pattern','86a434ee-075e-406a-9098-aea8d4ae86f0','<p>- Chọn chức năng phù hợp với mẫu và hiện thực</p><p>- Ghi tài liệu</p>'),('50b47ab0-c2b8-4bfd-95bf-c35023aaf198','1000001',_binary '\0',NULL,'2025-07-04 06:15:42.316107',NULL,'2025-07-04 06:23:07.244545','1000001','2025-03-19 17:00:00.000000','2025-03-08 17:00:00.000000','2025-03-05 17:00:00.000000',20,'Lựa chọn mô hình và huấn luyện','88e830a7-f240-4d0f-b8f3-bd08cfb69607','<p>- Lựa chọn mô hình (1 hoặc nhiều), ghi nhận điểm mạnh và yếu của tứng mô hình</p><p>- Lựa chọn tham số cho mô hình</p><p>- Tiến hành huấn luyện mô hình dựa trên dataset đã tiền xử lý, ghi nhận các kết quả thu được tại mỗi mô hình</p><p>- Lập các sơ đồ thống kê kết quả như confusion matrix, từ đó chọn ra mô hình thu nhận được kết quả tốt nhất</p>'),('542b89e4-501f-418c-8e43-890f945e847a','1000004',_binary '\0',NULL,'2025-08-03 07:38:25.537897',NULL,'2025-08-03 07:38:25.537897','1000004','2025-03-07 17:00:00.000000','2025-03-06 17:00:00.000000','2025-03-01 17:00:00.000000',6,'Học và ứng dụng Strategy','86a434ee-075e-406a-9098-aea8d4ae86f0','<p>- Chọn chức năng phù hợp với mẫu và hiện thực</p><p>- Ghi tài liệu</p>'),('55737e22-cac3-411e-96a1-b5b1a1488b61','1000005',_binary '\0',NULL,'2025-07-29 15:17:26.374783',NULL,'2025-07-29 15:17:26.374783','1000005','2025-05-24 00:00:00.000000','2025-05-21 00:00:00.000000','2025-05-18 00:00:00.000000',10,'Hiện thực chức năng đơn hàng','26b84f37-a0bb-4d11-8cc4-785e7707dfbb','- Hiện thực cách tính tiền cho sản phẩm \n - Người dùng có thể xem các đơn hàng đã đặt của người dùng \n - Quản lý cập nhật trạng thái đơn hàng cho quản lý'),('565e13cb-7a4c-4f75-88f2-903a54ddc690','1000005',_binary '\0',NULL,'2025-07-04 08:52:37.772033',NULL,'2025-07-29 02:05:03.892617','1000005','2025-02-14 17:00:00.000000','2025-02-09 17:00:00.000000','2025-02-08 17:00:00.000000',10,'Tìm hiểu bải toán','3d4c23db-a9f0-41d2-aa6e-5254b7f48277','<p>- Chọn đề tài</p><p>- Ghi nhận các yêu cầu chung của giảng viên</p><p>- Ghi nhận các kiến thức và điểm mạnh của các thành viên</p><p>- Thiết lập khu vực lưu trữ code cho nhóm trên Github</p>'),('5b1751c1-f7f6-42f3-b556-2db391f9527a','1000005',_binary '\0',NULL,'2025-07-29 15:17:26.340605',NULL,'2025-07-29 15:17:26.340605','1000005','2025-05-10 00:00:00.000000','2025-05-07 00:00:00.000000','2025-05-04 00:00:00.000000',10,'Hiện thực chức năng sản phẩm','26b84f37-a0bb-4d11-8cc4-785e7707dfbb','- Được phép tìm kiếm sản phẩm theo nhiều tiêu chí \n - Có trang sản phẩm bán chạy \n - Sản phẩm có nhiều ảnh, nhiều lựa chọn \n - Có giao diện admin tạo sản phẩm'),('5d57fb7a-7aab-4264-a6cf-12fc55f5093d','1000005',_binary '\0',NULL,'2025-07-04 08:55:31.632635',NULL,'2025-07-04 08:55:31.632635','1000005','2025-02-28 17:00:00.000000','2025-02-23 17:00:00.000000','2025-02-22 17:00:00.000000',10,'Hiện thực chức năng đăng nhập,  đăng ký người dùng và phân quyền','3d4c23db-a9f0-41d2-aa6e-5254b7f48277','<p>- Ứng dụng session vào chức năng đăng nhập</p><p>- Hiện thực chức năng đăng ký</p><p>- Xác thực người dùng đã đăng ký</p><p>- Mã hóa mật khẩu</p><p>- Chặn người dùng vào môt số trang theo quyền hạn </p><p>- Phân quyền cho khách hàng và quản lý</p>'),('697b373f-2d73-48e9-90d4-ab516cc7d2aa','1000002',_binary '\0',NULL,'2025-07-04 08:08:17.994815',NULL,'2025-07-04 08:08:17.994815','1000002','2025-04-25 17:00:00.000000','2025-04-15 17:00:00.000000','2025-04-12 17:00:00.000000',15,'Các chức năng đặc biệt','792e6f85-582a-4f65-a50d-e7c59cefb7b2','<p>- Hiện thực các chức năng đặc biệt mà đã đề ra ở usecase</p>'),('6a01e474-92f2-440e-9cc1-c1041de2e1be','1000004',_binary '\0',NULL,'2025-07-04 08:42:22.778899',NULL,'2025-07-04 08:42:22.778899','1000004','2025-03-28 17:00:00.000000','2025-03-23 17:00:00.000000','2025-03-22 17:00:00.000000',8,'Học và ứng dụng Decorator và Iterator pattern','7271fe01-d53f-498f-9d87-2042d6f524ab','<p>- Chọn chức năng phù hợp với mẫu và hiện thực</p><p>- Ghi tài liệu</p>'),('746d0e99-8024-4fd8-8851-0ff42317774a','1000001',_binary '\0',NULL,'2025-07-23 17:10:11.838549',NULL,'2025-07-23 17:10:11.838549','1000001','2025-03-03 17:00:00.000000','2025-02-28 17:00:00.000000','2025-02-24 17:00:00.000000',15,'Lựa chọn mô hình','f228ad1b-f250-41b6-ab6e-7979a8c78a52','<p>Ở sprint này sinh viên lựa chọn mô hình cho bài toán</p><p>Lựa chọn 3 - 4 mô hình</p><p>Thực hiện nạp dữ liệu đã tiền xử lý</p><p>Ghi nhận lại kết quả giữa các mô hình</p><p>Rút ra mô hình sử dụng chính</p>'),('8b238fa2-6e02-47b0-8343-bd97d791ae65','1000003',_binary '\0',NULL,'2025-07-04 08:28:35.394747',NULL,'2025-07-04 08:28:35.394747','1000003','2025-04-25 17:00:00.000000','2025-04-20 17:00:00.000000','2025-04-19 17:00:00.000000',10,'Chuẩn bị và báo cáo','139b821a-f5d0-49c8-9f26-da68e54d59a2','<p>- Cung cấp tài liệu (hệ thống, giới thiệu đề tài, hướng dẫn sử dụng)</p><p>- Ứng dụng đã hiện thực</p>'),('8bace90b-9f85-46b3-9411-8e098ba21c6e','1000005',_binary '\0',NULL,'2025-07-29 15:17:26.356487',NULL,'2025-07-29 15:17:26.356487','1000005','2025-05-17 00:00:00.000000','2025-05-14 00:00:00.000000','2025-05-11 00:00:00.000000',10,'Hiện thực chức năng giỏ hàng','26b84f37-a0bb-4d11-8cc4-785e7707dfbb','- Lưu giỏ hàng trong session \n - Phân biệt các sản phẩm giống và khác nhau khi thêm vào giỏ hàng'),('8e395f10-31a4-4e06-b450-52d7c50da7e0','1000004',_binary '\0',NULL,'2025-07-04 08:37:12.650674',NULL,'2025-07-04 08:37:21.475669','1000004','2025-03-14 17:00:00.000000','2025-03-10 17:00:00.000000','2025-03-08 17:00:00.000000',10,'Học và ứng dụng Singleton và Observer pattern','7271fe01-d53f-498f-9d87-2042d6f524ab','<p>- Chọn chức năng phù hợp với mẫu và hiện thực</p><p>- Ghi tài liệu</p>'),('9000c302-d92f-436d-a59e-c1de271cbe87','1000005',_binary '\0',NULL,'2025-07-29 15:17:26.308642',NULL,'2025-07-29 15:17:26.308642','1000005','2025-04-26 00:00:00.000000','2025-04-23 00:00:00.000000','2025-04-20 00:00:00.000000',5,'Báo cáo giữa kì','26b84f37-a0bb-4d11-8cc4-785e7707dfbb','Chuẩn bị: \n - Tài liệu kết quả làm việc \n - Demo giao diện'),('94b4cde8-df2d-4241-a80a-d79fffaafd45','1000001',_binary '\0',NULL,'2025-07-04 06:13:18.718821',NULL,'2025-07-04 06:22:52.866304','1000001','2025-03-04 17:00:00.000000','2025-02-21 17:00:00.000000','2025-02-18 17:00:00.000000',20,'Xử lý Dataset','88e830a7-f240-4d0f-b8f3-bd08cfb69607','<p>- Thống kê đối với mỗi tập dataset tìm được</p><p>- Tiền xử lý dữ liệu cho từng tập dataset bằng các phương pháp, thực hiện thống kê  sau khi tiền xử lý</p><p>- Ghi nhận các kết quả vào tài liệu</p>'),('99157455-4dac-4bd4-a540-f43c0fd93145','1000004',_binary '\0',NULL,'2025-07-04 08:43:46.246538',NULL,'2025-07-04 08:43:46.246538','1000004','2025-04-04 17:00:00.000000','2025-03-30 17:00:00.000000','2025-03-29 17:00:00.000000',8,'Học và ứng dụng Template Method và Visitor pattern','7271fe01-d53f-498f-9d87-2042d6f524ab','<p>- Chọn chức năng phù hợp với mẫu và hiện thực</p><p>- Ghi tài liệu</p>'),('99d36620-1576-4e19-99fb-c132541b860f','1000002',_binary '\0',NULL,'2025-07-04 07:47:41.511143',NULL,'2025-07-04 07:47:41.511143','1000002','2025-03-07 17:00:00.000000','2025-02-26 17:00:00.000000','2025-02-23 17:00:00.000000',20,'Thiết kế','792e6f85-582a-4f65-a50d-e7c59cefb7b2','<p>- Vẽ usecase diagram</p><p>- Vẽ kiến trúc hạ tầng, nền tảng thực hiện</p><p>- Các công nghệ sử dụng, thiết lập khu vực làm việc cho nhóm</p><p>- Trình bày kế hoạch của dự án thông qua PPT</p>'),('9a767bf6-8caf-43d2-b1d2-2e00b54bd6a7','1000003',_binary '\0',NULL,'2025-07-04 08:27:06.946410',NULL,'2025-07-04 08:27:06.946410','1000003','2025-04-11 17:00:00.000000','2025-04-01 17:00:00.000000','2025-03-29 17:00:00.000000',20,'Hiện thực Admin Module','139b821a-f5d0-49c8-9f26-da68e54d59a2','<p>- Hiện thực các chức năng quản lý cho các thực thể chuyên biệt của đề tài</p><p>VD: nếu bán hàng thì phải có chức năng tạo sản phẩm, ứng dụng nghe nhạc thì phải có chức năng tải nhạc</p>'),('9d2d20a1-f820-4c32-9fab-cbc63a86a98d','1000001',_binary '\0',NULL,'2025-07-23 17:30:30.215776',NULL,'2025-07-23 17:30:30.215776','1000001','2025-04-03 17:00:00.000000','2025-04-01 17:00:00.000000','2025-03-27 17:00:00.000000',10,'Chuẩn bị nộp bài','f228ad1b-f250-41b6-ab6e-7979a8c78a52','<p>Chuẩn bị tài liệu</p><p>Chuẩn bị video demo</p>'),('9ebb1a1a-bbf5-4724-9692-fd08a591164b','1000004',_binary '\0',NULL,'2025-07-04 08:47:24.326636',NULL,'2025-08-02 08:21:20.466728','1000004','2025-05-09 17:00:00.000000','2025-05-04 17:00:00.000000','2025-05-03 17:00:00.000000',5,'Kiểm thử và báo cáo','7271fe01-d53f-498f-9d87-2042d6f524ab','<p>- Tổng hợp document, có sơ đồ kiến trúc và ảnh minh họa ứng dụng các mẫu vào chức năng</p>'),('bbfc8df2-5eb2-4a78-84d1-1e65beddd6f3','1000004',_binary '\0',NULL,'2025-07-04 08:44:35.347330',NULL,'2025-07-04 08:44:35.347330','1000004','2025-04-18 17:00:00.000000','2025-04-08 17:00:00.000000','2025-04-05 17:00:00.000000',15,'Học và ứng dụng mô hình MVC trong xây dựng ứng dụng','7271fe01-d53f-498f-9d87-2042d6f524ab','<p>- Chọn chức năng phù hợp với mẫu và hiện thực</p><p>- Ghi tài liệu</p>'),('bbfddaeb-dea5-4178-b067-e0fa8812c338','1000005',_binary '\0',NULL,'2025-07-29 15:17:26.254700',NULL,'2025-07-29 15:17:26.254700','1000005','2025-03-22 00:00:00.000000','2025-03-15 12:00:00.000000','2025-03-09 00:00:00.000000',10,'Phân tích đề tài','26b84f37-a0bb-4d11-8cc4-785e7707dfbb','- Chọn đề tài \n - Ghi nhận các yêu cầu chung của giảng viên \n - Ghi nhận các kiến thức và điểm mạnh của các thành viên \n - Thiết lập khu vực lưu trữ code cho nhóm trên Github'),('bc3884ae-e246-4001-857c-b2ddd16ec442','1000001',_binary '\0',NULL,'2025-07-23 17:08:07.617769',NULL,'2025-07-23 17:08:07.617769','1000001','2025-02-23 17:00:00.000000','2025-02-21 17:00:00.000000','2025-02-16 17:00:00.000000',10,'Xử lý dữ liệu','f228ad1b-f250-41b6-ab6e-7979a8c78a52','<p>Thưc hiện tiền xử lý dữ liệu.</p><p>Báo cáo kết quả thu được ở cuối mỗi sprint</p>'),('be992de1-8f5a-4c5b-8158-2d7ae3c7ab38','1000001',_binary '\0',NULL,'2025-07-04 06:24:11.400982',NULL,'2025-07-04 06:24:11.400982','1000001','2025-04-03 17:00:00.000000','2025-03-23 17:00:00.000000','2025-03-20 17:00:00.000000',15,'Ứng dụng','88e830a7-f240-4d0f-b8f3-bd08cfb69607','<p>- Xây dựng giao diện ứng dụng để sử dụng mô hình (nếu có)</p><p>- Áp dụng mô hình vào dữ liệu thực tế, ghi nhận kết quả</p>'),('c4389934-e970-4cab-9330-2d517122d28d','1000005',_binary '\0',NULL,'2025-07-29 15:17:26.292252',NULL,'2025-07-29 15:17:26.292252','1000005','2025-04-19 00:00:00.000000','2025-04-12 12:00:00.000000','2025-04-06 00:00:00.000000',15,'Thiết kế template','26b84f37-a0bb-4d11-8cc4-785e7707dfbb','- Thiết kế template cho các page \n - Thiết kế template cho các trang'),('c469d85a-a19c-4411-88ca-c0041af4f8e5','1000003',_binary '\0',NULL,'2025-07-04 08:20:18.520837',NULL,'2025-07-04 08:20:18.520837','1000003','2025-02-14 17:00:00.000000','2025-02-09 17:00:00.000000','2025-02-08 17:00:00.000000',10,'Tìm hiểu công nghệ sử dụng','139b821a-f5d0-49c8-9f26-da68e54d59a2','<p>- Nền tảng phát triển Android hoặc IOS</p><p>- Lựa chọn đề tài (có phần admin để quản lý nếu là bài toán bán hàng)</p><p>- Phân tích usecase của đề tài, liệt kê các chức năng cần thiết</p><p>- Xây dựng quy tắc làm việc cho nhóm, thiết lập Version control</p>'),('ca990a18-1ecf-4677-b4f5-ff3f9c679fe3','1000002',_binary '\0',NULL,'2025-07-04 08:12:31.161494',NULL,'2025-07-04 08:12:31.161494','1000002','2025-05-02 17:00:00.000000','2025-04-28 17:00:00.000000','2025-04-26 17:00:00.000000',15,'Hiện thực các chức năng bổ sung','792e6f85-582a-4f65-a50d-e7c59cefb7b2','<p>- Hiện thực review sản phẩm</p><p>- Điều chỉnh lại các UI của các phần đã làm</p><p>- Bổ sung các trang giới thiệu còn thiếu</p>'),('cd36124d-d149-4e1b-a716-63db9678cf63','1000001',_binary '\0',NULL,'2025-07-23 17:13:14.968207',NULL,'2025-07-23 17:29:21.775614','1000001','2025-03-26 17:00:00.000000','2025-03-21 17:00:00.000000','2025-03-12 17:00:00.000000',10,'Ứng dụng','f228ad1b-f250-41b6-ab6e-7979a8c78a52','<p>Ứng dụng mô hình vào 1 platform bất kì</p>'),('d1e3dfdf-dfac-4693-bb79-fa08d8aad9fc','1000002',_binary '\0',NULL,'2025-07-04 07:28:08.003470',NULL,'2025-07-04 07:30:36.341795','1000002','2025-02-15 17:00:00.000000','2025-02-10 17:00:00.000000','2025-02-09 17:00:00.000000',10,'Khái niệm và kiến thức liên quan','792e6f85-582a-4f65-a50d-e7c59cefb7b2','<p>- Business Model : B2C, B2B</p><p>- Keyword Business</p><p>- Business Plan</p><p>- Các kiến thức liên quan đến doanh thu, vốn.</p><p>- Các yêu cầu kỹ thuật cần thiết cho thương mại điện tử</p>'),('d7111352-035f-46fa-9d96-85812f81b0f4','1000003',_binary '\0',NULL,'2025-07-04 08:26:19.061390',NULL,'2025-07-04 08:26:19.061390','1000003','2025-03-28 17:00:00.000000','2025-03-18 17:00:00.000000','2025-03-15 17:00:00.000000',20,'Hiện thực Business Module','139b821a-f5d0-49c8-9f26-da68e54d59a2','<p>- Hiện thực các chức năng chuyên biệt theo đề tài đã chọn</p>'),('d74cdee3-a4fc-44b4-bd90-1e53bec5cad1','1000005',_binary '\0',NULL,'2025-07-29 15:17:26.275888',NULL,'2025-07-29 15:17:26.275888','1000005','2025-04-05 00:00:00.000000','2025-03-29 12:00:00.000000','2025-03-23 00:00:00.000000',10,'Phân tích cơ sở dữ liệu','26b84f37-a0bb-4d11-8cc4-785e7707dfbb','- Phân tích yêu cầu và chuẩn bị kiến thức \n - Xây dựng ERD'),('dd34ecaf-9783-4b03-b211-edc72a3e5f31','1000004',_binary '\0',NULL,'2025-07-04 08:39:43.705417',NULL,'2025-07-04 08:39:43.705417','1000004','2025-03-21 17:00:00.000000','2025-03-16 17:00:00.000000','2025-03-15 17:00:00.000000',10,'Học và ứng dụng Factory Method và Abstract Factory pattern','7271fe01-d53f-498f-9d87-2042d6f524ab','<p>- Chọn chức năng phù hợp với mẫu và hiện thực</p><p>- Ghi tài liệu</p>'),('de1a9928-7d90-4b22-9f2c-1c1977a9b1d3','1000005',_binary '\0',NULL,'2025-07-04 08:54:40.635421',NULL,'2025-07-04 08:54:40.635421','1000005','2025-02-21 17:00:00.000000','2025-02-16 17:00:00.000000','2025-02-15 17:00:00.000000',12,'Phân tích yêu cầu và chuẩn bị kiến thức','3d4c23db-a9f0-41d2-aa6e-5254b7f48277','<p>- Phân tích yêu cầu và chuẩn bị kiến thức</p><p>- Xây dựng ERD</p>'),('dea18fd8-488a-4ba4-ab67-465749cc8498','1000003',_binary '\0',NULL,'2025-07-04 08:23:12.561275',NULL,'2025-07-04 08:23:12.561275','1000003','2025-03-07 17:00:00.000000','2025-03-02 17:00:00.000000','2025-03-01 17:00:00.000000',10,'Hiện thực Auth module','139b821a-f5d0-49c8-9f26-da68e54d59a2','<p>- Chọn cách thức xác thực người dùng (session hoặc token)</p><p>- Hiện thực chức năng đăng nhập</p><p>- Hiện thực chức năng đăng ký và xác thực người dùng</p><p>- Bảo vệ các trang mà người dùng không được truy cập</p>'),('e3fcd8e9-d658-4bbe-bb8f-6bf08a593ad3','1000003',_binary '\0',NULL,'2025-07-04 08:24:11.881899',NULL,'2025-07-04 08:24:11.881899','1000003','2025-03-14 17:00:00.000000','2025-03-09 17:00:00.000000','2025-03-08 17:00:00.000000',10,'Hiện thực User Module','139b821a-f5d0-49c8-9f26-da68e54d59a2','<p>- Hiện thực cập nhập thông tin người dùng</p><p>- Hiện thực chức năng đổi mật khẩu</p>'),('eb648995-761c-42b7-9a55-2e2a8d67acae','1000002',_binary '\0',NULL,'2025-07-04 07:49:56.718423',NULL,'2025-07-04 07:49:56.718423','1000002','2025-03-14 17:00:00.000000','2025-03-10 17:00:00.000000','2025-03-08 17:00:00.000000',10,'Hiện thực chức người dùng','792e6f85-582a-4f65-a50d-e7c59cefb7b2','<p>- Đăng nhập, đăng ký, phâ quyền (tối thiểu 3 vai trò)</p><p>- Thay đổi thông tin cá nhân, avatar</p><p>- Thay đổi mật khẩu, quên mật khẩu</p><p>- Quản lý người dùng cho admin</p>'),('ed2bc749-adac-4f85-b07d-93f7dce64a41','1000001',_binary '\0',NULL,'2025-07-23 17:12:18.417671',NULL,'2025-07-23 17:12:18.417671','1000001','2025-03-11 17:00:00.000000','2025-03-09 17:00:00.000000','2025-03-04 17:00:00.000000',20,'Tối ưu mô hình','f228ad1b-f250-41b6-ab6e-7979a8c78a52','<p>Sinh viên thực hiện tối ưu mô hình ở sprint trước</p><p>Làm bảng so sánh trước và sau khi tối ưu</p>'),('ed30f4f9-61ee-499c-b68d-e736c3290b2a','1000001',_binary '\0',NULL,'2025-07-23 17:06:41.862015',NULL,'2025-07-23 17:06:41.862015','1000001','2025-02-15 17:00:00.000000','2025-02-13 17:00:00.000000','2025-02-08 17:00:00.000000',10,'Chọn đề tài','f228ad1b-f250-41b6-ab6e-7979a8c78a52','<p>Chọn đề tài</p><p>Báo cáo đề tài cuối sprint</p>'),('ed56cfbc-3019-48c5-9109-e97c30d0e4f5','1000001',_binary '\0',NULL,'2025-07-04 05:56:20.074907',NULL,'2025-07-04 06:20:13.514216','1000001','2025-02-16 17:00:00.000000','2025-02-11 17:00:00.000000','2025-02-09 17:00:00.000000',12,'Chọn đề tài và chuẩn bị','88e830a7-f240-4d0f-b8f3-bd08cfb69607','<p>- Chọn đề tài</p><p>- Xây dựng yêu cầu cần đạt đối với đề tài đã chọn</p><p>- Chuẩn bị các kiến thức cần thiết đối với các mô hình sẽ thực hiện</p><p>- Chuẩn bị không gian lưu trữ document và source code (sử dụng google collab)</p><p>- Chọn các dataset có khả năng thực thi đối với đề tài (Quan trọng)</p>'),('f19b6b33-be76-4d2b-b85d-dbd4caf3da1d','1000004',_binary '\0',NULL,'2025-07-04 08:36:13.239436',NULL,'2025-07-04 08:36:26.919322','1000004','2025-03-07 17:00:00.000000','2025-03-02 17:00:00.000000','2025-03-01 17:00:00.000000',8,'Học và ứng dụng Strategy','7271fe01-d53f-498f-9d87-2042d6f524ab','<p>- Chọn chức năng phù hợp với mẫu và hiện thực</p><p>- Ghi tài liệu</p>'),('f47550be-910c-44a4-b293-eab3ee6aca92','1000002',_binary '\0',NULL,'2025-07-04 07:52:30.935276',NULL,'2025-07-04 07:52:30.935276','1000002','2025-03-28 17:00:00.000000','2025-03-18 17:00:00.000000','2025-03-15 17:00:00.000000',20,'Hiện thực chức năng  liên quan đến sản phẩm kinh doanh','792e6f85-582a-4f65-a50d-e7c59cefb7b2','<p>- Hiển thị danh sách sản phẩm, hỗ trợ lọc theo giá, thể loại,... thông qua URL</p><p>- Xem chi tiết sản phẩm, có phần thống kê đánh giá, bình luận</p><p>- Xây dựng một số trang hiển thị sản phẩm đặc biệt như sản phẩm bán chạy, sản phẩm mới</p><p>- Quản lý sản phẩm dành cho admin</p>'),('f4b01b71-8ab6-4291-8fee-135a8f7c0d94','1000003',_binary '\0',NULL,'2025-07-04 08:27:43.280819',NULL,'2025-07-04 08:27:43.280819','1000003','2025-04-18 17:00:00.000000','2025-04-13 17:00:00.000000','2025-04-12 17:00:00.000000',10,'Kiểm thử và đóng gói','139b821a-f5d0-49c8-9f26-da68e54d59a2','<p>- Kiểm thử toàn bộ luồng chạy của ứng dụng</p><p>- Fix các lỗi liên quan đến giao diện và business nếu có</p><p>- Có thể lựa chọn đóng gói ứng dụng </p>'),('f87463f4-3d2c-49f1-9f20-a4510eb0728f','1000002',_binary '\0',NULL,'2025-07-04 07:34:14.409154',NULL,'2025-07-04 07:34:14.409154','1000002','2025-02-22 17:00:00.000000','2025-02-18 17:00:00.000000','2025-02-16 17:00:00.000000',16,'Chuẩn bị bài toán','792e6f85-582a-4f65-a50d-e7c59cefb7b2','<p>- Lựa chọn lĩnh vực kinh doanh</p><p>- Thiết kế slide thuyết trình để trình bày dự án</p><p>- Lựa chọn công nghệ và nền tảng hiện thực</p><p>- Lựa chọn chức năng, vẽ usecase diagram</p>'),('f8bdf08c-c32d-4863-86b2-44a36a756fac','1000002',_binary '\0',NULL,'2025-07-04 07:57:06.189675',NULL,'2025-07-04 07:57:06.189675','1000002','2025-04-11 17:00:00.000000','2025-04-01 17:00:00.000000','2025-03-29 17:00:00.000000',20,'Hiện thực chức năng cho đơn hành  và thanh toán','792e6f85-582a-4f65-a50d-e7c59cefb7b2','<p>- Hiện thực giỏ hàng</p><p>- Tạo đơn hàng, ghi nhận lại các thông tin người nhận và không được thay đổi</p><p>- Lấy địa chỉ tỉnh thành, có thể lựa chọn tính giá vận chuyển</p><p>- Tích hợp thanh toán của ví điện từ phổ biến</p><p>- Trang quản lý đơn hàng cho khách hàng và admin</p><p>- Admin được thay đổi trạng thái đơn hàng với các ràng buộc</p>'),('fb4952a3-6fbb-416b-92b3-d13f835e0de6','1000004',_binary '\0',NULL,'2025-08-03 07:46:04.151066',NULL,'2025-08-03 07:46:14.593097','1000004','2025-05-02 17:00:00.000000','2025-04-23 17:00:00.000000','2025-04-19 17:00:00.000000',10,'Tối ưu các mẫu đã hiện thực','86a434ee-075e-406a-9098-aea8d4ae86f0','<p>- Tối ưu các mẫu đã áp dụng vào chức năng</p>'),('fca63275-f3b3-4839-b287-a8b7474dd393','1000004',_binary '\0',NULL,'2025-08-03 07:42:38.390182',NULL,'2025-08-03 07:42:38.390182','1000004','2025-04-04 17:00:00.000000','2025-04-02 17:00:00.000000','2025-03-29 17:00:00.000000',8,'Học và ứng dụng Template Method và Visitor pattern','86a434ee-075e-406a-9098-aea8d4ae86f0','<p>- Chọn chức năng phù hợp với mẫu và hiện thực</p><p>- Ghi tài liệu</p>');
/*!40000 ALTER TABLE `sprints` ENABLE KEYS */;
UNLOCK TABLES;

--
-- Dumping data for table `user_course_relation`
--

LOCK TABLES `user_course_relation` WRITE;
/*!40000 ALTER TABLE `user_course_relation` DISABLE KEYS */;
INSERT INTO `user_course_relation` VALUES (10,'a15abf92-54c1-11f0-b992-0242ac150005','29494edf-a498-48f4-85e1-e33775976468'),(5,'a15b361c-54c1-11f0-b992-0242ac150005','4527de36-9be4-4ba3-994d-f6276f6c67c0'),(5,'a15b361c-54c1-11f0-b992-0242ac150005','877fd8ab-c4ee-4109-812c-965f17c590f1'),(10,'a15b37e6-54c1-11f0-b992-0242ac150005','0efffdb4-b730-4f32-b930-79dddc45554a'),(8,'a15b37e6-54c1-11f0-b992-0242ac150005','0fbf8da7-6caa-46bc-a29b-ee41767323dd'),(10,'a15b37e6-54c1-11f0-b992-0242ac150005','1e999da3-163f-4a7c-84cd-2678f6ca565d'),(8,'a15b37e6-54c1-11f0-b992-0242ac150005','29494edf-a498-48f4-85e1-e33775976468'),(10,'a15b37e6-54c1-11f0-b992-0242ac150005','4527de36-9be4-4ba3-994d-f6276f6c67c0'),(8.5,'a15b37e6-54c1-11f0-b992-0242ac150005','4587115e-b26e-4761-8de8-41826f97d842'),(8,'a15b37e6-54c1-11f0-b992-0242ac150005','8525cbcd-87f7-4826-96d2-05ef5a536c9b'),(5,'a15b37e6-54c1-11f0-b992-0242ac150005','877fd8ab-c4ee-4109-812c-965f17c590f1'),(5,'a15b37e6-54c1-11f0-b992-0242ac150005','98ce5b27-54d9-4787-8bf8-e0ab8b027b04'),(10,'a15b37e6-54c1-11f0-b992-0242ac150005','d1aca7d1-1754-4931-a600-e6d30953b632'),(5,'a15b37e6-54c1-11f0-b992-0242ac150005','d48742db-1f1a-4bf1-aeef-1865a47b5d09'),(5,'a15b37e6-54c1-11f0-b992-0242ac150005','e8940cd9-c8f9-4bd8-97b6-be4f7b8536e7'),(10,'a15b3924-54c1-11f0-b992-0242ac150005','0efffdb4-b730-4f32-b930-79dddc45554a'),(6.5,'a15b3924-54c1-11f0-b992-0242ac150005','0fbf8da7-6caa-46bc-a29b-ee41767323dd'),(10,'a15b3924-54c1-11f0-b992-0242ac150005','1e999da3-163f-4a7c-84cd-2678f6ca565d'),(8,'a15b3924-54c1-11f0-b992-0242ac150005','29494edf-a498-48f4-85e1-e33775976468'),(10,'a15b3924-54c1-11f0-b992-0242ac150005','4527de36-9be4-4ba3-994d-f6276f6c67c0'),(7,'a15b3924-54c1-11f0-b992-0242ac150005','4587115e-b26e-4761-8de8-41826f97d842'),(7.5,'a15b3924-54c1-11f0-b992-0242ac150005','8525cbcd-87f7-4826-96d2-05ef5a536c9b'),(5,'a15b3924-54c1-11f0-b992-0242ac150005','877fd8ab-c4ee-4109-812c-965f17c590f1'),(5,'a15b3924-54c1-11f0-b992-0242ac150005','98ce5b27-54d9-4787-8bf8-e0ab8b027b04'),(10,'a15b3924-54c1-11f0-b992-0242ac150005','d1aca7d1-1754-4931-a600-e6d30953b632'),(7,'a15b3924-54c1-11f0-b992-0242ac150005','d48742db-1f1a-4bf1-aeef-1865a47b5d09'),(5,'a15b3924-54c1-11f0-b992-0242ac150005','e8940cd9-c8f9-4bd8-97b6-be4f7b8536e7'),(8,'a15b3aa2-54c1-11f0-b992-0242ac150005','29494edf-a498-48f4-85e1-e33775976468'),(8,'a15b3bbe-54c1-11f0-b992-0242ac150005','29494edf-a498-48f4-85e1-e33775976468'),(8,'a15b3be2-54c1-11f0-b992-0242ac150005','29494edf-a498-48f4-85e1-e33775976468');
/*!40000 ALTER TABLE `user_course_relation` ENABLE KEYS */;
UNLOCK TABLES;

--
-- Dumping data for table `users`
--

LOCK TABLES `users` WRITE;
/*!40000 ALTER TABLE `users` DISABLE KEYS */;
INSERT INTO `users` VALUES ('0ddff544-bc3b-420d-b503-312315fd770d','anonymousUser',_binary '\0',NULL,'2025-07-29 15:54:22.937247',NULL,'2025-07-29 15:54:22.937247','anonymousUser',NULL,'21130042@st.hcmuaf.edu.vn','Nguyễn Võ Trường Giang','$2a$10$lBZI2OqFF4quHMlOqM2unOqMUbygWkUGM6B5NK.hWRt6x0q5KPj3G','21130042',NULL,'f7b5f96a-0874-11f0-91a0-0242ac120002',NULL),('0efffdb4-b730-4f32-b930-79dddc45554a','anonymousUser',_binary '\0',NULL,'2025-05-16 17:24:12.065055',NULL,'2025-05-16 17:24:12.065055','anonymousUser',NULL,'21130319@st.hcmuaf.edu.vn','Trịnh Trần Sỹ Đông','$2a$10$DNl5D7ZxuJt9LK.BOUpOM.ncezCBHlAuvnYjA7QM7iD6QZON05/fG','21130319',NULL,'f7b5f96a-0874-11f0-91a0-0242ac120002',NULL),('0fbf8da7-6caa-46bc-a29b-ee41767323dd','anonymousUser',_binary '\0',NULL,'2025-07-29 15:54:22.750297',NULL,'2025-07-29 15:54:22.750297','anonymousUser',NULL,'20130224@st.hcmuaf.edu.vn','Nguyễn Hữu Đạt','$2a$10$cIzmiz0gZ.YsYvZhbKZpTOfUGxylMPh9o92k8dulfEiUeG4gN21l2','20130224',NULL,'f7b5f96a-0874-11f0-91a0-0242ac120002',NULL),('17194877-c523-475f-9bf6-e627293e916f','anonymousUser',_binary '\0',NULL,'2025-05-16 17:24:05.626550',NULL,'2025-05-16 17:24:05.626550','anonymousUser',NULL,'21130416@st.hcmuaf.edu.vn','Nguyễn Đình Lam','$2a$10$t0/3uSnsZPimOVrlCyaNv.v5AHMkhgeIwrqczDHsl6OZnqjrjy3R2','21130416',NULL,'f7b5f96a-0874-11f0-91a0-0242ac120002',NULL),('1e999da3-163f-4a7c-84cd-2678f6ca565d','anonymousUser',_binary '\0',NULL,'2025-07-29 15:54:21.887724',NULL,'2025-07-29 15:54:21.887724','anonymousUser',NULL,'22130001@st.hcmuaf.edu.vn','Lê Trần Trường An','$2a$10$JJNpvwQ.QkvtkR9TPSyGn./w34E8nFY1SGbNk/fGJ3N3hZ.Q6tEBG','22130001',NULL,'f7b5f96a-0874-11f0-91a0-0242ac120002',NULL),('29494edf-a498-48f4-85e1-e33775976468','anonymousUser',_binary '\0',NULL,'2025-05-16 17:23:55.186752',NULL,'2025-05-16 17:23:55.186752','anonymousUser',NULL,'21130320@st.hcmuaf.edu.vn','Lê Anh Đức','$2a$10$XxxPvMRDzV97FhiKmwndK.KtzC2IkKctcyHyaiLPcwMaBx3Hq7.kO','21130320',NULL,'f7b5f96a-0874-11f0-91a0-0242ac120002',NULL),('4527de36-9be4-4ba3-994d-f6276f6c67c0','anonymousUser',_binary '\0',NULL,'2025-05-16 17:24:08.710758',NULL,'2025-05-16 17:24:08.710758','anonymousUser',NULL,'21130451@st.hcmuaf.edu.vn','Nguyễn Thị Chúc Ngân','$2a$10$VgI0tSaQkpfENMt8/sHZpuZwqf2eQrICMgR1gs2LR1iS9ujbEm60O','21130451',NULL,'f7b5f96a-0874-11f0-91a0-0242ac120002',NULL),('4587115e-b26e-4761-8de8-41826f97d842','anonymousUser',_binary '\0',NULL,'2025-07-29 15:54:23.031882',NULL,'2025-07-29 15:54:23.031882','anonymousUser',NULL,'21130359@st.hcmuaf.edu.vn','Phạm Thị Ngọc Hòa','$2a$10$GKOJ1KOiRgCfqFI0Q54JROyZ2qKjGbDdNiHJIlUAKA8j2cbrsBp3O','21130359',NULL,'f7b5f96a-0874-11f0-91a0-0242ac120002',NULL),('4d5f6b20-6bc0-4671-b683-904e880509d8','anonymousUser',_binary '\0',NULL,'2025-07-29 15:54:23.425191',NULL,'2025-07-29 15:54:23.425191','anonymousUser',NULL,'21130390@st.hcmuaf.edu.vn','Phạm Đức Thế Khải','$2a$10$bGBDdhI7A1rU9wcQS5nn8e9dwoaUCVGDXIWYCUsc6Tvzwm9aMhfXu','21130390',NULL,'f7b5f96a-0874-11f0-91a0-0242ac120002',NULL),('56ecb8b8-6a8a-471a-826f-3a827025e524','anonymousUser',_binary '\0',NULL,'2025-05-16 17:24:02.373895',NULL,'2025-05-16 17:24:02.373895','anonymousUser',NULL,'21130444@st.hcmuaf.edu.vn','Dư Thành Minh','$2a$10$EM9iJr/mN3l5.6cE2HLd3ep/0bG0qygrF6ohrQt4yDJDLngKmqu7e','21130444',NULL,'f7b5f96a-0874-11f0-91a0-0242ac120002',NULL),('654bfbae-b089-4f97-bcd6-e8183a3a0783','anonymousUser',_binary '\0',NULL,'2025-07-29 15:54:22.559349',NULL,'2025-07-29 15:54:22.559349','anonymousUser',NULL,'21130304@st.hcmuaf.edu.vn','Phạm Đức Đại','$2a$10$fDe/aP.7dz.o5Fd1PU/Jj.KwP5zTbhhe7INubAff1gpOgwyBCd7Im','21130304',NULL,'f7b5f96a-0874-11f0-91a0-0242ac120002',NULL),('7cc9eb1e-b051-4fc4-9b5d-0dd423b9b723','anonymousUser',_binary '\0',NULL,'2025-05-16 17:25:20.208985',NULL,'2025-05-16 17:25:20.208985','anonymousUser',NULL,'21130509@st.hcmuaf.edu.vn','Liêu Thị Diễm Quỳnh','$2a$10$b7ZcqZmkOPMzW5MUD3nNXOJLb5rszwtQk7PJWW4hD.xadYzu0EpfK','21130509',NULL,'f7b5f96a-0874-11f0-91a0-0242ac120002',NULL),('8525cbcd-87f7-4826-96d2-05ef5a536c9b','anonymousUser',_binary '\0',NULL,'2025-07-29 15:54:22.466005',NULL,'2025-07-29 15:54:22.466005','anonymousUser',NULL,'21130335@st.hcmuaf.edu.vn','Lê Thị Hạnh Duyên','$2a$10$iEcquykw3bN8phFy3iT/wedVZgVvhFduj9LD3lRExxbNqGJyd5RwO','21130335',NULL,'f7b5f96a-0874-11f0-91a0-0242ac120002',NULL),('877fd8ab-c4ee-4109-812c-965f17c590f1','anonymousUser',_binary '\0',NULL,'2025-05-16 17:23:52.043537',NULL,'2025-05-16 17:23:52.043537','anonymousUser',NULL,'21130601@st.hcmuaf.edu.vn','Nguyễn Quốc Anh Tuấn','$2a$10$o8SfLM1hVYXh6IIUNX3oLuCjNGxun/7.lfB2C2v9TGfPvEjlqggHy','21130601',NULL,'f7b5f96a-0874-11f0-91a0-0242ac120002',NULL),('98ce5b27-54d9-4787-8bf8-e0ab8b027b04','anonymousUser',_binary '\0',NULL,'2025-07-22 01:24:43.884908',NULL,'2025-07-22 01:24:43.884908','anonymousUser',NULL,'21130322@st.hcmuaf.edu.vn','Nguyen Van A','$2a$10$C29FAo7u5.XWynT95LmWKefM8iA57z4a8O7p/9h1mOV7QMOvEspz6','21130322',NULL,'f7b5f96a-0874-11f0-91a0-0242ac120002',NULL),('9ca7eb3e-24a0-4a16-9d24-82d86344ac7b','anonymousUser',_binary '\0',NULL,'2025-07-29 15:54:22.653909',NULL,'2025-07-29 15:54:22.653909','anonymousUser',NULL,'21130309@st.hcmuaf.edu.vn','Lê Ngọc Thanh Đào','$2a$10$jMtGLzTCijqFrttdkwxtEehHPfcSDkI5tKc1EHRmKHd8MVvFpQCx2','21130309',NULL,'f7b5f96a-0874-11f0-91a0-0242ac120002',NULL),('a06e6810-6edc-4b00-ae0e-5883eea883b0','anonymousUser',_binary '\0',NULL,'2025-07-29 15:54:22.084812',NULL,'2025-07-29 15:54:22.084812','anonymousUser',NULL,'21130004@st.hcmuaf.edu.vn','Phạm Trần Tuấn Anh','$2a$10$98nVAFV9e4ukwnCd1K3xBu.sjWqdtRB4.D9V8/2.OHFBpM1Gr9hDS','21130004',NULL,'f7b5f96a-0874-11f0-91a0-0242ac120002',NULL),('acef4982-efaf-450c-ba00-7f889d15ca49','anonymousUser',_binary '\0',NULL,'2025-07-29 15:54:23.141621',NULL,'2025-07-29 15:54:23.141621','anonymousUser',NULL,'21130386@st.hcmuaf.edu.vn','Trần Võ Hoàng Huy','$2a$10$O/vfJ5ntTy2kn7rxQetlrOhR5Y23cfXnIOcRrx4NM6WIMWbGS/E0q','21130386',NULL,'f7b5f96a-0874-11f0-91a0-0242ac120002',NULL),('aece6254-3942-4a02-be99-782106eb4a52','anonymousUser',_binary '\0',NULL,'2025-05-16 17:25:39.101283',NULL,'2025-05-16 17:25:39.101283','anonymousUser',NULL,'21130612@st.hcmuaf.edu.vn','Lưu Nguyễn Thanh Vũ','$2a$10$I29SwBW0cTVrkbq2jPTuuOLSw2TOiAQJwcOrqnpLqfh1q5.tMR3cO','21130612',NULL,'f7b5f96a-0874-11f0-91a0-0242ac120002',NULL),('b5090bc3-59bb-4aa5-968c-8ea52e045d9d','anonymousUser',_binary '\0',NULL,'2025-07-29 15:54:23.519807',NULL,'2025-07-29 15:54:23.519807','anonymousUser',NULL,'21130076@st.hcmuaf.edu.vn','Huỳnh Trọng Khiêm','$2a$10$ImeTt9Hj9DleY8AnXNcEHuwN7CvxlV8lCL6qFIkum3lUtK.TRwA6a','21130076',NULL,'f7b5f96a-0874-11f0-91a0-0242ac120002',NULL),('b8b9b821-3080-441a-b9f1-92cee990a905','anonymousUser',_binary '\0',NULL,'2025-07-29 15:54:23.614330',NULL,'2025-07-29 15:54:23.614330','anonymousUser',NULL,'21130399@st.hcmuaf.edu.vn','Đỗ Nhật Khoa','$2a$10$GrdRLHVCYMK0JoxYsJUYE.lcByzSmXGj2L1VB71zPY3CjSq/60H.a','21130399',NULL,'f7b5f96a-0874-11f0-91a0-0242ac120002',NULL),('bbecaa3b-396a-4cfd-8fb5-908ceb80b212','anonymousUser',_binary '\0',NULL,'2025-07-29 15:54:22.274695',NULL,'2025-07-29 15:54:22.274695','anonymousUser',NULL,'21130326@st.hcmuaf.edu.vn','Phạm Minh Dũng','$2a$10$TDLeelGYAHN4/.NGGIJL9ehUmQ0.BbVjXLLa7W1CB6BVT.Mrzv9Py','21130326',NULL,'f7b5f96a-0874-11f0-91a0-0242ac120002',NULL),('bf4ca8d4-f8f2-406a-99cd-8e043a030a39','anonymousUser',_binary '\0',NULL,'2025-07-29 15:54:22.843805',NULL,'2025-07-29 15:54:22.843805','anonymousUser',NULL,'20130225@st.hcmuaf.edu.vn','Nguyễn Thành Đạt','$2a$10$pqkX8P76UbgynY3eMK2RB.b4Js7k9MbkZ2hB1Eq6n8aeRaSahl03q','20130225',NULL,'f7b5f96a-0874-11f0-91a0-0242ac120002',NULL),('c94c51f9-dbd5-4c78-b857-46f2592d1fe1','anonymousUser',_binary '\0',NULL,'2025-07-29 15:54:21.989353',NULL,'2025-07-29 15:54:21.989353','anonymousUser',NULL,'20130196@st.hcmuaf.edu.vn','Trần Đình Nam An','$2a$10$SU4lpCxzqC6JIHzHpygJLe0t5z3iaYCi4u3jy71s9WnOKv5xJmULe','20130196',NULL,'f7b5f96a-0874-11f0-91a0-0242ac120002',NULL),('cf1781cc-fd98-477f-8fb9-da0b45544521','anonymousUser',_binary '\0',NULL,'2025-05-16 17:25:33.799171',NULL,'2025-05-16 17:25:33.799171','anonymousUser',NULL,'21130219@st.hcmuaf.edu.vn','Nguyễn Thanh Bình','$2a$10$QFxGImjEJ1qh0M7gdzQw1.JerVu2QIaZvJPYkbtmODp.g.1LkK/Wi','21130219',NULL,'f7b5f96a-0874-11f0-91a0-0242ac120002',NULL),('d1aca7d1-1754-4931-a600-e6d30953b632','anonymousUser',_binary '\0',NULL,'2025-05-16 17:25:26.366459',NULL,'2025-05-16 17:25:26.366459','anonymousUser',NULL,'21130363@st.hcmuaf.edu.vn','Võ Phi Hoàng','$2a$10$q7DFXqtw8tWh9.OnT6K48.sWUE.z0IJSLDkzeSN26nC2OGJbqhkG6','21130363',NULL,'f7b5f96a-0874-11f0-91a0-0242ac120002',NULL),('d22a81b9-1297-4971-a5b1-2ea027e0fa8d','anonymousUser',_binary '\0',NULL,'2025-05-16 17:23:58.183961',NULL,'2025-05-16 17:23:58.183961','anonymousUser',NULL,'21130304@st.hcmuaf.edu.vn','Phạm Đức Đại','$2a$10$HRjLg5LeyevUyYk0VSCsc.SU5a8Ys9aixhbh55/IEDYY3rNtU2c3a','21130175',NULL,'f7b5f96a-0874-11f0-91a0-0242ac120002',NULL),('d48742db-1f1a-4bf1-aeef-1865a47b5d09','anonymousUser',_binary '\0',NULL,'2025-07-29 15:54:22.180396',NULL,'2025-07-29 15:54:22.180396','anonymousUser',NULL,'21130279@st.hcmuaf.edu.vn','Trần Quí Bằng','$2a$10$UDo30hmCDKnwSFtws0e1suN/SIaEOPccpbiXZq7Vq8hKq5JxkMNCm','21130279',NULL,'f7b5f96a-0874-11f0-91a0-0242ac120002',NULL),('e8940cd9-c8f9-4bd8-97b6-be4f7b8536e7','anonymousUser',_binary '\0',NULL,'2025-07-29 15:54:23.329872',NULL,'2025-07-29 15:54:23.329872','anonymousUser',NULL,'21130371@st.hcmuaf.edu.vn','Trần Minh Hướng','$2a$10$9ynsrAFjfnDUYWkfArs7LedFHIXdFB6PDlrdGaPW0eVzlZcsw7Fiy','21130371',NULL,'f7b5f96a-0874-11f0-91a0-0242ac120002',NULL),('e8ce7209-bec9-428a-9548-239de2754237','anonymousUser',_binary '\0',NULL,'2025-07-29 15:54:23.235906',NULL,'2025-07-29 15:54:23.235906','anonymousUser',NULL,'21130367@st.hcmuaf.edu.vn','Nguyễn Trần Khánh Hưng','$2a$10$fb/Ot9OdOXJYmr43AR9RxuAx4sLwDZD3JjTwXTLRoDX/7nQiorgx2','21130367',NULL,'f7b5f96a-0874-11f0-91a0-0242ac120002',NULL),('e95ab128-0e4a-494b-bcd8-47bb5e0f6355','anonymousUser',_binary '\0',NULL,'2025-07-29 15:54:22.369194',NULL,'2025-07-29 15:54:22.369194','anonymousUser',NULL,'20130237@st.hcmuaf.edu.vn','Phan Tuấn Dũng','$2a$10$xTQKEn8EckzBcBz5kDG4fOC7HdB6bwE0V0p5rZSjjDoGOmXGOGHHK','20130237',NULL,'f7b5f96a-0874-11f0-91a0-0242ac120002',NULL),('f3ee7d4d-d82b-45d8-8c46-6756b1b6ea69','anonymousUser',_binary '\0',NULL,'2025-05-16 17:23:42.614644',NULL,'2025-05-16 17:23:42.614644','anonymousUser',NULL,'lab.dunguyen@gmail.com','Nguyễn Văn Dũ','$2a$10$eM9DFOftkDiJ8WK/1iIlwOfwF188DliSt07dimOkE4SFpf1Vc4Yxe','1000001',NULL,'f7b5f76b-0874-11f0-91a0-0242ac120002',NULL),('f3ee7d4d-d82b-45d8-8c46-6756b1b6ea79','anonymousUser',_binary '\0',NULL,'2025-05-16 17:23:42.614644',NULL,'2025-05-16 17:23:42.614644','anonymousUser',NULL,'haichau.khuong@gmail.com','Khương Hải Châu','$2a$10$eM9DFOftkDiJ8WK/1iIlwOfwF188DliSt07dimOkE4SFpf1Vc4Yxe','1000002',NULL,'f7b5f76b-0874-11f0-91a0-0242ac120002',NULL),('f3ee7d4d-d82b-45d8-8c46-6756b1b6ea81','anonymousUser',_binary '\0',NULL,'2025-05-16 17:23:42.614644',NULL,'2025-05-16 17:23:42.614644','anonymousUser',NULL,'vttoan@hcmuaf.edu.vn','Võ Tấn Toàn','$2a$10$eM9DFOftkDiJ8WK/1iIlwOfwF188DliSt07dimOkE4SFpf1Vc4Yxe','1000003',NULL,'f7b5f76b-0874-11f0-91a0-0242ac120002',NULL),('f3ee7d4d-d82b-45d8-8c46-6756b1b6ea87','anonymousUser',_binary '\0',NULL,'2025-05-16 17:23:42.614644',NULL,'2025-05-16 17:23:42.614644','anonymousUser',NULL,'ntptram@hcmuaf.edu.vn','Nguyễn Thị Phương Trâm ','$2a$10$eM9DFOftkDiJ8WK/1iIlwOfwF188DliSt07dimOkE4SFpf1Vc4Yxe','1000004',NULL,'f7b5f76b-0874-11f0-91a0-0242ac120002',NULL),('f3ee7d4d-d82b-45d8-8c46-6756b1b6ea88','anonymousUser',_binary '\0',NULL,'2025-05-16 17:23:42.614644',NULL,'2025-05-16 17:23:42.614644','anonymousUser',NULL,'21130171@st.hcmuaf.edu.vn','Đặng Minh Tấn ','$2a$10$eM9DFOftkDiJ8WK/1iIlwOfwF188DliSt07dimOkE4SFpf1Vc4Yxe','21130171',NULL,'f7b5f96a-0874-11f0-91a0-0242ac120002',NULL),('f3ee7d4d-d82b-45d8-8c46-6756b1b6ea89','anonymousUser',_binary '\0',NULL,'2025-05-16 17:23:42.614644',NULL,'2025-05-16 17:23:42.614644','anonymousUser',NULL,'phandinhlong@hcmuaf.edu.vn','Phan Đình Long','$2a$10$eM9DFOftkDiJ8WK/1iIlwOfwF188DliSt07dimOkE4SFpf1Vc4Yxe','1000005',NULL,'f7b5f76b-0874-11f0-91a0-0242ac120002',NULL);
/*!40000 ALTER TABLE `users` ENABLE KEYS */;
UNLOCK TABLES;

--
-- Dumping data for table `workspaces`
--

LOCK TABLES `workspaces` WRITE;
/*!40000 ALTER TABLE `workspaces` DISABLE KEYS */;
INSERT INTO `workspaces` VALUES ('139b821a-f5d0-49c8-9f26-da68e54d59a2','1000003',_binary '\0',NULL,'2025-07-04 08:16:02.078012',NULL,'2025-07-04 08:16:02.078012','1000003','<p>- Có các kiến thức cơ bản về lập trình thiết bị di động nói chung và android nói riêng</p><p>- Các kỹ thuật xây dựng giao diện băng XML, các mẫu thiết kế cho android</p><p>- Xây dựng ứng dung với các API của hệ điều hành thuộc Android bằng ngôn ngữ Java</p>','2025-04-25 17:00:00.000000','Thực tập Lập trình trên Thiết bị di động','2025-02-08 17:00:00.000000','f3ee7d4d-d82b-45d8-8c46-6756b1b6ea81','a15b3c2e-54c1-11f0-b992-0242ac150005'),('26b84f37-a0bb-4d11-8cc4-785e7707dfbb','1000005',_binary '\0',NULL,'2025-07-29 14:33:23.566173',NULL,'2025-07-29 14:33:23.566173','1000005','<p><br></p>','2025-08-18 14:32:57.165000','Lập trình Web 2025','2025-07-29 14:32:57.165000','f3ee7d4d-d82b-45d8-8c46-6756b1b6ea89','a15b3bbe-54c1-11f0-b992-0242ac150005'),('3d4c23db-a9f0-41d2-aa6e-5254b7f48277','1000005',_binary '\0',NULL,'2025-07-04 08:50:29.504689',NULL,'2025-07-04 08:50:29.504689','1000005','<p>- Xây dựng các ứng dụng web-based dựa trên 2 công nghệ Servlet và JSP trong J2EE framework</p><p>- Bộ thẻ JSTL, giúp cải tiến code cho các trang JSP</p><p>- Mô hình MVC, kết hợp 2 công nghệ Servlet và JSP</p><p>- Hiện thực các chức năng cơ bản đối với website bán hàng, các chức năng nghiệp vụ đối với các bài toàn khác nhau</p>','2025-05-14 17:00:00.000000','Thực tập Lập trình WEB','2025-03-08 17:00:00.000000','f3ee7d4d-d82b-45d8-8c46-6756b1b6ea89','a15b3bbe-54c1-11f0-b992-0242ac150005'),('7271fe01-d53f-498f-9d87-2042d6f524ab','1000004',_binary '\0',NULL,'2025-07-04 08:30:52.051959',NULL,'2025-07-04 08:30:52.051959','1000004','<p>- Nắm được 4 nguyên tắc chính trong OOP</p><p>- Hiểu biết cơ bản về 12 mẫu thiết kế và mô hình MVC trong phát triển ứng dụng</p><p>- Có khả năng ứng dụng mẫu vào ứng dụng</p><p>- Có khả năng thiết kế Class diagram và kết hợp nhiều mẫu thiết kế với nhau</p>','2025-05-09 17:00:00.000000','Thiêt kế hướng đối tượng','2025-02-08 17:00:00.000000','f3ee7d4d-d82b-45d8-8c46-6756b1b6ea87','a15b3a4e-54c1-11f0-b992-0242ac150005'),('792e6f85-582a-4f65-a50d-e7c59cefb7b2','1000002',_binary '\0',NULL,'2025-07-04 06:32:20.288462',NULL,'2025-07-04 06:32:20.288462','1000002','<p>- Có các kiến thức cơ bản về Website thương mại điện từ</p><p>- Hiểu biết về các khái niệm, kỹ thuật và mô hình mà các sàn thương mại điện tử hiện nay đang áp dụng</p><p>- Kiến thức để tự lên kế hoạch cho quá trinh xây dựng thương mại điện tử</p><p>- Sản phẩm website thương mại điện tử</p>','2025-04-26 17:00:00.000000','Thương mại điện tử','2025-02-09 17:00:00.000000','f3ee7d4d-d82b-45d8-8c46-6756b1b6ea79','a15b5475-54c1-11f0-b992-0242ac150005'),('86a434ee-075e-406a-9098-aea8d4ae86f0','1000004',_binary '\0',NULL,'2025-08-03 06:53:58.112512',NULL,'2025-08-03 06:53:58.112512','1000004','<p>- Nắm được 4 nguyên tắc chính trong OOP</p><p>- Hiểu biết cơ bản về 12 mẫu thiết kế và mô hình MVC trong phát triển ứng dụng</p><p>- Có khả năng ứng dụng mẫu vào ứng dụng</p><p>- Có khả năng thiết kế Class diagram và kết hợp nhiều mẫu thiết kế với nhau</p>','2025-05-09 17:00:00.000000','Thiết kế hướng đối tượng 2025','2025-02-08 17:00:00.000000','f3ee7d4d-d82b-45d8-8c46-6756b1b6ea87','a15b3a4e-54c1-11f0-b992-0242ac150005'),('88e830a7-f240-4d0f-b8f3-bd08cfb69607','1000001',_binary '\0',NULL,'2025-07-04 04:55:18.335657',NULL,'2025-07-04 04:55:18.335657','1000001','<p>- Có kiến thức cơ bản về Machine Learning chung</p><p>- Hiểu biết cơ bản về các mô hình phổ biến như SVM, CNN, Logistic Regression, Linear Regression</p><p>- Phân loại được các bài toán liên quan Machine Learning như dự đoán, phân loại, học tăng cường</p><p>- Có khả năng đánh giá được mô hình theo nhiều khía cạnh</p><p>- Hiểu biết về quy trình giải quyết bài toán liên quan đến Machine Learning</p><p>- Có khả năng xử dụng ngôn ngữ Python để xử dụng các thư viện cho việc xử lý dữ liệu và sử dụng mô hình Machine Learning</p>','2025-04-19 17:00:00.000000','Machine Learning','2025-02-09 17:00:00.000000','f3ee7d4d-d82b-45d8-8c46-6756b1b6ea69','a15b3eee-54c1-11f0-b992-0242ac150005'),('f228ad1b-f250-41b6-ab6e-7979a8c78a52','1000001',_binary '\0',NULL,'2025-07-23 17:00:19.776077',NULL,'2025-07-23 17:00:19.776077','1000001','<p>Môn học cung cấp cho sinh viên các kiến thức về:</p><ol><li data-list=\"bullet\"><span class=\"ql-ui\" contenteditable=\"false\"></span>Các khái niệm về máy học</li><li data-list=\"bullet\"><span class=\"ql-ui\" contenteditable=\"false\"></span>Các bài toán phổ biến liên quan đến máy học như Phân loại, Hồi Quy, Gom cụm</li><li data-list=\"bullet\"><span class=\"ql-ui\" contenteditable=\"false\"></span>Các kiến thức về tiền xử lý dữ liệu</li><li data-list=\"bullet\"><span class=\"ql-ui\" contenteditable=\"false\"></span>Kiến thức cơ bản về Python và cách sử dụng API của các thư viên máy học</li></ol>','2025-05-04 17:00:00.000000','Machine Learning 2025','2025-02-08 17:00:00.000000','f3ee7d4d-d82b-45d8-8c46-6756b1b6ea69','a15b3eee-54c1-11f0-b992-0242ac150005');
/*!40000 ALTER TABLE `workspaces` ENABLE KEYS */;
UNLOCK TABLES;

--
-- Dumping data for table `workspaces_users_projects`
--

LOCK TABLES `workspaces_users_projects` WRITE;
/*!40000 ALTER TABLE `workspaces_users_projects` DISABLE KEYS */;
INSERT INTO `workspaces_users_projects` VALUES (_binary '','0ddff544-bc3b-420d-b503-312315fd770d','26b84f37-a0bb-4d11-8cc4-785e7707dfbb','253ac332-b8e2-43a7-bbc7-d673ddabc733','f7b5f96a-0874-11f0-91a0-0242ac120011',_binary '\0'),(_binary '\0','0ddff544-bc3b-420d-b503-312315fd770d','7271fe01-d53f-498f-9d87-2042d6f524ab',NULL,NULL,_binary ''),(_binary '\0','0ddff544-bc3b-420d-b503-312315fd770d','86a434ee-075e-406a-9098-aea8d4ae86f0','97d36d58-6a95-44ba-9e9c-d9850208de3f','f7b5f96a-0874-11f0-91a0-0242ac120011',_binary '\0'),(_binary '','0efffdb4-b730-4f32-b930-79dddc45554a','139b821a-f5d0-49c8-9f26-da68e54d59a2','821a94e2-eccb-4704-a2d6-2bd63068469a','f7b5f96a-0874-11f0-91a0-0242ac120011',_binary '\0'),(_binary '','0efffdb4-b730-4f32-b930-79dddc45554a','26b84f37-a0bb-4d11-8cc4-785e7707dfbb','dc9af886-7862-4815-9876-037e5440de12','f7b5f96a-0874-11f0-91a0-0242ac120011',_binary '\0'),(_binary '','0efffdb4-b730-4f32-b930-79dddc45554a','3d4c23db-a9f0-41d2-aa6e-5254b7f48277','caf9e00b-e1c5-4b0f-9c49-2eac892a327e','f7b5f96a-0874-11f0-91a0-0242ac120011',_binary '\0'),(_binary '','0efffdb4-b730-4f32-b930-79dddc45554a','7271fe01-d53f-498f-9d87-2042d6f524ab','7d783967-3144-4c76-ae91-0bcb3ebab45b','f7b5f96a-0874-11f0-91a0-0242ac120011',_binary '\0'),(_binary '','0efffdb4-b730-4f32-b930-79dddc45554a','792e6f85-582a-4f65-a50d-e7c59cefb7b2','f38f59b8-297c-4dfb-886d-e6ff1c87545f','f7b5f96a-0874-11f0-91a0-0242ac120011',_binary '\0'),(_binary '\0','0efffdb4-b730-4f32-b930-79dddc45554a','86a434ee-075e-406a-9098-aea8d4ae86f0','5122db1f-5ad5-4c6a-baea-404608794939','f7b5f96a-0874-11f0-91a0-0242ac120011',_binary '\0'),(_binary '','0efffdb4-b730-4f32-b930-79dddc45554a','88e830a7-f240-4d0f-b8f3-bd08cfb69607','66fb3db5-3f1f-41b6-9ee9-c7c01a801de8','f7b5f96a-0874-11f0-91a0-0242ac120011',_binary '\0'),(_binary '\0','0efffdb4-b730-4f32-b930-79dddc45554a','f228ad1b-f250-41b6-ab6e-7979a8c78a52','09a3fd3d-110c-4021-b4f2-13e32f43e261','f7b5f96a-0874-11f0-91a0-0242ac120011',_binary '\0'),(_binary '','0fbf8da7-6caa-46bc-a29b-ee41767323dd','26b84f37-a0bb-4d11-8cc4-785e7707dfbb','253ac332-b8e2-43a7-bbc7-d673ddabc733','f7b5f8f8-0874-11f0-91a0-0242ac120002',_binary ''),(_binary '\0','0fbf8da7-6caa-46bc-a29b-ee41767323dd','7271fe01-d53f-498f-9d87-2042d6f524ab',NULL,NULL,_binary ''),(_binary '','0fbf8da7-6caa-46bc-a29b-ee41767323dd','86a434ee-075e-406a-9098-aea8d4ae86f0','97d36d58-6a95-44ba-9e9c-d9850208de3f','f7b5f8f8-0874-11f0-91a0-0242ac120002',_binary ''),(_binary '','17194877-c523-475f-9bf6-e627293e916f','139b821a-f5d0-49c8-9f26-da68e54d59a2','821a94e2-eccb-4704-a2d6-2bd63068469a','f7b5f96a-0874-11f0-91a0-0242ac120011',_binary '\0'),(_binary '','17194877-c523-475f-9bf6-e627293e916f','26b84f37-a0bb-4d11-8cc4-785e7707dfbb','dc9af886-7862-4815-9876-037e5440de12','f7b5f96a-0874-11f0-91a0-0242ac120011',_binary '\0'),(_binary '','17194877-c523-475f-9bf6-e627293e916f','3d4c23db-a9f0-41d2-aa6e-5254b7f48277','caf9e00b-e1c5-4b0f-9c49-2eac892a327e','f7b5f96a-0874-11f0-91a0-0242ac120011',_binary '\0'),(_binary '','17194877-c523-475f-9bf6-e627293e916f','7271fe01-d53f-498f-9d87-2042d6f524ab','7d783967-3144-4c76-ae91-0bcb3ebab45b','f7b5f96a-0874-11f0-91a0-0242ac120011',_binary '\0'),(_binary '','17194877-c523-475f-9bf6-e627293e916f','792e6f85-582a-4f65-a50d-e7c59cefb7b2','f38f59b8-297c-4dfb-886d-e6ff1c87545f','f7b5f96a-0874-11f0-91a0-0242ac120011',_binary '\0'),(_binary '\0','17194877-c523-475f-9bf6-e627293e916f','86a434ee-075e-406a-9098-aea8d4ae86f0','5122db1f-5ad5-4c6a-baea-404608794939','f7b5f96a-0874-11f0-91a0-0242ac120011',_binary '\0'),(_binary '','17194877-c523-475f-9bf6-e627293e916f','88e830a7-f240-4d0f-b8f3-bd08cfb69607','66fb3db5-3f1f-41b6-9ee9-c7c01a801de8','f7b5f96a-0874-11f0-91a0-0242ac120011',_binary '\0'),(_binary '\0','17194877-c523-475f-9bf6-e627293e916f','f228ad1b-f250-41b6-ab6e-7979a8c78a52','09a3fd3d-110c-4021-b4f2-13e32f43e261','f7b5f96a-0874-11f0-91a0-0242ac120011',_binary '\0'),(_binary '','1e999da3-163f-4a7c-84cd-2678f6ca565d','26b84f37-a0bb-4d11-8cc4-785e7707dfbb','f27d5a34-ecc1-4c32-8fd9-44615cbbed19','f7b5f8f8-0874-11f0-91a0-0242ac120002',_binary ''),(_binary '\0','1e999da3-163f-4a7c-84cd-2678f6ca565d','7271fe01-d53f-498f-9d87-2042d6f524ab',NULL,NULL,_binary ''),(_binary '','1e999da3-163f-4a7c-84cd-2678f6ca565d','86a434ee-075e-406a-9098-aea8d4ae86f0','66436f4d-8245-433d-a9d2-d0eb03a6a47b','f7b5f8f8-0874-11f0-91a0-0242ac120002',_binary ''),(_binary '','29494edf-a498-48f4-85e1-e33775976468','139b821a-f5d0-49c8-9f26-da68e54d59a2','821a94e2-eccb-4704-a2d6-2bd63068469a','f7b5f8f8-0874-11f0-91a0-0242ac120002',_binary '\0'),(_binary '','29494edf-a498-48f4-85e1-e33775976468','26b84f37-a0bb-4d11-8cc4-785e7707dfbb','dc9af886-7862-4815-9876-037e5440de12','f7b5f8f8-0874-11f0-91a0-0242ac120002',_binary ''),(_binary '','29494edf-a498-48f4-85e1-e33775976468','3d4c23db-a9f0-41d2-aa6e-5254b7f48277','caf9e00b-e1c5-4b0f-9c49-2eac892a327e','f7b5f8f8-0874-11f0-91a0-0242ac120002',_binary '\0'),(_binary '','29494edf-a498-48f4-85e1-e33775976468','7271fe01-d53f-498f-9d87-2042d6f524ab','7d783967-3144-4c76-ae91-0bcb3ebab45b','f7b5f8f8-0874-11f0-91a0-0242ac120002',_binary '\0'),(_binary '','29494edf-a498-48f4-85e1-e33775976468','792e6f85-582a-4f65-a50d-e7c59cefb7b2','f38f59b8-297c-4dfb-886d-e6ff1c87545f','f7b5f8f8-0874-11f0-91a0-0242ac120002',_binary '\0'),(_binary '','29494edf-a498-48f4-85e1-e33775976468','86a434ee-075e-406a-9098-aea8d4ae86f0','5122db1f-5ad5-4c6a-baea-404608794939','f7b5f8f8-0874-11f0-91a0-0242ac120002',_binary ''),(_binary '','29494edf-a498-48f4-85e1-e33775976468','88e830a7-f240-4d0f-b8f3-bd08cfb69607','66fb3db5-3f1f-41b6-9ee9-c7c01a801de8','f7b5f8f8-0874-11f0-91a0-0242ac120002',_binary '\0'),(_binary '','29494edf-a498-48f4-85e1-e33775976468','f228ad1b-f250-41b6-ab6e-7979a8c78a52','09a3fd3d-110c-4021-b4f2-13e32f43e261','f7b5f8f8-0874-11f0-91a0-0242ac120002',_binary ''),(_binary '','4527de36-9be4-4ba3-994d-f6276f6c67c0','139b821a-f5d0-49c8-9f26-da68e54d59a2','a07e9b37-4131-49bc-9b4a-f341ceb75e3c','f7b5f8f8-0874-11f0-91a0-0242ac120002',_binary '\0'),(_binary '','4527de36-9be4-4ba3-994d-f6276f6c67c0','26b84f37-a0bb-4d11-8cc4-785e7707dfbb','3438c873-bc50-42c4-a598-1ed31761fe23','f7b5f8f8-0874-11f0-91a0-0242ac120002',_binary ''),(_binary '','4527de36-9be4-4ba3-994d-f6276f6c67c0','3d4c23db-a9f0-41d2-aa6e-5254b7f48277','8f109a77-484b-4f39-a076-6b2a44b8137a','f7b5f8f8-0874-11f0-91a0-0242ac120002',_binary '\0'),(_binary '','4527de36-9be4-4ba3-994d-f6276f6c67c0','7271fe01-d53f-498f-9d87-2042d6f524ab','eb2cff67-6672-4ad6-8b2f-829a547c2595','f7b5f8f8-0874-11f0-91a0-0242ac120002',_binary '\0'),(_binary '','4527de36-9be4-4ba3-994d-f6276f6c67c0','792e6f85-582a-4f65-a50d-e7c59cefb7b2','9d8280d3-4095-4b0a-a51d-df8cabea7248','f7b5f8f8-0874-11f0-91a0-0242ac120002',_binary '\0'),(_binary '','4527de36-9be4-4ba3-994d-f6276f6c67c0','86a434ee-075e-406a-9098-aea8d4ae86f0','29d9f886-4301-4881-8785-f773e8e9b3c7','f7b5f8f8-0874-11f0-91a0-0242ac120002',_binary ''),(_binary '','4527de36-9be4-4ba3-994d-f6276f6c67c0','88e830a7-f240-4d0f-b8f3-bd08cfb69607','5090ec43-8787-4d26-8bc2-7c760a4d93ff','f7b5f8f8-0874-11f0-91a0-0242ac120002',_binary '\0'),(_binary '','4527de36-9be4-4ba3-994d-f6276f6c67c0','f228ad1b-f250-41b6-ab6e-7979a8c78a52','9fefc788-7a52-4ed4-a257-5179ce5b2efe','f7b5f8f8-0874-11f0-91a0-0242ac120002',_binary ''),(_binary '','4587115e-b26e-4761-8de8-41826f97d842','26b84f37-a0bb-4d11-8cc4-785e7707dfbb','a5bc1288-fe8b-41c1-8993-152dbe7cb3fa','f7b5f8f8-0874-11f0-91a0-0242ac120002',_binary ''),(_binary '\0','4587115e-b26e-4761-8de8-41826f97d842','7271fe01-d53f-498f-9d87-2042d6f524ab',NULL,NULL,_binary ''),(_binary '','4587115e-b26e-4761-8de8-41826f97d842','86a434ee-075e-406a-9098-aea8d4ae86f0','a6154ca9-d3f9-4a18-a20a-e0da52601faa','f7b5f8f8-0874-11f0-91a0-0242ac120002',_binary ''),(_binary '','4d5f6b20-6bc0-4671-b683-904e880509d8','26b84f37-a0bb-4d11-8cc4-785e7707dfbb','d909ec23-e3b8-473c-8b53-b0dd10e5cb4a','f7b5f96a-0874-11f0-91a0-0242ac120011',_binary '\0'),(_binary '\0','4d5f6b20-6bc0-4671-b683-904e880509d8','7271fe01-d53f-498f-9d87-2042d6f524ab',NULL,NULL,_binary ''),(_binary '\0','4d5f6b20-6bc0-4671-b683-904e880509d8','86a434ee-075e-406a-9098-aea8d4ae86f0','6cc2afa7-7786-4f77-9e9b-e5e3d3abbda7','f7b5f96a-0874-11f0-91a0-0242ac120011',_binary '\0'),(_binary '','56ecb8b8-6a8a-471a-826f-3a827025e524','139b821a-f5d0-49c8-9f26-da68e54d59a2','a07e9b37-4131-49bc-9b4a-f341ceb75e3c','f7b5f96a-0874-11f0-91a0-0242ac120011',_binary '\0'),(_binary '','56ecb8b8-6a8a-471a-826f-3a827025e524','26b84f37-a0bb-4d11-8cc4-785e7707dfbb','3438c873-bc50-42c4-a598-1ed31761fe23','f7b5f96a-0874-11f0-91a0-0242ac120011',_binary '\0'),(_binary '','56ecb8b8-6a8a-471a-826f-3a827025e524','3d4c23db-a9f0-41d2-aa6e-5254b7f48277','8f109a77-484b-4f39-a076-6b2a44b8137a','f7b5f96a-0874-11f0-91a0-0242ac120011',_binary '\0'),(_binary '','56ecb8b8-6a8a-471a-826f-3a827025e524','7271fe01-d53f-498f-9d87-2042d6f524ab','eb2cff67-6672-4ad6-8b2f-829a547c2595','f7b5f96a-0874-11f0-91a0-0242ac120011',_binary '\0'),(_binary '','56ecb8b8-6a8a-471a-826f-3a827025e524','792e6f85-582a-4f65-a50d-e7c59cefb7b2','9d8280d3-4095-4b0a-a51d-df8cabea7248','f7b5f96a-0874-11f0-91a0-0242ac120011',_binary '\0'),(_binary '\0','56ecb8b8-6a8a-471a-826f-3a827025e524','86a434ee-075e-406a-9098-aea8d4ae86f0','29d9f886-4301-4881-8785-f773e8e9b3c7','f7b5f96a-0874-11f0-91a0-0242ac120011',_binary '\0'),(_binary '','56ecb8b8-6a8a-471a-826f-3a827025e524','88e830a7-f240-4d0f-b8f3-bd08cfb69607','5090ec43-8787-4d26-8bc2-7c760a4d93ff','f7b5f96a-0874-11f0-91a0-0242ac120011',_binary '\0'),(_binary '','654bfbae-b089-4f97-bcd6-e8183a3a0783','26b84f37-a0bb-4d11-8cc4-785e7707dfbb','cfcba21d-966a-43b8-a1a8-9751e05ed7c5','f7b5f96a-0874-11f0-91a0-0242ac120011',_binary '\0'),(_binary '\0','654bfbae-b089-4f97-bcd6-e8183a3a0783','7271fe01-d53f-498f-9d87-2042d6f524ab',NULL,NULL,_binary ''),(_binary '\0','654bfbae-b089-4f97-bcd6-e8183a3a0783','86a434ee-075e-406a-9098-aea8d4ae86f0','bdf5e58c-8905-4f18-afb3-d36945768d9f','f7b5f96a-0874-11f0-91a0-0242ac120011',_binary '\0'),(_binary '','7cc9eb1e-b051-4fc4-9b5d-0dd423b9b723','139b821a-f5d0-49c8-9f26-da68e54d59a2','a07e9b37-4131-49bc-9b4a-f341ceb75e3c','f7b5f96a-0874-11f0-91a0-0242ac120011',_binary '\0'),(_binary '','7cc9eb1e-b051-4fc4-9b5d-0dd423b9b723','26b84f37-a0bb-4d11-8cc4-785e7707dfbb','3438c873-bc50-42c4-a598-1ed31761fe23','f7b5f96a-0874-11f0-91a0-0242ac120011',_binary '\0'),(_binary '','7cc9eb1e-b051-4fc4-9b5d-0dd423b9b723','3d4c23db-a9f0-41d2-aa6e-5254b7f48277','8f109a77-484b-4f39-a076-6b2a44b8137a','f7b5f96a-0874-11f0-91a0-0242ac120011',_binary '\0'),(_binary '','7cc9eb1e-b051-4fc4-9b5d-0dd423b9b723','7271fe01-d53f-498f-9d87-2042d6f524ab','eb2cff67-6672-4ad6-8b2f-829a547c2595','f7b5f96a-0874-11f0-91a0-0242ac120011',_binary '\0'),(_binary '','7cc9eb1e-b051-4fc4-9b5d-0dd423b9b723','792e6f85-582a-4f65-a50d-e7c59cefb7b2','9d8280d3-4095-4b0a-a51d-df8cabea7248','f7b5f96a-0874-11f0-91a0-0242ac120011',_binary '\0'),(_binary '\0','7cc9eb1e-b051-4fc4-9b5d-0dd423b9b723','86a434ee-075e-406a-9098-aea8d4ae86f0','29d9f886-4301-4881-8785-f773e8e9b3c7','f7b5f96a-0874-11f0-91a0-0242ac120011',_binary '\0'),(_binary '','7cc9eb1e-b051-4fc4-9b5d-0dd423b9b723','88e830a7-f240-4d0f-b8f3-bd08cfb69607','5090ec43-8787-4d26-8bc2-7c760a4d93ff','f7b5f96a-0874-11f0-91a0-0242ac120011',_binary '\0'),(_binary '','8525cbcd-87f7-4826-96d2-05ef5a536c9b','26b84f37-a0bb-4d11-8cc4-785e7707dfbb','cfcba21d-966a-43b8-a1a8-9751e05ed7c5','f7b5f8f8-0874-11f0-91a0-0242ac120002',_binary ''),(_binary '\0','8525cbcd-87f7-4826-96d2-05ef5a536c9b','7271fe01-d53f-498f-9d87-2042d6f524ab',NULL,NULL,_binary ''),(_binary '','8525cbcd-87f7-4826-96d2-05ef5a536c9b','86a434ee-075e-406a-9098-aea8d4ae86f0','bdf5e58c-8905-4f18-afb3-d36945768d9f','f7b5f8f8-0874-11f0-91a0-0242ac120002',_binary ''),(_binary '','877fd8ab-c4ee-4109-812c-965f17c590f1','139b821a-f5d0-49c8-9f26-da68e54d59a2','44a9f8f3-f606-4e67-bd4e-60565f542204','f7b5f8f8-0874-11f0-91a0-0242ac120002',_binary '\0'),(_binary '','877fd8ab-c4ee-4109-812c-965f17c590f1','26b84f37-a0bb-4d11-8cc4-785e7707dfbb','a8eb1192-3e81-42e8-9f69-8483736af936','f7b5f8f8-0874-11f0-91a0-0242ac120002',_binary ''),(_binary '','877fd8ab-c4ee-4109-812c-965f17c590f1','3d4c23db-a9f0-41d2-aa6e-5254b7f48277','f5dbc1df-3827-4a90-b9fb-8e1e5736c8c9','f7b5f8f8-0874-11f0-91a0-0242ac120002',_binary '\0'),(_binary '','877fd8ab-c4ee-4109-812c-965f17c590f1','7271fe01-d53f-498f-9d87-2042d6f524ab','9b798a7c-1d24-47c0-9795-ddad74ba510c','f7b5f8f8-0874-11f0-91a0-0242ac120002',_binary '\0'),(_binary '','877fd8ab-c4ee-4109-812c-965f17c590f1','792e6f85-582a-4f65-a50d-e7c59cefb7b2','eb7eb335-236d-47f6-82b6-7ae51d847898','f7b5f8f8-0874-11f0-91a0-0242ac120002',_binary '\0'),(_binary '','877fd8ab-c4ee-4109-812c-965f17c590f1','86a434ee-075e-406a-9098-aea8d4ae86f0','6d7c2809-16b0-4200-99b7-ca3ce7ab72f7','f7b5f8f8-0874-11f0-91a0-0242ac120002',_binary ''),(_binary '','877fd8ab-c4ee-4109-812c-965f17c590f1','88e830a7-f240-4d0f-b8f3-bd08cfb69607','110a66d2-e995-4219-8bae-7f67a62f2702','f7b5f8f8-0874-11f0-91a0-0242ac120002',_binary '\0'),(_binary '\0','98ce5b27-54d9-4787-8bf8-e0ab8b027b04','26b84f37-a0bb-4d11-8cc4-785e7707dfbb',NULL,NULL,_binary ''),(_binary '','9ca7eb3e-24a0-4a16-9d24-82d86344ac7b','26b84f37-a0bb-4d11-8cc4-785e7707dfbb','cfcba21d-966a-43b8-a1a8-9751e05ed7c5','f7b5f96a-0874-11f0-91a0-0242ac120011',_binary '\0'),(_binary '\0','9ca7eb3e-24a0-4a16-9d24-82d86344ac7b','7271fe01-d53f-498f-9d87-2042d6f524ab',NULL,NULL,_binary ''),(_binary '\0','9ca7eb3e-24a0-4a16-9d24-82d86344ac7b','86a434ee-075e-406a-9098-aea8d4ae86f0','bdf5e58c-8905-4f18-afb3-d36945768d9f','f7b5f96a-0874-11f0-91a0-0242ac120011',_binary '\0'),(_binary '','a06e6810-6edc-4b00-ae0e-5883eea883b0','26b84f37-a0bb-4d11-8cc4-785e7707dfbb','f27d5a34-ecc1-4c32-8fd9-44615cbbed19','f7b5f96a-0874-11f0-91a0-0242ac120011',_binary '\0'),(_binary '\0','a06e6810-6edc-4b00-ae0e-5883eea883b0','7271fe01-d53f-498f-9d87-2042d6f524ab',NULL,NULL,_binary ''),(_binary '\0','a06e6810-6edc-4b00-ae0e-5883eea883b0','86a434ee-075e-406a-9098-aea8d4ae86f0','66436f4d-8245-433d-a9d2-d0eb03a6a47b','f7b5f96a-0874-11f0-91a0-0242ac120011',_binary '\0'),(_binary '','acef4982-efaf-450c-ba00-7f889d15ca49','26b84f37-a0bb-4d11-8cc4-785e7707dfbb','a5bc1288-fe8b-41c1-8993-152dbe7cb3fa','f7b5f96a-0874-11f0-91a0-0242ac120011',_binary '\0'),(_binary '\0','acef4982-efaf-450c-ba00-7f889d15ca49','7271fe01-d53f-498f-9d87-2042d6f524ab',NULL,NULL,_binary ''),(_binary '\0','acef4982-efaf-450c-ba00-7f889d15ca49','86a434ee-075e-406a-9098-aea8d4ae86f0','a6154ca9-d3f9-4a18-a20a-e0da52601faa','f7b5f96a-0874-11f0-91a0-0242ac120011',_binary '\0'),(_binary '','aece6254-3942-4a02-be99-782106eb4a52','139b821a-f5d0-49c8-9f26-da68e54d59a2','44a9f8f3-f606-4e67-bd4e-60565f542204','f7b5f96a-0874-11f0-91a0-0242ac120011',_binary '\0'),(_binary '','aece6254-3942-4a02-be99-782106eb4a52','26b84f37-a0bb-4d11-8cc4-785e7707dfbb','a8eb1192-3e81-42e8-9f69-8483736af936','f7b5f96a-0874-11f0-91a0-0242ac120011',_binary '\0'),(_binary '','aece6254-3942-4a02-be99-782106eb4a52','3d4c23db-a9f0-41d2-aa6e-5254b7f48277','f5dbc1df-3827-4a90-b9fb-8e1e5736c8c9','f7b5f96a-0874-11f0-91a0-0242ac120011',_binary '\0'),(_binary '','aece6254-3942-4a02-be99-782106eb4a52','7271fe01-d53f-498f-9d87-2042d6f524ab','9b798a7c-1d24-47c0-9795-ddad74ba510c','f7b5f96a-0874-11f0-91a0-0242ac120011',_binary '\0'),(_binary '','aece6254-3942-4a02-be99-782106eb4a52','792e6f85-582a-4f65-a50d-e7c59cefb7b2','eb7eb335-236d-47f6-82b6-7ae51d847898','f7b5f96a-0874-11f0-91a0-0242ac120011',_binary '\0'),(_binary '\0','aece6254-3942-4a02-be99-782106eb4a52','86a434ee-075e-406a-9098-aea8d4ae86f0','6d7c2809-16b0-4200-99b7-ca3ce7ab72f7','f7b5f96a-0874-11f0-91a0-0242ac120011',_binary '\0'),(_binary '','aece6254-3942-4a02-be99-782106eb4a52','88e830a7-f240-4d0f-b8f3-bd08cfb69607','110a66d2-e995-4219-8bae-7f67a62f2702','f7b5f96a-0874-11f0-91a0-0242ac120011',_binary '\0'),(_binary '','b5090bc3-59bb-4aa5-968c-8ea52e045d9d','26b84f37-a0bb-4d11-8cc4-785e7707dfbb','d909ec23-e3b8-473c-8b53-b0dd10e5cb4a','f7b5f96a-0874-11f0-91a0-0242ac120011',_binary '\0'),(_binary '\0','b5090bc3-59bb-4aa5-968c-8ea52e045d9d','7271fe01-d53f-498f-9d87-2042d6f524ab',NULL,NULL,_binary ''),(_binary '\0','b5090bc3-59bb-4aa5-968c-8ea52e045d9d','86a434ee-075e-406a-9098-aea8d4ae86f0','6cc2afa7-7786-4f77-9e9b-e5e3d3abbda7','f7b5f96a-0874-11f0-91a0-0242ac120011',_binary '\0'),(_binary '\0','b8b9b821-3080-441a-b9f1-92cee990a905','26b84f37-a0bb-4d11-8cc4-785e7707dfbb',NULL,NULL,_binary ''),(_binary '\0','b8b9b821-3080-441a-b9f1-92cee990a905','7271fe01-d53f-498f-9d87-2042d6f524ab',NULL,NULL,_binary ''),(_binary '\0','b8b9b821-3080-441a-b9f1-92cee990a905','86a434ee-075e-406a-9098-aea8d4ae86f0',NULL,NULL,_binary ''),(_binary '','bbecaa3b-396a-4cfd-8fb5-908ceb80b212','26b84f37-a0bb-4d11-8cc4-785e7707dfbb','89427d93-69a9-4187-baac-7a3105624b8b','f7b5f96a-0874-11f0-91a0-0242ac120011',_binary '\0'),(_binary '\0','bbecaa3b-396a-4cfd-8fb5-908ceb80b212','7271fe01-d53f-498f-9d87-2042d6f524ab',NULL,NULL,_binary ''),(_binary '\0','bbecaa3b-396a-4cfd-8fb5-908ceb80b212','86a434ee-075e-406a-9098-aea8d4ae86f0','e18c1088-2d20-400c-81bf-6eaca20ede2e','f7b5f96a-0874-11f0-91a0-0242ac120011',_binary '\0'),(_binary '','bf4ca8d4-f8f2-406a-99cd-8e043a030a39','26b84f37-a0bb-4d11-8cc4-785e7707dfbb','253ac332-b8e2-43a7-bbc7-d673ddabc733','f7b5f96a-0874-11f0-91a0-0242ac120011',_binary '\0'),(_binary '\0','bf4ca8d4-f8f2-406a-99cd-8e043a030a39','7271fe01-d53f-498f-9d87-2042d6f524ab',NULL,NULL,_binary ''),(_binary '\0','bf4ca8d4-f8f2-406a-99cd-8e043a030a39','86a434ee-075e-406a-9098-aea8d4ae86f0','97d36d58-6a95-44ba-9e9c-d9850208de3f','f7b5f96a-0874-11f0-91a0-0242ac120011',_binary '\0'),(_binary '','c94c51f9-dbd5-4c78-b857-46f2592d1fe1','26b84f37-a0bb-4d11-8cc4-785e7707dfbb','f27d5a34-ecc1-4c32-8fd9-44615cbbed19','f7b5f96a-0874-11f0-91a0-0242ac120011',_binary '\0'),(_binary '\0','c94c51f9-dbd5-4c78-b857-46f2592d1fe1','7271fe01-d53f-498f-9d87-2042d6f524ab',NULL,NULL,_binary ''),(_binary '\0','c94c51f9-dbd5-4c78-b857-46f2592d1fe1','86a434ee-075e-406a-9098-aea8d4ae86f0','66436f4d-8245-433d-a9d2-d0eb03a6a47b','f7b5f96a-0874-11f0-91a0-0242ac120011',_binary '\0'),(_binary '','cf1781cc-fd98-477f-8fb9-da0b45544521','139b821a-f5d0-49c8-9f26-da68e54d59a2','44a9f8f3-f606-4e67-bd4e-60565f542204','f7b5f96a-0874-11f0-91a0-0242ac120011',_binary '\0'),(_binary '','cf1781cc-fd98-477f-8fb9-da0b45544521','26b84f37-a0bb-4d11-8cc4-785e7707dfbb','a8eb1192-3e81-42e8-9f69-8483736af936','f7b5f96a-0874-11f0-91a0-0242ac120011',_binary '\0'),(_binary '','cf1781cc-fd98-477f-8fb9-da0b45544521','3d4c23db-a9f0-41d2-aa6e-5254b7f48277','f5dbc1df-3827-4a90-b9fb-8e1e5736c8c9','f7b5f96a-0874-11f0-91a0-0242ac120011',_binary '\0'),(_binary '','cf1781cc-fd98-477f-8fb9-da0b45544521','7271fe01-d53f-498f-9d87-2042d6f524ab','9b798a7c-1d24-47c0-9795-ddad74ba510c','f7b5f96a-0874-11f0-91a0-0242ac120011',_binary '\0'),(_binary '','cf1781cc-fd98-477f-8fb9-da0b45544521','792e6f85-582a-4f65-a50d-e7c59cefb7b2','eb7eb335-236d-47f6-82b6-7ae51d847898','f7b5f96a-0874-11f0-91a0-0242ac120011',_binary '\0'),(_binary '\0','cf1781cc-fd98-477f-8fb9-da0b45544521','86a434ee-075e-406a-9098-aea8d4ae86f0','6d7c2809-16b0-4200-99b7-ca3ce7ab72f7','f7b5f96a-0874-11f0-91a0-0242ac120011',_binary '\0'),(_binary '','cf1781cc-fd98-477f-8fb9-da0b45544521','88e830a7-f240-4d0f-b8f3-bd08cfb69607','110a66d2-e995-4219-8bae-7f67a62f2702','f7b5f96a-0874-11f0-91a0-0242ac120011',_binary '\0'),(_binary '','d1aca7d1-1754-4931-a600-e6d30953b632','139b821a-f5d0-49c8-9f26-da68e54d59a2','da74a26f-8184-4270-b594-cb1a11fdcb78','f7b5f8f8-0874-11f0-91a0-0242ac120002',_binary '\0'),(_binary '','d1aca7d1-1754-4931-a600-e6d30953b632','26b84f37-a0bb-4d11-8cc4-785e7707dfbb','80bc4a94-2ad4-44e8-bc20-8e76a44864e5','f7b5f8f8-0874-11f0-91a0-0242ac120002',_binary ''),(_binary '','d1aca7d1-1754-4931-a600-e6d30953b632','3d4c23db-a9f0-41d2-aa6e-5254b7f48277','3bff699d-9121-413b-8896-49b00f0952a3','f7b5f8f8-0874-11f0-91a0-0242ac120002',_binary '\0'),(_binary '','d1aca7d1-1754-4931-a600-e6d30953b632','7271fe01-d53f-498f-9d87-2042d6f524ab','6b81a458-f76b-45dc-8a8c-c06876ac9d1b','f7b5f8f8-0874-11f0-91a0-0242ac120002',_binary '\0'),(_binary '','d1aca7d1-1754-4931-a600-e6d30953b632','792e6f85-582a-4f65-a50d-e7c59cefb7b2','e56aedc9-6a5d-4a11-b77a-8f5dcc208469','f7b5f8f8-0874-11f0-91a0-0242ac120002',_binary '\0'),(_binary '','d1aca7d1-1754-4931-a600-e6d30953b632','86a434ee-075e-406a-9098-aea8d4ae86f0','03ef89f3-394a-4447-ab47-2768e03ea221','f7b5f8f8-0874-11f0-91a0-0242ac120002',_binary ''),(_binary '','d1aca7d1-1754-4931-a600-e6d30953b632','88e830a7-f240-4d0f-b8f3-bd08cfb69607','e46adbb0-d8c4-49e3-8903-975ab6d818f5','f7b5f8f8-0874-11f0-91a0-0242ac120002',_binary '\0'),(_binary '','d22a81b9-1297-4971-a5b1-2ea027e0fa8d','139b821a-f5d0-49c8-9f26-da68e54d59a2','da74a26f-8184-4270-b594-cb1a11fdcb78','f7b5f96a-0874-11f0-91a0-0242ac120011',_binary '\0'),(_binary '','d22a81b9-1297-4971-a5b1-2ea027e0fa8d','26b84f37-a0bb-4d11-8cc4-785e7707dfbb','80bc4a94-2ad4-44e8-bc20-8e76a44864e5','f7b5f96a-0874-11f0-91a0-0242ac120011',_binary '\0'),(_binary '','d22a81b9-1297-4971-a5b1-2ea027e0fa8d','3d4c23db-a9f0-41d2-aa6e-5254b7f48277','3bff699d-9121-413b-8896-49b00f0952a3','f7b5f96a-0874-11f0-91a0-0242ac120011',_binary '\0'),(_binary '','d22a81b9-1297-4971-a5b1-2ea027e0fa8d','7271fe01-d53f-498f-9d87-2042d6f524ab','6b81a458-f76b-45dc-8a8c-c06876ac9d1b','f7b5f96a-0874-11f0-91a0-0242ac120011',_binary '\0'),(_binary '','d22a81b9-1297-4971-a5b1-2ea027e0fa8d','792e6f85-582a-4f65-a50d-e7c59cefb7b2','e56aedc9-6a5d-4a11-b77a-8f5dcc208469','f7b5f96a-0874-11f0-91a0-0242ac120011',_binary '\0'),(_binary '\0','d22a81b9-1297-4971-a5b1-2ea027e0fa8d','86a434ee-075e-406a-9098-aea8d4ae86f0','03ef89f3-394a-4447-ab47-2768e03ea221','f7b5f96a-0874-11f0-91a0-0242ac120011',_binary '\0'),(_binary '','d22a81b9-1297-4971-a5b1-2ea027e0fa8d','88e830a7-f240-4d0f-b8f3-bd08cfb69607','110a66d2-e995-4219-8bae-7f67a62f2702','f7b5f96a-0874-11f0-91a0-0242ac120011',_binary '\0'),(_binary '','d48742db-1f1a-4bf1-aeef-1865a47b5d09','26b84f37-a0bb-4d11-8cc4-785e7707dfbb','89427d93-69a9-4187-baac-7a3105624b8b','f7b5f8f8-0874-11f0-91a0-0242ac120002',_binary ''),(_binary '\0','d48742db-1f1a-4bf1-aeef-1865a47b5d09','7271fe01-d53f-498f-9d87-2042d6f524ab',NULL,NULL,_binary ''),(_binary '','d48742db-1f1a-4bf1-aeef-1865a47b5d09','86a434ee-075e-406a-9098-aea8d4ae86f0','e18c1088-2d20-400c-81bf-6eaca20ede2e','f7b5f8f8-0874-11f0-91a0-0242ac120002',_binary ''),(_binary '','e8940cd9-c8f9-4bd8-97b6-be4f7b8536e7','26b84f37-a0bb-4d11-8cc4-785e7707dfbb','d909ec23-e3b8-473c-8b53-b0dd10e5cb4a','f7b5f8f8-0874-11f0-91a0-0242ac120002',_binary ''),(_binary '\0','e8940cd9-c8f9-4bd8-97b6-be4f7b8536e7','7271fe01-d53f-498f-9d87-2042d6f524ab',NULL,NULL,_binary ''),(_binary '','e8940cd9-c8f9-4bd8-97b6-be4f7b8536e7','86a434ee-075e-406a-9098-aea8d4ae86f0','6cc2afa7-7786-4f77-9e9b-e5e3d3abbda7','f7b5f8f8-0874-11f0-91a0-0242ac120002',_binary ''),(_binary '','e8ce7209-bec9-428a-9548-239de2754237','26b84f37-a0bb-4d11-8cc4-785e7707dfbb','a5bc1288-fe8b-41c1-8993-152dbe7cb3fa','f7b5f96a-0874-11f0-91a0-0242ac120011',_binary '\0'),(_binary '\0','e8ce7209-bec9-428a-9548-239de2754237','7271fe01-d53f-498f-9d87-2042d6f524ab',NULL,NULL,_binary ''),(_binary '\0','e8ce7209-bec9-428a-9548-239de2754237','86a434ee-075e-406a-9098-aea8d4ae86f0','a6154ca9-d3f9-4a18-a20a-e0da52601faa','f7b5f96a-0874-11f0-91a0-0242ac120011',_binary '\0'),(_binary '','e95ab128-0e4a-494b-bcd8-47bb5e0f6355','26b84f37-a0bb-4d11-8cc4-785e7707dfbb','89427d93-69a9-4187-baac-7a3105624b8b','f7b5f96a-0874-11f0-91a0-0242ac120011',_binary '\0'),(_binary '\0','e95ab128-0e4a-494b-bcd8-47bb5e0f6355','7271fe01-d53f-498f-9d87-2042d6f524ab',NULL,NULL,_binary ''),(_binary '\0','e95ab128-0e4a-494b-bcd8-47bb5e0f6355','86a434ee-075e-406a-9098-aea8d4ae86f0','e18c1088-2d20-400c-81bf-6eaca20ede2e','f7b5f96a-0874-11f0-91a0-0242ac120011',_binary '\0'),(_binary '','f3ee7d4d-d82b-45d8-8c46-6756b1b6ea88','139b821a-f5d0-49c8-9f26-da68e54d59a2','da74a26f-8184-4270-b594-cb1a11fdcb78','f7b5f96a-0874-11f0-91a0-0242ac120011',_binary '\0'),(_binary '','f3ee7d4d-d82b-45d8-8c46-6756b1b6ea88','26b84f37-a0bb-4d11-8cc4-785e7707dfbb','80bc4a94-2ad4-44e8-bc20-8e76a44864e5','f7b5f96a-0874-11f0-91a0-0242ac120011',_binary '\0'),(_binary '','f3ee7d4d-d82b-45d8-8c46-6756b1b6ea88','3d4c23db-a9f0-41d2-aa6e-5254b7f48277','3bff699d-9121-413b-8896-49b00f0952a3','f7b5f96a-0874-11f0-91a0-0242ac120011',_binary '\0'),(_binary '','f3ee7d4d-d82b-45d8-8c46-6756b1b6ea88','7271fe01-d53f-498f-9d87-2042d6f524ab','6b81a458-f76b-45dc-8a8c-c06876ac9d1b','f7b5f96a-0874-11f0-91a0-0242ac120011',_binary '\0'),(_binary '','f3ee7d4d-d82b-45d8-8c46-6756b1b6ea88','792e6f85-582a-4f65-a50d-e7c59cefb7b2','e56aedc9-6a5d-4a11-b77a-8f5dcc208469','f7b5f96a-0874-11f0-91a0-0242ac120011',_binary '\0'),(_binary '\0','f3ee7d4d-d82b-45d8-8c46-6756b1b6ea88','86a434ee-075e-406a-9098-aea8d4ae86f0','03ef89f3-394a-4447-ab47-2768e03ea221','f7b5f96a-0874-11f0-91a0-0242ac120011',_binary '\0'),(_binary '','f3ee7d4d-d82b-45d8-8c46-6756b1b6ea88','88e830a7-f240-4d0f-b8f3-bd08cfb69607','110a66d2-e995-4219-8bae-7f67a62f2702','f7b5f96a-0874-11f0-91a0-0242ac120011',_binary '\0');
/*!40000 ALTER TABLE `workspaces_users_projects` ENABLE KEYS */;
UNLOCK TABLES;
/*!40103 SET TIME_ZONE=@OLD_TIME_ZONE */;

/*!40101 SET SQL_MODE=@OLD_SQL_MODE */;
/*!40014 SET FOREIGN_KEY_CHECKS=@OLD_FOREIGN_KEY_CHECKS */;
/*!40014 SET UNIQUE_CHECKS=@OLD_UNIQUE_CHECKS */;
/*!40101 SET CHARACTER_SET_CLIENT=@OLD_CHARACTER_SET_CLIENT */;
/*!40101 SET CHARACTER_SET_RESULTS=@OLD_CHARACTER_SET_RESULTS */;
/*!40101 SET COLLATION_CONNECTION=@OLD_COLLATION_CONNECTION */;
/*!40111 SET SQL_NOTES=@OLD_SQL_NOTES */;

-- Dump completed on 2025-08-03 21:13:51
